Date,AB Global High Yield AA HKD Inc
5/6/14,117.13
5/7/14,117.38
5/8/14,117.51
5/9/14,117.51
5/10/14,117.51
5/11/14,117.51
5/12/14,117.59
5/13/14,117.67
5/14/14,117.75
5/15/14,117.68
5/16/14,117.68
5/17/14,117.68
5/18/14,117.68
5/19/14,117.68
5/20/14,117.68
5/21/14,117.68
5/22/14,117.7
5/23/14,117.77
5/24/14,117.77
5/25/14,117.77
5/26/14,117.77
5/27/14,117.77
5/28/14,117.93
5/29/14,117.93
5/30/14,117.38
5/31/14,117.38
6/1/14,117.38
6/2/14,117.31
6/3/14,117.22
6/4/14,117.22
6/5/14,117.37
6/6/14,117.68
6/7/14,117.68
6/8/14,117.68
6/9/14,117.68
6/10/14,117.83
6/11/14,117.75
6/12/14,117.74
6/13/14,117.83
6/14/14,117.83
6/15/14,117.83
6/16/14,117.74
6/17/14,117.66
6/18/14,117.81
6/19/14,117.96
6/20/14,118.13
6/21/14,118.13
6/22/14,118.13
6/23/14,118.13
6/24/14,118.13
6/25/14,118.13
6/26/14,118.14
6/27/14,118.21
6/28/14,118.21
6/29/14,118.21
6/30/14,117.43
7/1/14,117.44
7/2/14,117.33
7/3/14,117.41
7/4/14,117.41
7/5/14,117.41
7/6/14,117.41
7/7/14,117.49
7/8/14,117.57
7/9/14,117.57
7/10/14,117.41
7/11/14,117.49
7/12/14,117.49
7/13/14,117.49
7/14/14,117.49
7/15/14,117.34
7/16/14,117.34
7/17/14,117.11
7/18/14,117.12
7/19/14,117.12
7/20/14,117.12
7/21/14,117.05
7/22/14,117.12
7/23/14,117.27
7/24/14,117.34
7/25/14,117.26
7/26/14,117.26
7/27/14,117.26
7/28/14,117.18
7/29/14,117.02
7/30/14,116.87
7/31/14,115.63
8/1/14,115.24
8/2/14,115.24
8/3/14,115.24
8/4/14,115.32
8/5/14,115.32
8/6/14,115.17
8/7/14,115.26
8/8/14,115.26
8/9/14,115.26
8/10/14,115.26
8/11/14,115.57
8/12/14,115.72
8/13/14,115.95
8/14/14,116.26
8/15/14,116.26
8/16/14,116.26
8/17/14,116.26
8/18/14,116.49
8/19/14,116.57
8/20/14,116.57
8/21/14,116.56
8/22/14,116.56
8/23/14,116.56
8/24/14,116.56
8/25/14,116.56
8/26/14,116.72
8/27/14,116.8
8/28/14,116.79
8/29/14,116.09
8/30/14,116.09
8/31/14,116.09
9/1/14,116.09
9/2/14,115.94
9/3/14,115.94
9/4/14,115.79
9/5/14,115.71
9/6/14,115.71
9/7/14,115.71
9/8/14,115.47
9/9/14,115.33
9/10/14,115.1
9/11/14,115.01
9/12/14,114.94
9/13/14,114.94
9/14/14,114.94
9/15/14,114.79
9/16/14,114.71
9/17/14,114.71
9/18/14,114.79
9/19/14,114.95
9/20/14,114.95
9/21/14,114.95
9/22/14,114.79
9/23/14,114.65
9/24/14,114.5
9/25/14,114.22
9/26/14,113.89
9/27/14,113.89
9/28/14,113.89
9/29/14,113.65
9/30/14,113.05
10/1/14,113.11
10/2/14,113.09
10/3/14,113.31
10/4/14,113.31
10/5/14,113.31
10/6/14,113.46
10/7/14,113.37
10/8/14,113.33
10/9/14,113.16
10/10/14,112.71
10/11/14,112.71
10/12/14,112.71
10/13/14,112.79
10/14/14,112.55
10/15/14,112.01
10/16/14,111.96
10/17/14,112.63
10/18/14,112.63
10/19/14,112.63
10/20/14,112.72
10/21/14,113.15
10/22/14,113.33
10/23/14,113.41
10/24/14,113.48
10/25/14,113.48
10/26/14,113.48
10/27/14,113.49
10/28/14,113.57
10/29/14,113.52
10/30/14,113.53
10/31/14,112.83
11/1/14,112.83
11/2/14,112.83
11/3/14,112.81
11/4/14,112.64
11/5/14,112.55
11/6/14,112.49
11/7/14,112.57
11/8/14,112.57
11/9/14,112.57
11/10/14,112.53
11/11/14,112.52
11/12/14,112.53
11/13/14,112.44
11/14/14,112.36
11/15/14,112.36
11/16/14,112.36
11/17/14,112.13
11/18/14,112.05
11/19/14,111.9
11/20/14,111.77
11/21/14,112.18
11/22/14,112.18
11/23/14,112.18
11/24/14,112.22
11/25/14,112.28
11/26/14,112.44
11/27/14,112.44
11/28/14,111.51
11/29/14,111.51
11/30/14,111.51
12/1/14,110.97
12/2/14,110.74
12/3/14,110.71
12/4/14,110.69
12/5/14,110.53
12/6/14,110.53
12/7/14,110.53
12/8/14,110.22
12/9/14,109.77
12/10/14,109.44
12/11/14,109.14
12/12/14,108.67
12/13/14,108.67
12/14/14,108.67
12/15/14,108.07
12/16/14,107.55
12/17/14,108.11
12/18/14,108.97
12/19/14,109.39
12/20/14,109.39
12/21/14,109.39
12/22/14,109.58
12/23/14,109.6
12/24/14,109.76
12/25/14,109.76
12/26/14,109.76
12/27/14,109.76
12/28/14,109.76
12/29/14,109.78
12/30/14,109.83
12/31/14,109.11
1/1/15,109.11
1/2/15,109.13
1/3/15,109.13
1/4/15,109.13
1/5/15,108.8
1/6/15,108.56
1/7/15,108.8
1/8/15,109.1
1/9/15,109.24
1/10/15,109.24
1/11/15,109.24
1/12/15,109.16
1/13/15,109.16
1/14/15,108.94
1/15/15,109.0
1/16/15,108.89
1/17/15,108.89
1/18/15,108.89
1/19/15,108.89
1/20/15,108.84
1/21/15,108.82
1/22/15,109.01
1/23/15,109.14
1/24/15,109.14
1/25/15,109.14
1/26/15,109.22
1/27/15,109.22
1/28/15,109.38
1/29/15,109.3
1/30/15,108.61
1/31/15,108.61
2/1/15,108.61
2/2/15,108.61
2/3/15,108.95
2/4/15,108.92
2/5/15,109.06
2/6/15,109.24
2/7/15,109.24
2/8/15,109.24
2/9/15,109.24
2/10/15,109.17
2/11/15,109.11
2/12/15,109.25
2/13/15,109.44
2/14/15,109.44
2/15/15,109.44
2/16/15,109.44
2/17/15,109.48
2/18/15,109.63
2/19/15,109.54
2/20/15,109.64
2/21/15,109.64
2/22/15,109.64
2/23/15,109.67
2/24/15,110.0
2/25/15,110.07
2/26/15,110.13
2/27/15,109.57
2/28/15,109.57
3/1/15,109.57
3/2/15,109.5
3/3/15,109.5
3/4/15,109.34
3/5/15,109.42
3/6/15,109.13
3/7/15,109.13
3/8/15,109.13
3/9/15,109.1
3/10/15,108.81
3/11/15,109.05
3/12/15,109.08
3/13/15,108.79
3/14/15,108.79
3/15/15,108.79
3/16/15,108.55
3/17/15,108.36
3/18/15,108.39
3/19/15,108.55
3/20/15,108.74
3/21/15,108.74
3/22/15,108.74
3/23/15,108.89
3/24/15,108.97
3/25/15,108.96
3/26/15,108.86
3/27/15,108.87
3/28/15,108.87
3/29/15,108.87
3/30/15,108.95
3/31/15,108.45
4/1/15,108.46
4/2/15,108.61
4/3/15,108.61
4/4/15,108.61
4/5/15,108.61
4/6/15,108.61
4/7/15,108.92
4/8/15,109.04
4/9/15,109.12
4/10/15,109.28
4/11/15,109.28
4/12/15,109.28
4/13/15,109.28
4/14/15,109.31
4/15/15,109.44
4/16/15,109.47
4/17/15,109.38
4/18/15,109.38
4/19/15,109.38
4/20/15,109.43
4/21/15,109.43
4/22/15,109.43
4/23/15,109.51
4/24/15,109.66
4/25/15,109.66
4/26/15,109.66
4/27/15,109.74
4/28/15,109.66
4/29/15,109.52
4/30/15,108.81
5/1/15,108.81
5/2/15,108.81
5/3/15,108.81
5/4/15,108.84
5/5/15,108.83
5/6/15,108.68
5/7/15,108.64
5/8/15,108.94
5/9/15,108.94
5/10/15,108.94
5/11/15,108.84
5/12/15,108.6
5/13/15,108.75
5/14/15,108.75
5/15/15,108.89
5/16/15,108.89
5/17/15,108.89
5/18/15,108.82
5/19/15,108.75
5/20/15,108.68
5/21/15,108.86
5/22/15,108.83
5/23/15,108.83
5/24/15,108.83
5/25/15,108.83
5/26/15,108.76
5/27/15,108.92
5/28/15,108.85
5/29/15,108.24
5/30/15,108.24
5/31/15,108.24
6/1/15,108.19
6/2/15,108.11
6/3/15,108.0
6/4/15,107.82
6/5/15,107.59
6/6/15,107.59
6/7/15,107.59
6/8/15,107.44
6/9/15,107.3
6/10/15,107.21
6/11/15,107.29
6/12/15,107.3
6/13/15,107.3
6/14/15,107.3
6/15/15,107.07
6/16/15,106.98
6/17/15,107.05
6/18/15,107.14
6/19/15,107.28
6/20/15,107.28
6/21/15,107.28
6/22/15,107.35
6/23/15,107.35
6/24/15,107.36
6/25/15,107.28
6/26/15,107.13
6/27/15,107.13
6/28/15,107.13
6/29/15,106.75
6/30/15,106.03
7/1/15,106.13
7/2/15,106.27
7/3/15,106.27
7/4/15,106.27
7/5/15,106.27
7/6/15,105.98
7/7/15,105.93
7/8/15,105.74
7/9/15,105.73
7/10/15,105.89
7/11/15,105.89
7/12/15,105.89
7/13/15,105.96
7/14/15,105.96
7/15/15,106.03
7/16/15,106.04
7/17/15,106.02
7/18/15,106.02
7/19/15,106.02
7/20/15,105.87
7/21/15,105.8
7/22/15,105.48
7/23/15,105.26
7/24/15,105.12
7/25/15,105.12
7/26/15,105.12
7/27/15,104.79
7/28/15,104.87
7/29/15,105.11
7/30/15,105.3
7/31/15,104.66
8/1/15,104.66
8/2/15,104.66
8/3/15,104.59
8/4/15,104.51
8/5/15,104.41
8/6/15,104.17
8/7/15,104.02
8/8/15,104.02
8/9/15,104.02
8/10/15,103.96
8/11/15,103.85
8/12/15,103.55
8/13/15,103.52
8/14/15,103.62
8/15/15,103.62
8/16/15,103.62
8/17/15,103.52
8/18/15,103.44
8/19/15,103.35
8/20/15,103.03
8/21/15,102.79
8/22/15,102.79
8/23/15,102.79
8/24/15,102.08
8/25/15,102.31
8/26/15,102.34
8/27/15,102.69
8/28/15,102.92
8/29/15,102.92
8/30/15,102.92
8/31/15,102.14
9/1/15,101.99
9/2/15,101.91
9/3/15,102.07
9/4/15,101.99
9/5/15,101.99
9/6/15,101.99
9/7/15,101.99
9/8/15,102.07
9/9/15,102.24
9/10/15,102.15
9/11/15,102.14
9/12/15,102.14
9/13/15,102.14
9/14/15,102.07
9/15/15,101.99
9/16/15,101.91
9/17/15,101.99
9/18/15,101.91
9/19/15,101.91
9/20/15,101.91
9/21/15,101.84
9/22/15,101.37
9/23/15,101.29
9/24/15,100.84
9/25/15,100.76
9/26/15,100.76
9/27/15,100.76
9/28/15,100.13
9/29/15,99.75
9/30/15,99.13
10/1/15,99.04
10/2/15,98.89
10/3/15,98.89
10/4/15,98.89
10/5/15,99.35
10/6/15,99.59
10/7/15,100.06
10/8/15,100.13
10/9/15,100.52
10/10/15,100.52
10/11/15,100.52
10/12/15,100.6
10/13/15,100.44
10/14/15,100.36
10/15/15,100.44
10/16/15,100.67
10/17/15,100.67
10/18/15,100.67
10/19/15,100.75
10/20/15,100.83
10/21/15,100.84
10/22/15,100.83
10/23/15,101.06
10/24/15,101.06
10/25/15,101.06
10/26/15,101.06
10/27/15,100.98
10/28/15,100.98
10/29/15,100.98
10/30/15,100.29
10/31/15,100.29
11/1/15,100.29
11/2/15,100.44
11/3/15,100.61
11/4/15,100.6
11/5/15,100.45
11/6/15,100.14
11/7/15,100.14
11/8/15,100.14
11/9/15,99.85
11/10/15,99.69
11/11/15,99.67
11/12/15,99.35
11/13/15,99.14
11/14/15,99.14
11/15/15,99.14
11/16/15,99.05
11/17/15,99.21
11/18/15,99.2
11/19/15,99.05
11/20/15,98.97
11/21/15,98.97
11/22/15,98.97
11/23/15,98.97
11/24/15,98.74
11/25/15,98.82
11/26/15,98.82
11/27/15,98.83
11/28/15,98.83
11/29/15,98.83
11/30/15,98.18
12/1/15,98.21
12/2/15,98.19
12/3/15,97.89
12/4/15,97.73
12/5/15,97.73
12/6/15,97.73
12/7/15,97.42
12/8/15,96.95
12/9/15,96.95
12/10/15,96.8
12/11/15,95.95
12/12/15,95.95
12/13/15,95.95
12/14/15,95.02
12/15/15,95.48
12/16/15,95.63
12/17/15,95.66
12/18/15,95.36
12/19/15,95.36
12/20/15,95.36
12/21/15,95.27
12/22/15,95.34
12/23/15,95.64
12/24/15,95.72
12/25/15,95.72
12/26/15,95.72
12/27/15,95.72
12/28/15,95.71
12/29/15,95.86
12/30/15,95.89
12/31/15,95.25
1/1/16,95.25
1/2/16,95.25
1/3/16,95.25
1/4/16,94.95
1/5/16,95.18
1/6/16,95.2
1/7/16,94.94
1/8/16,95.12
1/9/16,95.12
1/10/16,95.12
1/11/16,94.85
1/12/16,94.7
1/13/16,94.38
1/14/16,94.18
1/15/16,93.53
1/16/16,93.53
1/17/16,93.53
1/18/16,93.53
1/19/16,93.75
1/20/16,92.94
1/21/16,93.08
1/22/16,93.67
1/23/16,93.67
1/24/16,93.67
1/25/16,93.62
1/26/16,93.68
1/27/16,93.8
1/28/16,93.95
1/29/16,93.44
1/30/16,93.44
1/31/16,93.44
2/1/16,93.24
2/2/16,93.09
2/3/16,92.88
2/4/16,92.86
2/5/16,92.62
2/6/16,92.62
2/7/16,92.62
2/8/16,91.74
2/9/16,91.22
2/10/16,91.33
2/11/16,90.46
2/12/16,90.77
2/13/16,90.77
2/14/16,90.77
2/15/16,90.77
2/16/16,91.17
2/17/16,91.73
2/18/16,91.97
2/19/16,91.8
2/20/16,91.8
2/21/16,91.8
2/22/16,92.05
2/23/16,92.05
2/24/16,91.84
2/25/16,92.72
2/26/16,92.68
2/27/16,92.68
2/28/16,92.68
2/29/16,92.32
3/1/16,92.88
3/2/16,93.38
3/3/16,93.68
3/4/16,94.24
3/5/16,94.24
3/6/16,94.24
3/7/16,94.49
3/8/16,94.45
3/9/16,94.44
3/10/16,94.74
3/11/16,95.51
3/12/16,95.51
3/13/16,95.51
3/14/16,95.68
3/15/16,95.39
3/16/16,95.44
3/17/16,96.11
3/18/16,96.56
3/19/16,96.56
3/20/16,96.56
3/21/16,96.68
3/22/16,96.6
3/23/16,96.55
3/24/16,96.21
3/25/16,96.21
3/26/16,96.21
3/27/16,96.21
3/28/16,96.21
3/29/16,96.59
3/30/16,96.46
3/31/16,96.03
4/1/16,96.07
4/2/16,96.07
4/3/16,96.07
4/4/16,96.14
4/5/16,96.04
4/6/16,96.19
4/7/16,96.17
4/8/16,96.29
4/9/16,96.29
4/10/16,96.29
4/11/16,96.4
4/12/16,96.64
4/13/16,97.19
4/14/16,97.43
4/15/16,97.49
4/16/16,97.49
4/17/16,97.49
4/18/16,97.49
4/19/16,97.94
4/20/16,98.34
4/21/16,98.45
4/22/16,98.35
4/23/16,98.35
4/24/16,98.35
4/25/16,98.29
4/26/16,98.34
4/27/16,99.13
4/28/16,98.99
4/29/16,98.37
4/30/16,98.37
5/1/16,98.37
5/2/16,98.29
5/3/16,97.9
5/4/16,97.58
5/5/16,97.58
5/6/16,97.25
5/7/16,97.25
5/8/16,97.25
5/9/16,97.36
5/10/16,97.57
5/11/16,97.79
5/12/16,97.85
5/13/16,97.75
5/14/16,97.75
5/15/16,97.75
5/16/16,97.75
5/17/16,97.9
5/18/16,97.62
5/19/16,97.33
5/20/16,97.58
5/21/16,97.58
5/22/16,97.58
5/23/16,97.65
5/24/16,97.89
5/25/16,98.09
5/26/16,98.8
5/27/16,98.26
5/28/16,98.26
5/29/16,98.26
5/30/16,98.26
5/31/16,97.62
6/1/16,97.53
6/2/16,97.61
6/3/16,97.89
6/4/16,97.89
6/5/16,97.89
6/6/16,98.26
6/7/16,98.55
6/8/16,98.65
6/9/16,98.88
6/10/16,98.28
6/11/16,98.28
6/12/16,98.28
6/13/16,98.28
6/14/16,97.79
6/15/16,97.94
6/16/16,97.61
6/17/16,97.95
6/18/16,97.95
6/19/16,97.95
6/20/16,98.49
6/21/16,98.56
6/22/16,98.69
6/23/16,98.69
6/24/16,98.11
6/25/16,98.11
6/26/16,98.11
6/27/16,97.57
6/28/16,97.93
6/29/16,98.62
6/30/16,98.17
7/1/16,98.6
7/2/16,98.6
7/3/16,98.6
7/4/16,98.6
7/5/16,98.54
7/6/16,98.46
7/7/16,98.77
7/8/16,99.31
7/9/16,99.31
7/10/16,99.31
7/11/16,99.85
7/12/16,100.39
7/13/16,100.37
7/14/16,100.57
7/15/16,100.58
7/16/16,100.58
7/17/16,100.58
7/18/16,100.66
7/19/16,101.22
7/20/16,100.75
7/21/16,100.83
7/22/16,101.4
7/23/16,101.4
7/24/16,101.4
7/25/16,100.69
7/26/16,100.85
7/27/16,101.0
7/28/16,101.07
7/29/16,99.93
7/30/16,99.93
7/31/16,99.93
8/1/16,99.89
8/2/16,99.64
8/3/16,99.63
8/4/16,99.98
8/5/16,100.2
8/6/16,100.2
8/7/16,100.2
8/8/16,100.38
8/9/16,100.61
8/10/16,100.76
8/11/16,100.68
8/12/16,100.84
8/13/16,100.84
8/14/16,100.84
8/15/16,100.84
8/16/16,101.51
8/17/16,100.97
8/18/16,101.03
8/19/16,101.11
8/20/16,101.11
8/21/16,101.11
8/22/16,101.11
8/23/16,101.11
8/24/16,101.11
8/25/16,101.67
8/26/16,101.7
8/27/16,101.7
8/28/16,101.7
8/29/16,101.76
8/30/16,101.78
8/31/16,100.44
9/1/16,100.38
9/2/16,100.58
9/3/16,100.58
9/4/16,100.58
9/5/16,100.58
9/6/16,100.9
9/7/16,100.98
9/8/16,101.0
9/9/16,100.53
9/10/16,100.53
9/11/16,100.53
9/12/16,100.45
9/13/16,100.09
9/14/16,99.92
9/15/16,100.01
9/16/16,99.93
9/17/16,99.93
9/18/16,99.93
9/19/16,100.08
9/20/16,100.15
9/21/16,100.35
9/22/16,101.38
9/23/16,100.91
9/24/16,100.91
9/25/16,100.91
9/26/16,101.22
9/27/16,100.82
9/28/16,100.88
9/29/16,101.53
9/30/16,100.45
10/1/16,100.45
10/2/16,100.45
10/3/16,100.5
10/4/16,100.52
10/5/16,100.68
10/6/16,100.76
10/7/16,100.78
10/8/16,100.78
10/9/16,100.78
10/10/16,100.86
10/11/16,100.85
10/12/16,100.78
10/13/16,100.78
10/14/16,100.86
10/15/16,100.86
10/16/16,100.86
10/17/16,100.79
10/18/16,101.03
10/19/16,101.31
10/20/16,101.41
10/21/16,101.47
10/22/16,101.47
10/23/16,101.47
10/24/16,101.55
10/25/16,102.16
10/26/16,101.85
10/27/16,100.98
10/28/16,101.36
10/29/16,101.36
10/30/16,101.36
10/31/16,99.96
11/1/16,99.96
11/2/16,99.34
11/3/16,99.42
11/4/16,99.36
11/5/16,99.36
11/6/16,99.36
11/7/16,99.65
11/8/16,99.81
11/9/16,99.12
11/10/16,98.82
11/11/16,98.68
11/12/16,98.68
11/13/16,98.68
11/14/16,97.82
11/15/16,98.28
11/16/16,98.43
11/17/16,98.44
11/18/16,98.2
11/19/16,98.2
11/20/16,98.2
11/21/16,98.49
11/22/16,98.64
11/23/16,98.58
11/24/16,98.58
11/25/16,99.11
11/26/16,99.11
11/27/16,99.11
11/28/16,99.29
11/29/16,99.29
11/30/16,98.28
12/1/16,98.03
12/2/16,98.26
12/3/16,98.26
12/4/16,98.26
12/5/16,98.56
12/6/16,98.88
12/7/16,99.35
12/8/16,99.43
12/9/16,99.47
12/10/16,99.47
12/11/16,99.47
12/12/16,99.68
12/13/16,99.74
12/14/16,99.67
12/15/16,99.41
12/16/16,99.47
12/17/16,99.47
12/18/16,99.47
12/19/16,99.64
12/20/16,99.7
12/21/16,99.88
12/22/16,99.97
12/23/16,100.08
12/24/16,100.08
12/25/16,100.08
12/26/16,100.08
12/27/16,100.63
12/28/16,100.16
12/29/16,100.74
12/30/16,99.55
12/31/16,99.55
1/1/17,99.55
1/2/17,99.55
1/3/17,99.82
1/4/17,100.03
1/5/17,100.41
1/6/17,100.51
1/7/17,100.51
1/8/17,100.51
1/9/17,100.52
1/10/17,100.57
1/11/17,100.49
1/12/17,100.8
1/13/17,100.89
1/14/17,100.89
1/15/17,100.89
1/16/17,100.89
1/17/17,101.6
1/18/17,100.9
1/19/17,100.91
1/20/17,101.0
1/21/17,101.0
1/22/17,101.0
1/23/17,101.6
1/24/17,101.7
1/25/17,101.85
1/26/17,101.86
1/27/17,101.57
1/28/17,101.57
1/29/17,101.57
1/30/17,101.47
1/31/17,100.79
2/1/17,100.86
2/2/17,101.57
2/3/17,101.16
2/4/17,101.16
2/5/17,101.16
2/6/17,101.32
2/7/17,101.33
2/8/17,101.26
2/9/17,101.32
2/10/17,102.02
2/11/17,102.02
2/12/17,102.02
2/13/17,101.57
2/14/17,102.12
2/15/17,101.64
2/16/17,101.57
2/17/17,101.52
2/18/17,101.52
2/19/17,101.52
2/20/17,101.52
2/21/17,102.22
2/22/17,102.36
2/23/17,102.59
2/24/17,102.68
2/25/17,102.68
2/26/17,102.68
2/27/17,102.14
2/28/17,101.53
3/1/17,101.61
3/2/17,101.45
3/3/17,101.61
3/4/17,101.61
3/5/17,101.61
3/6/17,101.48
3/7/17,101.33
3/8/17,100.88
3/9/17,100.47
3/10/17,100.71
3/11/17,100.71
3/12/17,100.71
3/13/17,100.55
3/14/17,100.27
3/15/17,100.73
3/16/17,101.56
3/17/17,101.14
3/18/17,101.14
3/19/17,101.14
3/20/17,101.73
3/21/17,101.19
3/22/17,101.03
3/23/17,101.13
3/24/17,101.82
3/25/17,101.82
3/26/17,101.82
3/27/17,101.75
3/28/17,101.77
3/29/17,102.08
3/30/17,102.33
3/31/17,101.11
4/1/17,101.11
4/2/17,101.11
4/3/17,101.18
4/4/17,101.17
4/5/17,101.3
4/6/17,101.17
4/7/17,101.22
4/8/17,101.22
4/9/17,101.22
4/10/17,101.33
4/11/17,101.4
4/12/17,101.42
4/13/17,101.61
4/14/17,101.61
4/15/17,101.61
4/16/17,101.61
4/17/17,101.61
4/18/17,101.7
4/19/17,101.68
4/20/17,101.77
4/21/17,101.87
4/22/17,101.87
4/23/17,101.87
4/24/17,102.15
4/25/17,102.69
4/26/17,102.7
4/27/17,102.8
4/28/17,101.74
4/29/17,101.74
4/30/17,101.74
5/1/17,101.74
5/2/17,101.93
5/3/17,101.94
5/4/17,101.72
5/5/17,101.73
5/6/17,101.73
5/7/17,101.73
5/8/17,101.67
5/9/17,101.66
5/10/17,101.77
5/11/17,101.96
5/12/17,102.18
5/13/17,102.18
5/14/17,102.18
5/15/17,102.23
5/16/17,102.42
5/17/17,102.21
5/18/17,101.39
5/19/17,101.56
5/20/17,101.56
5/21/17,101.56
5/22/17,101.75
5/23/17,101.87
5/24/17,102.65
5/25/17,102.65
5/26/17,102.86
5/27/17,102.86
5/28/17,102.86
5/29/17,102.86
5/30/17,102.4
5/31/17,101.76
6/1/17,101.84
6/2/17,101.97
6/3/17,101.97
6/4/17,101.97
6/5/17,101.97
6/6/17,102.1
6/7/17,101.95
6/8/17,101.91
6/9/17,101.91
6/10/17,101.91
6/11/17,101.91
6/12/17,101.94
6/13/17,101.99
6/14/17,102.16
6/15/17,102.05
6/16/17,102.03
6/17/17,102.03
6/18/17,102.03
6/19/17,101.95
6/20/17,101.72
6/21/17,101.57
6/22/17,101.62
6/23/17,101.62
6/24/17,101.62
6/25/17,101.62
6/26/17,102.32
6/27/17,101.88
6/28/17,101.83
6/29/17,101.87
6/30/17,101.19
7/1/17,101.19
7/2/17,101.19
7/3/17,101.16
7/4/17,101.16
7/5/17,101.04
7/6/17,100.92
7/7/17,100.86
7/8/17,100.86
7/9/17,100.86
7/10/17,100.94
7/11/17,101.02
7/12/17,101.29
7/13/17,101.46
7/14/17,101.63
7/15/17,101.63
7/16/17,101.63
7/17/17,101.79
7/18/17,101.94
7/19/17,102.06
7/20/17,102.17
7/21/17,102.22
7/22/17,102.22
7/23/17,102.22
7/24/17,102.12
7/25/17,102.06
7/26/17,102.68
7/27/17,102.22
7/28/17,102.3
7/29/17,102.3
7/30/17,102.3
7/31/17,101.7
8/1/17,101.74
8/2/17,101.85
8/3/17,101.86
8/4/17,101.89
8/5/17,101.89
8/6/17,101.89
8/7/17,101.89
8/8/17,101.79
8/9/17,101.44
8/10/17,101.16
8/11/17,101.18
8/12/17,101.18
8/13/17,101.18
8/14/17,101.44
8/15/17,101.44
8/16/17,101.6
8/17/17,101.48
8/18/17,101.48
8/19/17,101.48
8/20/17,101.48
8/21/17,101.57
8/22/17,101.51
8/23/17,102.03
8/24/17,101.62
8/25/17,101.73
8/26/17,101.73
8/27/17,101.73
8/28/17,101.87
8/29/17,101.8
8/30/17,101.88
8/31/17,101.35
9/1/17,101.48
9/2/17,101.48
9/3/17,101.48
9/4/17,101.48
9/5/17,101.58
9/6/17,101.65
9/7/17,101.59
9/8/17,101.57
9/9/17,101.57
9/10/17,101.57
9/11/17,101.62
9/12/17,101.64
9/13/17,101.56
9/14/17,101.65
9/15/17,101.81
9/16/17,101.81
9/17/17,101.81
9/18/17,101.7
9/19/17,101.46
9/20/17,101.42
9/21/17,101.46
9/22/17,101.61
9/23/17,101.61
9/24/17,101.61
9/25/17,101.67
9/26/17,102.12
9/27/17,101.46
9/28/17,101.49
9/29/17,100.92
9/30/17,100.92
10/1/17,100.92
10/2/17,100.93
10/3/17,101.0
10/4/17,101.04
10/5/17,101.04
10/6/17,100.93
10/7/17,100.93
10/8/17,100.93
10/9/17,100.86
10/10/17,100.83
10/11/17,100.95
10/12/17,100.96
10/13/17,101.11
10/14/17,101.11
10/15/17,101.11
10/16/17,101.03
10/17/17,101.12
10/18/17,101.12
10/19/17,101.04
10/20/17,101.04
10/21/17,101.04
10/22/17,101.04
10/23/17,100.95
10/24/17,100.92
10/25/17,100.68
10/26/17,100.44
10/27/17,100.6
10/28/17,100.6
10/29/17,100.6
10/30/17,100.61
10/31/17,100.1
11/1/17,100.1
11/2/17,100.16
11/3/17,99.86
11/4/17,99.86
11/5/17,99.86
11/6/17,100.01
11/7/17,99.89
11/8/17,99.65
11/9/17,99.45
11/10/17,99.39
11/11/17,99.39
11/12/17,99.39
11/13/17,99.08
11/14/17,99.08
11/15/17,98.97
11/16/17,99.42
11/17/17,99.6
11/18/17,99.6
11/19/17,99.6
11/20/17,99.59
11/21/17,99.75
11/22/17,99.97
11/23/17,99.97
11/24/17,100.02
11/25/17,100.02
11/26/17,100.02
11/27/17,100.49
11/28/17,100.13
11/29/17,100.02
11/30/17,99.36
12/1/17,99.52
12/2/17,99.52
12/3/17,99.52
12/4/17,99.67
12/5/17,99.5
12/6/17,99.59
12/7/17,99.45
12/8/17,99.51
12/9/17,99.51
12/10/17,99.51
12/11/17,99.61
12/12/17,99.37
12/13/17,99.73
12/14/17,99.62
12/15/17,99.73
12/16/17,99.73
12/17/17,99.73
12/18/17,99.87
12/19/17,99.8
12/20/17,99.88
12/21/17,99.84
12/22/17,99.82
12/23/17,99.82
12/24/17,99.82
12/25/17,99.82
12/26/17,99.82
12/27/17,99.81
12/28/17,99.88
12/29/17,99.31
12/30/17,99.31
12/31/17,99.31
1/1/18,99.31
1/2/18,99.65
1/3/18,99.87
1/4/18,100.13
1/5/18,100.23
1/6/18,100.23
1/7/18,100.23
1/8/18,100.18
1/9/18,100.25
1/10/18,100.25
1/11/18,100.45
1/12/18,100.59
1/13/18,100.59
1/14/18,100.59
1/15/18,100.59
1/16/18,100.67
1/17/18,100.53
1/18/18,100.44
1/19/18,100.36
1/20/18,100.36
1/21/18,100.36
1/22/18,100.47
1/23/18,100.45
1/24/18,100.69
1/25/18,100.85
1/26/18,100.92
1/27/18,100.92
1/28/18,100.92
1/29/18,100.68
1/30/18,100.49
1/31/18,99.96
2/1/18,99.92
2/2/18,99.56
2/3/18,99.56
2/4/18,99.56
2/5/18,99.23
2/6/18,98.74
2/7/18,98.81
2/8/18,98.44
2/9/18,97.88
2/10/18,97.88
2/11/18,97.88
2/12/18,98.28
2/13/18,98.14
2/14/18,98.25
2/15/18,98.45
2/16/18,98.79
2/17/18,98.79
2/18/18,98.79
2/19/18,98.79
2/20/18,98.75
2/21/18,98.67
2/22/18,98.58
2/23/18,98.64
2/24/18,98.64
2/25/18,98.64
2/26/18,98.95
2/27/18,98.94
2/28/18,98.19
3/1/18,98.07
3/2/18,98.04
3/3/18,98.04
3/4/18,98.04
3/5/18,98.12
3/6/18,98.3
3/7/18,98.15
3/8/18,98.23
3/9/18,98.27
3/10/18,98.27
3/11/18,98.27
3/12/18,98.38
3/13/18,98.3
3/14/18,98.3
3/15/18,98.17
3/16/18,98.27
3/17/18,98.27
3/18/18,98.27
3/19/18,98.02
3/20/18,97.97
3/21/18,98.04
3/22/18,98.01
3/23/18,97.91
3/24/18,97.91
3/25/18,97.91
3/26/18,97.99
3/27/18,98.13
3/28/18,98.02
3/29/18,97.63
3/30/18,97.63
3/31/18,97.63
4/1/18,97.63
4/2/18,97.63
4/3/18,97.47
4/4/18,97.47
4/5/18,97.63
4/6/18,97.71
4/7/18,97.71
4/8/18,97.71
4/9/18,97.64
4/10/18,97.72
4/11/18,97.79
4/12/18,97.88
4/13/18,98.04
4/14/18,98.04
4/15/18,98.04
4/16/18,98.04
4/17/18,98.12
4/18/18,98.18
4/19/18,97.94
4/20/18,97.73
4/21/18,97.73
4/22/18,97.73
4/23/18,97.47
4/24/18,97.37
4/25/18,97.14
4/26/18,97.2
4/27/18,97.31
4/28/18,97.31
4/29/18,97.31
4/30/18,96.68
5/1/18,96.68
5/2/18,96.38
5/3/18,96.15
5/4/18,96.15
5/5/18,96.15
5/6/18,96.15
5/7/18,96.23
5/8/18,95.99
5/9/18,95.91
5/10/18,95.91
5/11/18,96.07
5/12/18,96.07
5/13/18,96.07
5/14/18,96.15
5/15/18,95.92
5/16/18,95.82
5/17/18,95.84
5/18/18,95.77
5/19/18,95.77
5/20/18,95.77
5/21/18,95.77
5/22/18,95.76
5/23/18,95.74
5/24/18,95.81
5/25/18,95.71
5/26/18,95.71
5/27/18,95.71
5/28/18,95.71
5/29/18,95.55
5/30/18,95.48
5/31/18,94.83
6/1/18,94.85
6/2/18,94.85
6/3/18,94.85
6/4/18,94.92
6/5/18,94.95
6/6/18,94.86
6/7/18,94.62
6/8/18,94.77
6/9/18,94.77
6/10/18,94.77
6/11/18,94.77
6/12/18,94.86
6/13/18,94.78
6/14/18,94.96
6/15/18,94.97
6/16/18,94.97
6/17/18,94.97
6/18/18,94.81
6/19/18,94.64
6/20/18,94.77
6/21/18,94.69
6/22/18,94.87
6/23/18,94.87
6/24/18,94.87
6/25/18,94.7
6/26/18,94.74
6/27/18,94.57
6/28/18,94.41
6/29/18,93.77
6/30/18,93.77
7/1/18,93.77
7/2/18,93.66
7/3/18,93.9
7/4/18,93.9
7/5/18,94.08
7/6/18,94.25
7/7/18,94.25
7/8/18,94.25
7/9/18,94.41
7/10/18,94.57
7/11/18,94.57
7/12/18,94.65
7/13/18,94.81
7/14/18,94.81
7/15/18,94.81
7/16/18,94.73
7/17/18,94.73
7/18/18,94.64
7/19/18,94.66
7/20/18,94.59
7/21/18,94.59
7/22/18,94.59
7/23/18,94.57
7/24/18,94.64
7/25/18,94.7
7/26/18,94.88
7/27/18,94.95
7/28/18,94.95
7/29/18,94.95
7/30/18,94.97
7/31/18,94.35
8/1/18,94.17
8/2/18,94.19
8/3/18,94.34
8/4/18,94.34
8/5/18,94.34
8/6/18,94.43
8/7/18,94.43
8/8/18,94.33
8/9/18,94.27
8/10/18,94.12
8/11/18,94.12
8/12/18,94.12
8/13/18,93.41
8/14/18,93.8
8/15/18,93.8
8/16/18,93.65
8/17/18,93.64
8/18/18,93.64
8/19/18,93.64
8/20/18,93.72
8/21/18,93.88
8/22/18,93.95
8/23/18,93.96
8/24/18,93.96
8/25/18,93.96
8/26/18,93.96
8/27/18,94.12
8/28/18,94.04
8/29/18,93.79
8/30/18,93.56
8/31/18,92.86
9/1/18,92.86
9/2/18,92.86
9/3/18,92.86
9/4/18,92.63
9/5/18,92.53
9/6/18,92.7
9/7/18,92.63
9/8/18,92.63
9/9/18,92.63
9/10/18,92.62
9/11/18,92.54
9/12/18,92.69
9/13/18,92.85
9/14/18,92.91
9/15/18,92.91
9/16/18,92.91
9/17/18,92.81
9/18/18,92.79
9/19/18,92.82
9/20/18,93.02
9/21/18,92.69
9/22/18,92.69
9/23/18,92.69
9/24/18,92.7
9/25/18,92.62
9/26/18,92.84
9/27/18,93.02
9/28/18,92.53
9/29/18,92.53
9/30/18,92.53
10/1/18,92.59
10/2/18,92.67
10/3/18,92.7
10/4/18,92.21
10/5/18,92.17
10/6/18,92.17
10/7/18,92.17
10/8/18,92.16
10/9/18,92.04
10/10/18,91.77
10/11/18,91.67
10/12/18,91.87
10/13/18,91.87
10/14/18,91.87
10/15/18,91.67
10/16/18,91.99
10/17/18,92.02
10/18/18,91.86
10/19/18,91.82
10/20/18,91.82
10/21/18,91.82
10/22/18,91.79
10/23/18,91.56
10/24/18,91.49
10/25/18,91.34
10/26/18,91.27
10/27/18,91.27
10/28/18,91.27
10/29/18,91.22
10/30/18,90.99
10/31/18,90.34
11/1/18,90.34
11/2/18,90.2
11/3/18,90.2
11/4/18,90.2
11/5/18,90.46
11/6/18,90.51
11/7/18,90.67
11/8/18,90.56
11/9/18,90.47
11/10/18,90.47
11/11/18,90.47
11/12/18,90.49
11/13/18,90.06
11/14/18,89.89
11/15/18,89.59
11/16/18,89.56
11/17/18,89.56
11/18/18,89.56
11/19/18,89.42
11/20/18,88.94
11/21/18,89.21
11/22/18,89.21
11/23/18,89.06
11/24/18,89.06
11/25/18,89.06
11/26/18,89.04
11/27/18,88.87
11/28/18,89.0
11/29/18,89.17
11/30/18,88.42
12/1/18,88.42
12/2/18,88.42
12/3/18,88.63
12/4/18,88.3
12/5/18,88.3
12/6/18,87.84
12/7/18,88.09
12/8/18,88.09
12/9/18,88.09
12/10/18,87.52
12/11/18,87.79
12/12/18,87.93
12/13/18,88.06
12/14/18,87.95
12/15/18,87.95
12/16/18,87.95
12/17/18,87.76
12/18/18,87.66
12/19/18,87.65
12/20/18,87.06
12/21/18,86.89
12/22/18,86.89
12/23/18,86.89
12/24/18,86.71
12/25/18,86.71
12/26/18,86.71
12/27/18,86.74
12/28/18,86.99
12/29/18,86.99
12/30/18,86.99
12/31/18,86.46
1/1/19,86.46
1/2/19,86.48
1/3/19,86.56
1/4/19,87.29
1/5/19,87.29
1/6/19,87.29
1/7/19,87.68
1/8/19,88.03
1/9/19,88.41
1/10/19,88.5
1/11/19,88.58
1/12/19,88.58
1/13/19,88.58
1/14/19,88.55
1/15/19,88.64
1/16/19,88.95
1/17/19,89.02
1/18/19,89.26
1/19/19,89.26
1/20/19,89.26
1/21/19,89.26
1/22/19,89.14
1/23/19,89.21
1/24/19,89.3
1/25/19,89.51
1/26/19,89.51
1/27/19,89.51
1/28/19,89.45
1/29/19,89.52
1/30/19,89.72
1/31/19,89.78
2/1/19,89.69
2/2/19,89.69
2/3/19,89.69
2/4/19,89.61
2/5/19,89.82
2/6/19,89.9
2/7/19,89.7
2/8/19,89.62
2/9/19,89.62
2/10/19,89.62
2/11/19,89.55
2/12/19,89.71
2/13/19,89.71
2/14/19,89.7
2/15/19,89.94
2/16/19,89.94
2/17/19,89.94
2/18/19,89.94
2/19/19,90.02
2/20/19,90.03
2/21/19,90.01
2/22/19,90.18
2/23/19,90.18
2/24/19,90.18
2/25/19,90.35
2/26/19,90.51
2/27/19,90.59
2/28/19,89.88
3/1/19,89.87
3/2/19,89.87
3/3/19,89.87
3/4/19,89.88
3/5/19,89.8
3/6/19,89.87
3/7/19,89.65
3/8/19,89.49
3/9/19,89.49
3/10/19,89.49
3/11/19,89.57
3/12/19,89.8
3/13/19,89.88
3/14/19,90.11
3/15/19,90.11
3/16/19,90.11
3/17/19,90.11
3/18/19,90.12
3/19/19,90.2
3/20/19,90.27
3/21/19,90.33
3/22/19,90.49
3/23/19,90.49
3/24/19,90.49
3/25/19,90.09
3/26/19,90.41
3/27/19,90.18
3/28/19,90.12
3/29/19,89.64
3/30/19,89.64
3/31/19,89.64
4/1/19,89.8
4/2/19,89.88
4/3/19,89.96
4/4/19,89.95
4/5/19,90.19
4/6/19,90.19
4/7/19,90.19
4/8/19,90.09
4/9/19,90.18
4/10/19,90.21
4/11/19,90.37
4/12/19,90.36
4/13/19,90.36
4/14/19,90.36
4/15/19,90.4
4/16/19,90.44
4/17/19,90.54
4/18/19,90.63
4/19/19,90.63
4/20/19,90.63
4/21/19,90.63
4/22/19,90.63
4/23/19,90.65
4/24/19,90.67
4/25/19,90.37
4/26/19,90.67
4/27/19,90.67
4/28/19,90.67
4/29/19,90.67
4/30/19,90.14
5/1/19,90.14
5/2/19,90.07
5/3/19,90.21
5/4/19,90.21
5/5/19,90.21
5/6/19,90.16
5/7/19,90.11
5/8/19,90.03
5/9/19,90.03
5/10/19,89.87
5/11/19,89.87
5/12/19,89.87
5/13/19,89.63
5/14/19,89.96
5/15/19,89.72
5/16/19,89.88
5/17/19,89.88
5/18/19,89.88
5/19/19,89.88
5/20/19,89.8
5/21/19,89.88
5/22/19,89.87
5/23/19,89.71
5/24/19,89.79
5/25/19,89.79
5/26/19,89.79
5/27/19,89.79
5/28/19,89.8
5/29/19,89.64
5/30/19,89.64
5/31/19,88.82
6/1/19,88.82
6/2/19,88.82
6/3/19,88.71
6/4/19,89.0
6/5/19,89.16
6/6/19,89.23
6/7/19,89.48
6/8/19,89.48
6/9/19,89.48
6/10/19,89.48
6/11/19,89.74
6/12/19,89.6
6/13/19,89.72
6/14/19,89.71
6/15/19,89.71
6/16/19,89.71
6/17/19,89.71
6/18/19,89.99
6/19/19,90.15
6/20/19,90.51
6/21/19,90.49
6/22/19,90.49
6/23/19,90.49
6/24/19,90.47
6/25/19,90.33
6/26/19,90.17
6/27/19,90.43
6/28/19,89.85
6/29/19,89.85
6/30/19,89.85
7/1/19,90.07
7/2/19,89.92
7/3/19,90.08
7/4/19,90.08
7/5/19,90.06
7/6/19,90.06
7/7/19,90.06
7/8/19,89.94
7/9/19,90.07
7/10/19,90.14
7/11/19,90.2
7/12/19,90.31
7/13/19,90.31
7/14/19,90.31
7/15/19,90.4
7/16/19,90.23
7/17/19,90.2
7/18/19,90.21
7/19/19,90.35
7/20/19,90.35
7/21/19,90.35
7/22/19,90.45
7/23/19,90.38
7/24/19,90.58
7/25/19,90.76
7/26/19,90.63
7/27/19,90.63
7/28/19,90.63
7/29/19,90.65
7/30/19,90.61
7/31/19,90.11
8/1/19,90.02
8/2/19,89.73
8/3/19,89.73
8/4/19,89.73
8/5/19,89.43
8/6/19,89.46
8/7/19,89.46
8/8/19,89.8
8/9/19,89.8
8/10/19,89.8
8/11/19,89.8
8/12/19,89.53
8/13/19,89.46
8/14/19,89.22
8/15/19,89.22
8/16/19,89.43
8/17/19,89.43
8/18/19,89.43
8/19/19,89.52
8/20/19,89.58
8/21/19,89.74
8/22/19,89.79
8/23/19,89.89
8/24/19,89.89
8/25/19,89.89
8/26/19,89.83
8/27/19,89.94
8/28/19,89.93
8/29/19,90.0
8/30/19,89.39
8/31/19,89.39
9/1/19,89.39
9/2/19,89.39
9/3/19,89.43
9/4/19,89.67
9/5/19,89.75
9/6/19,89.93
9/7/19,89.93
9/8/19,89.93
9/9/19,89.93
9/10/19,89.85
9/11/19,89.82
9/12/19,89.91
9/13/19,89.63
9/14/19,89.63
9/15/19,89.63
9/16/19,89.74
9/17/19,89.82
9/18/19,89.97
9/19/19,90.2
9/20/19,90.37
9/21/19,90.37
9/22/19,90.37
9/23/19,90.16
9/24/19,90.25
9/25/19,89.92
9/26/19,90.0
9/27/19,90.02
9/28/19,90.02
9/29/19,90.02
9/30/19,89.27
10/1/19,89.24
10/2/19,89.04
10/3/19,88.99
10/4/19,89.21
10/5/19,89.21
10/6/19,89.21
10/7/19,89.26
10/8/19,89.11
10/9/19,89.12
10/10/19,89.1
10/11/19,89.27
10/12/19,89.27
10/13/19,89.27
10/14/19,89.36
10/15/19,89.44
10/16/19,89.52
10/17/19,89.58
10/18/19,89.65
10/19/19,89.65
10/20/19,89.65
10/21/19,89.56
10/22/19,89.65
10/23/19,89.72
10/24/19,89.74
10/25/19,89.83
10/26/19,89.83
10/27/19,89.83
10/28/19,89.77
10/29/19,89.85
10/30/19,89.69
10/31/19,89.2
11/1/19,89.2
11/2/19,89.2
11/3/19,89.2
11/4/19,89.44
11/5/19,89.3
11/6/19,89.15
11/7/19,89.11
11/8/19,89.05
11/9/19,89.05
11/10/19,89.05
11/11/19,89.04
11/12/19,89.11
11/13/19,89.0
11/14/19,89.11
11/15/19,89.14
11/16/19,89.14
11/17/19,89.14
11/18/19,89.14
11/19/19,89.1
11/20/19,88.99
11/21/19,88.84
11/22/19,88.97
11/23/19,88.97
11/24/19,88.97
11/25/19,89.15
11/26/19,89.26
11/27/19,89.34
11/28/19,89.34
11/29/19,88.7
11/30/19,88.7
12/1/19,88.7
12/2/19,88.53
12/3/19,88.63
12/4/19,88.71
12/5/19,88.77
12/6/19,89.02
12/7/19,89.02
12/8/19,89.02
12/9/19,89.07
12/10/19,89.08
12/11/19,89.01
12/12/19,89.17
12/13/19,89.38
12/14/19,89.38
12/15/19,89.38
12/16/19,89.38
12/17/19,89.45
12/18/19,89.65
12/19/19,89.71
12/20/19,89.88
12/21/19,89.88
12/22/19,89.88
12/23/19,89.76
12/24/19,89.84
12/25/19,89.84
12/26/19,89.84
12/27/19,90.17
12/28/19,90.17
12/29/19,90.17
12/30/19,90.1
12/31/19,89.5
1/1/20,89.5
1/2/20,89.65
1/3/20,89.61
1/4/20,89.61
1/5/20,89.61
1/6/20,89.5
1/7/20,89.61
1/8/20,89.56
1/9/20,89.63
1/10/20,89.7
1/11/20,89.7
1/12/20,89.7
1/13/20,89.74
1/14/20,89.91
1/15/20,89.93
1/16/20,90.1
1/17/20,90.1
1/18/20,90.1
1/19/20,90.1
1/20/20,90.1
1/21/20,90.31
1/22/20,89.93
1/23/20,89.86
1/24/20,89.78
1/25/20,89.78
1/26/20,89.78
1/27/20,89.51
1/28/20,89.65
1/29/20,89.78
1/30/20,89.64
1/31/20,89.06
2/1/20,89.06
2/2/20,89.06
2/3/20,89.08
2/4/20,89.23
2/5/20,89.33
2/6/20,89.43
2/7/20,89.55
2/8/20,89.55
2/9/20,89.55
2/10/20,89.55
2/11/20,89.62
2/12/20,89.73
2/13/20,89.69
2/14/20,89.87
2/15/20,89.87
2/16/20,89.87
2/17/20,89.87
2/18/20,89.81
2/19/20,89.93
2/20/20,90.04
2/21/20,90.1
2/22/20,90.1
2/23/20,90.1
2/24/20,89.53
2/25/20,89.3
2/26/20,89.09
2/27/20,88.39
2/28/20,87.06
2/29/20,87.06
3/1/20,87.06
3/2/20,87.04
3/3/20,87.44
3/4/20,87.82
3/5/20,87.27
3/6/20,86.05
3/7/20,86.05
3/8/20,86.05
3/9/20,82.37
3/10/20,81.94
3/11/20,80.71
3/12/20,77.14
3/13/20,77.25
3/14/20,77.25
3/15/20,77.25
3/16/20,74.8
3/17/20,73.49
3/18/20,70.1
3/19/20,67.28
3/20/20,67.1
3/21/20,67.1
3/22/20,67.1
3/23/20,65.07
3/24/20,65.66
3/25/20,68.37
3/26/20,70.23
3/27/20,70.78
3/28/20,70.78
3/29/20,70.78
3/30/20,70.33
3/31/20,70.46
4/1/20,69.3
4/2/20,68.75
4/3/20,68.14
4/4/20,68.14
4/5/20,68.14
4/6/20,68.52
4/7/20,69.23
4/8/20,69.77
4/9/20,72.03
4/10/20,72.03
4/11/20,72.03
4/12/20,72.03
4/13/20,72.03
4/14/20,74.18
4/15/20,73.4
4/16/20,72.4
4/17/20,72.86
4/18/20,72.86
4/19/20,72.86
4/20/20,72.55
4/21/20,71.46
4/22/20,71.61
4/23/20,71.69
4/24/20,71.54
4/25/20,71.54
4/26/20,71.54
4/27/20,71.54
4/28/20,71.69
4/29/20,72.15
4/30/20,71.93
5/1/20,71.93
5/2/20,71.93
5/3/20,71.93
5/4/20,71.48
5/5/20,71.03
5/6/20,71.08
5/7/20,72.01
5/8/20,72.17
5/9/20,72.17
5/10/20,72.17
5/11/20,72.39
5/12/20,72.7
5/13/20,72.32
5/14/20,71.94
5/15/20,72.08
5/16/20,72.08
5/17/20,72.08
5/18/20,72.87
5/19/20,73.32
5/20/20,73.94
5/21/20,73.94
5/22/20,74.95
5/23/20,74.95
5/24/20,74.95
5/25/20,74.95
5/26/20,75.68
5/27/20,76.0
5/28/20,75.9
5/29/20,75.35
5/30/20,75.35
5/31/20,75.35
6/1/20,75.35
6/2/20,76.34
6/3/20,77.27
6/4/20,77.5
6/5/20,78.97
6/6/20,78.97
6/7/20,78.97
6/8/20,80.06
6/9/20,79.21
6/10/20,79.13
6/11/20,78.13
6/12/20,77.96
6/13/20,77.96
6/14/20,77.96
6/15/20,77.89
6/16/20,78.74
6/17/20,78.66
6/18/20,78.9
6/19/20,78.43
6/20/20,78.43
6/21/20,78.43
6/22/20,78.36
6/23/20,78.36
6/24/20,78.51
6/25/20,77.81
6/26/20,77.66
6/27/20,77.66
6/28/20,77.66
6/29/20,77.43
6/30/20,76.97
7/1/20,77.19
7/2/20,77.5
7/3/20,77.5
7/4/20,77.5
7/5/20,77.5
7/6/20,77.81
7/7/20,77.81
7/8/20,77.65
7/9/20,77.58
7/10/20,77.44
7/11/20,77.44
7/12/20,77.44
7/13/20,77.66
7/14/20,77.58
7/15/20,77.9
7/16/20,77.99
7/17/20,78.08
7/18/20,78.08
7/19/20,78.08
7/20/20,78.38
7/21/20,78.74
7/22/20,79.0
7/23/20,79.13
7/24/20,79.06
7/25/20,79.06
7/26/20,79.06
7/27/20,79.21
7/28/20,79.21
7/29/20,79.44
7/30/20,79.52
7/31/20,79.05
8/1/20,79.05
8/2/20,79.05
8/3/20,79.21
8/4/20,79.44
8/5/20,79.67
8/6/20,79.75
8/7/20,79.83
8/8/20,79.83
8/9/20,79.83
8/10/20,79.82
8/11/20,79.82
8/12/20,79.91
8/13/20,79.83
8/14/20,79.68
8/15/20,79.68
8/16/20,79.68
8/17/20,79.75
8/18/20,79.75
8/19/20,79.75
8/20/20,79.75
8/21/20,79.83
8/22/20,79.83
8/23/20,79.83
8/24/20,79.99
8/25/20,80.06
8/26/20,80.14
8/27/20,80.13
8/28/20,80.3
8/29/20,80.3
8/30/20,80.3
8/31/20,79.9
9/1/20,80.21
9/2/20,80.44
9/3/20,80.29
9/4/20,80.06
9/5/20,80.06
9/6/20,80.06
9/7/20,80.06
9/8/20,79.9
9/9/20,79.98
9/10/20,79.98
9/11/20,79.98
9/12/20,79.98
9/13/20,79.98
9/14/20,80.06
9/15/20,80.14
9/16/20,80.21
9/17/20,80.13
9/18/20,79.98
9/19/20,79.98
9/20/20,79.98
9/21/20,79.36
9/22/20,79.2
9/23/20,78.97
9/24/20,78.66
9/25/20,78.66
9/26/20,78.66
9/27/20,78.66
9/28/20,78.82
9/29/20,78.89
9/30/20,78.35
10/1/20,78.51
10/2/20,78.43
10/3/20,78.43
10/4/20,78.43
10/5/20,78.66
10/6/20,78.89
10/7/20,78.97
10/8/20,79.28
10/9/20,79.44
10/10/20,79.44
10/11/20,79.44
10/12/20,79.51
10/13/20,79.59
10/14/20,79.51
10/15/20,79.2
10/16/20,79.36
10/17/20,79.36
10/18/20,79.36
10/19/20,79.36
10/20/20,79.36
10/21/20,79.28
10/22/20,79.28
10/23/20,79.36
10/24/20,79.36
10/25/20,79.36
10/26/20,79.21
10/27/20,79.2
10/28/20,78.66
10/29/20,78.6
10/30/20,77.9
10/31/20,77.9
11/1/20,77.9
11/2/20,78.04
11/3/20,78.37
11/4/20,79.02
