Date,Allianz Income and Growth AM HKD
11/18/11,8.56
11/19/11,8.56
11/20/11,8.56
11/21/11,8.54
11/22/11,8.43
11/23/11,8.4
11/24/11,8.4
11/25/11,8.3
11/26/11,8.3
11/27/11,8.3
11/28/11,8.26
11/29/11,8.42
11/30/11,8.39
12/1/11,8.62
12/2/11,8.62
12/3/11,8.62
12/4/11,8.62
12/5/11,8.64
12/6/11,8.71
12/7/11,8.71
12/8/11,8.7
12/9/11,8.6
12/10/11,8.6
12/11/11,8.6
12/12/11,8.69
12/13/11,8.6
12/14/11,8.54
12/15/11,8.45
12/16/11,8.45
12/17/11,8.45
12/18/11,8.45
12/19/11,8.48
12/20/11,8.42
12/21/11,8.57
12/22/11,8.56
12/23/11,8.61
12/24/11,8.61
12/25/11,8.61
12/26/11,8.61
12/27/11,8.65
12/28/11,8.65
12/29/11,8.59
12/30/11,8.62
12/31/11,8.62
1/1/12,8.62
1/2/12,8.62
1/3/12,8.62
1/4/12,8.72
1/5/12,8.72
1/6/12,8.75
1/7/12,8.75
1/8/12,8.75
1/9/12,8.77
1/10/12,8.78
1/11/12,8.85
1/12/12,8.85
1/13/12,8.89
1/14/12,8.89
1/15/12,8.89
1/16/12,8.89
1/17/12,8.85
1/18/12,8.87
1/19/12,8.96
1/20/12,9.0
1/21/12,9.0
1/22/12,9.0
1/23/12,8.99
1/24/12,9.0
1/25/12,9.02
1/26/12,9.07
1/27/12,9.05
1/28/12,9.05
1/29/12,9.05
1/30/12,9.07
1/31/12,9.04
2/1/12,9.06
2/2/12,9.12
2/3/12,9.13
2/4/12,9.13
2/5/12,9.13
2/6/12,9.23
2/7/12,9.24
2/8/12,9.24
2/9/12,9.26
2/10/12,9.26
2/11/12,9.26
2/12/12,9.26
2/13/12,9.2
2/14/12,9.25
2/15/12,9.23
2/16/12,9.21
2/17/12,9.27
2/18/12,9.27
2/19/12,9.27
2/20/12,9.27
2/21/12,9.27
2/22/12,9.27
2/23/12,9.26
2/24/12,9.28
2/25/12,9.28
2/26/12,9.28
2/27/12,9.3
2/28/12,9.31
2/29/12,9.34
3/1/12,9.31
3/2/12,9.36
3/3/12,9.36
3/4/12,9.36
3/5/12,9.34
3/6/12,9.28
3/7/12,9.17
3/8/12,9.22
3/9/12,9.29
3/10/12,9.29
3/11/12,9.29
3/12/12,9.31
3/13/12,9.29
3/14/12,9.38
3/15/12,9.35
3/16/12,9.39
3/17/12,9.39
3/18/12,9.39
3/19/12,9.4
3/20/12,9.42
3/21/12,9.38
3/22/12,9.38
3/23/12,9.32
3/24/12,9.32
3/25/12,9.32
3/26/12,9.35
3/27/12,9.42
3/28/12,9.4
3/29/12,9.35
3/30/12,9.35
3/31/12,9.35
4/1/12,9.35
4/2/12,9.36
4/3/12,9.41
4/4/12,9.39
4/5/12,9.31
4/6/12,9.31
4/7/12,9.31
4/8/12,9.31
4/9/12,9.31
4/10/12,9.23
4/11/12,9.11
4/12/12,9.15
4/13/12,9.25
4/14/12,9.25
4/15/12,9.25
4/16/12,9.18
4/17/12,9.16
4/18/12,9.24
4/19/12,9.23
4/20/12,9.21
4/21/12,9.21
4/22/12,9.21
4/23/12,9.21
4/24/12,9.16
4/25/12,9.18
4/26/12,9.25
4/27/12,9.3
4/28/12,9.3
4/29/12,9.3
4/30/12,9.33
5/1/12,9.33
5/2/12,9.33
5/3/12,9.32
5/4/12,9.27
5/5/12,9.27
5/6/12,9.27
5/7/12,9.19
5/8/12,9.18
5/9/12,9.16
5/10/12,9.12
5/11/12,9.12
5/12/12,9.12
5/13/12,9.12
5/14/12,9.13
5/15/12,9.07
5/16/12,9.01
5/17/12,9.01
5/18/12,8.86
5/19/12,8.86
5/20/12,8.86
5/21/12,8.81
5/22/12,8.89
5/23/12,8.89
5/24/12,8.89
5/25/12,8.88
5/26/12,8.88
5/27/12,8.88
5/28/12,8.88
5/29/12,8.88
5/30/12,8.95
5/31/12,8.87
6/1/12,8.84
6/2/12,8.84
6/3/12,8.84
6/4/12,8.69
6/5/12,8.68
6/6/12,8.73
6/7/12,8.85
6/8/12,8.84
6/9/12,8.84
6/10/12,8.84
6/11/12,8.87
6/12/12,8.8
6/13/12,8.84
6/14/12,8.8
6/15/12,8.84
6/16/12,8.84
6/17/12,8.84
6/18/12,8.9
6/19/12,8.9
6/20/12,8.99
6/21/12,9.0
6/22/12,8.87
6/23/12,8.87
6/24/12,8.87
6/25/12,8.9
6/26/12,8.8
6/27/12,8.84
6/28/12,8.9
6/29/12,8.89
6/30/12,8.89
7/1/12,8.89
7/2/12,9.05
7/3/12,9.05
7/4/12,9.05
7/5/12,9.12
7/6/12,9.1
7/7/12,9.1
7/8/12,9.1
7/9/12,9.04
7/10/12,9.04
7/11/12,8.98
7/12/12,8.97
7/13/12,8.95
7/14/12,8.95
7/15/12,8.95
7/16/12,9.03
7/17/12,9.0
7/18/12,9.03
7/19/12,9.09
7/20/12,9.12
7/21/12,9.12
7/22/12,9.12
7/23/12,9.08
7/24/12,9.01
7/25/12,8.95
7/26/12,8.95
7/27/12,9.05
7/28/12,9.05
7/29/12,9.05
7/30/12,9.16
7/31/12,9.15
8/1/12,9.14
8/2/12,9.12
8/3/12,9.09
8/4/12,9.09
8/5/12,9.09
8/6/12,9.19
8/7/12,9.21
8/8/12,9.28
8/9/12,9.27
8/10/12,9.29
8/11/12,9.29
8/12/12,9.29
8/13/12,9.3
8/14/12,9.29
8/15/12,9.29
8/16/12,9.29
8/17/12,9.34
8/18/12,9.34
8/19/12,9.34
8/20/12,9.34
8/21/12,9.34
8/22/12,9.34
8/23/12,9.34
8/24/12,9.3
8/25/12,9.3
8/26/12,9.3
8/27/12,9.33
8/28/12,9.32
8/29/12,9.32
8/30/12,9.33
8/31/12,9.28
9/1/12,9.28
9/2/12,9.28
9/3/12,9.28
9/4/12,9.32
9/5/12,9.33
9/6/12,9.33
9/7/12,9.44
9/8/12,9.44
9/9/12,9.44
9/10/12,9.48
9/11/12,9.45
9/12/12,9.48
9/13/12,9.5
9/14/12,9.57
9/15/12,9.57
9/16/12,9.57
9/17/12,9.62
9/18/12,9.6
9/19/12,9.59
9/20/12,9.6
9/21/12,9.6
9/22/12,9.6
9/23/12,9.6
9/24/12,9.6
9/25/12,9.57
9/26/12,9.5
9/27/12,9.45
9/28/12,9.51
9/29/12,9.51
9/30/12,9.51
10/1/12,9.5
10/2/12,9.5
10/3/12,9.51
10/4/12,9.51
10/5/12,9.56
10/6/12,9.56
10/7/12,9.56
10/8/12,9.56
10/9/12,9.54
10/10/12,9.49
10/11/12,9.45
10/12/12,9.46
10/13/12,9.46
10/14/12,9.46
10/15/12,9.45
10/16/12,9.48
10/17/12,9.54
10/18/12,9.58
10/19/12,9.57
10/20/12,9.57
10/21/12,9.57
10/22/12,9.48
10/23/12,9.48
10/24/12,9.41
10/25/12,9.41
10/26/12,9.41
10/27/12,9.41
10/28/12,9.41
10/29/12,9.41
10/30/12,9.41
10/31/12,9.41
11/1/12,9.41
11/2/12,9.48
11/3/12,9.48
11/4/12,9.48
11/5/12,9.44
11/6/12,9.46
11/7/12,9.5
11/8/12,9.4
11/9/12,9.33
11/10/12,9.33
11/11/12,9.33
11/12/12,9.34
11/13/12,9.35
11/14/12,9.32
11/15/12,9.25
11/16/12,9.23
11/17/12,9.23
11/18/12,9.23
11/19/12,9.24
11/20/12,9.33
11/21/12,9.35
11/22/12,9.35
11/23/12,9.39
11/24/12,9.39
11/25/12,9.39
11/26/12,9.41
11/27/12,9.41
11/28/12,9.37
11/29/12,9.46
11/30/12,9.48
12/1/12,9.48
12/2/12,9.48
12/3/12,9.48
12/4/12,9.47
12/5/12,9.46
12/6/12,9.46
12/7/12,9.51
12/8/12,9.51
12/9/12,9.51
12/10/12,9.52
12/11/12,9.56
12/12/12,9.58
12/13/12,9.58
12/14/12,9.56
12/15/12,9.56
12/16/12,9.56
12/17/12,9.56
12/18/12,9.61
12/19/12,9.66
12/20/12,9.64
12/21/12,9.64
12/22/12,9.64
12/23/12,9.64
12/24/12,9.64
12/25/12,9.64
12/26/12,9.64
12/27/12,9.6
12/28/12,9.58
12/29/12,9.58
12/30/12,9.58
12/31/12,9.57
1/1/13,9.57
1/2/13,9.7
1/3/13,9.76
1/4/13,9.78
1/5/13,9.78
1/6/13,9.78
1/7/13,9.8
1/8/13,9.81
1/9/13,9.82
1/10/13,9.85
1/11/13,9.86
1/12/13,9.86
1/13/13,9.86
1/14/13,9.86
1/15/13,9.86
1/16/13,9.88
1/17/13,9.89
1/18/13,9.92
1/19/13,9.92
1/20/13,9.92
1/21/13,9.92
1/22/13,9.93
1/23/13,9.95
1/24/13,9.98
1/25/13,10.0
1/26/13,10.0
1/27/13,10.0
1/28/13,10.03
1/29/13,10.02
1/30/13,10.05
1/31/13,10.01
2/1/13,10.02
2/2/13,10.02
2/3/13,10.02
2/4/13,10.03
2/5/13,10.01
2/6/13,10.02
2/7/13,10.02
2/8/13,10.02
2/9/13,10.02
2/10/13,10.02
2/11/13,10.03
2/12/13,10.03
2/13/13,10.05
2/14/13,10.04
2/15/13,10.07
2/16/13,10.07
2/17/13,10.07
2/18/13,10.07
2/19/13,10.08
2/20/13,10.08
2/21/13,9.96
2/22/13,9.96
2/23/13,9.96
2/24/13,9.96
2/25/13,10.02
2/26/13,9.93
2/27/13,9.94
2/28/13,10.02
3/1/13,10.0
3/2/13,10.0
3/3/13,10.0
3/4/13,10.02
3/5/13,10.07
3/6/13,10.12
3/7/13,10.13
3/8/13,10.15
3/9/13,10.15
3/10/13,10.15
3/11/13,10.17
3/12/13,10.18
3/13/13,10.18
3/14/13,10.21
3/15/13,10.22
3/16/13,10.22
3/17/13,10.22
3/18/13,10.19
3/19/13,10.16
3/20/13,10.15
3/21/13,10.15
3/22/13,10.15
3/23/13,10.15
3/24/13,10.15
3/25/13,10.15
3/26/13,10.16
3/27/13,10.17
3/28/13,10.21
3/29/13,10.21
3/30/13,10.21
3/31/13,10.21
4/1/13,10.21
4/2/13,10.19
4/3/13,10.17
4/4/13,10.13
4/5/13,10.08
4/6/13,10.08
4/7/13,10.08
4/8/13,10.1
4/9/13,10.14
4/10/13,10.19
4/11/13,10.24
4/12/13,10.23
4/13/13,10.23
4/14/13,10.23
4/15/13,10.1
4/16/13,10.01
4/17/13,10.02
4/18/13,9.96
4/19/13,9.94
4/20/13,9.94
4/21/13,9.94
4/22/13,9.98
4/23/13,10.04
4/24/13,10.08
4/25/13,10.12
4/26/13,10.14
4/27/13,10.14
4/28/13,10.14
4/29/13,10.14
4/30/13,10.16
5/1/13,10.16
5/2/13,10.17
5/3/13,10.28
5/4/13,10.28
5/5/13,10.28
5/6/13,10.31
5/7/13,10.34
5/8/13,10.37
5/9/13,10.37
5/10/13,10.39
5/11/13,10.39
5/12/13,10.39
5/13/13,10.4
5/14/13,10.42
5/15/13,10.38
5/16/13,10.41
5/17/13,10.4
5/18/13,10.4
5/19/13,10.4
5/20/13,10.4
5/21/13,10.45
5/22/13,10.44
5/23/13,10.34
5/24/13,10.33
5/25/13,10.33
5/26/13,10.33
5/27/13,10.33
5/28/13,10.4
5/29/13,10.37
5/30/13,10.36
5/31/13,10.35
6/1/13,10.35
6/2/13,10.35
6/3/13,10.27
6/4/13,10.29
6/5/13,10.23
6/6/13,10.15
6/7/13,10.2
6/8/13,10.2
6/9/13,10.2
6/10/13,10.25
6/11/13,10.23
6/12/13,10.19
6/13/13,10.11
6/14/13,10.18
6/15/13,10.18
6/16/13,10.18
6/17/13,10.11
6/18/13,10.13
6/19/13,10.16
6/20/13,10.05
6/21/13,9.91
6/22/13,9.91
6/23/13,9.91
6/24/13,9.82
6/25/13,9.81
6/26/13,9.86
6/27/13,9.91
6/28/13,9.93
6/29/13,9.93
6/30/13,9.93
7/1/13,9.97
7/2/13,9.98
7/3/13,9.96
7/4/13,9.96
7/5/13,9.99
7/6/13,9.99
7/7/13,9.99
7/8/13,10.04
7/9/13,10.06
7/10/13,10.09
7/11/13,10.14
7/12/13,10.21
7/13/13,10.21
7/14/13,10.21
7/15/13,10.17
7/16/13,10.18
7/17/13,10.18
7/18/13,10.2
7/19/13,10.21
7/20/13,10.21
7/21/13,10.21
7/22/13,10.24
7/23/13,10.26
7/24/13,10.25
7/25/13,10.21
7/26/13,10.21
7/27/13,10.21
7/28/13,10.21
7/29/13,10.21
7/30/13,10.2
7/31/13,10.21
8/1/13,10.24
8/2/13,10.25
8/3/13,10.25
8/4/13,10.25
8/5/13,10.26
8/6/13,10.26
8/7/13,10.21
8/8/13,10.23
8/9/13,10.25
8/10/13,10.25
8/11/13,10.25
8/12/13,10.24
8/13/13,10.24
8/14/13,10.23
8/15/13,10.23
8/16/13,10.05
8/17/13,10.05
8/18/13,10.05
8/19/13,10.04
8/20/13,9.99
8/21/13,10.0
8/22/13,10.01
8/23/13,10.03
8/24/13,10.03
8/25/13,10.03
8/26/13,10.06
8/27/13,10.02
8/28/13,9.96
8/29/13,9.98
8/30/13,9.99
8/31/13,9.99
9/1/13,9.99
9/2/13,9.99
9/3/13,10.01
9/4/13,10.02
9/5/13,10.08
9/6/13,10.06
9/7/13,10.06
9/8/13,10.06
9/9/13,10.11
9/10/13,10.17
9/11/13,10.19
9/12/13,10.21
9/13/13,10.21
9/14/13,10.21
9/15/13,10.21
9/16/13,10.17
9/17/13,10.19
9/18/13,10.21
9/19/13,10.28
9/20/13,10.28
9/21/13,10.28
9/22/13,10.28
9/23/13,10.23
9/24/13,10.2
9/25/13,10.22
9/26/13,10.23
9/27/13,10.19
9/28/13,10.19
9/29/13,10.19
9/30/13,10.17
10/1/13,10.17
10/2/13,10.19
10/3/13,10.2
10/4/13,10.19
10/5/13,10.19
10/6/13,10.19
10/7/13,10.19
10/8/13,10.17
10/9/13,10.08
10/10/13,10.13
10/11/13,10.2
10/12/13,10.2
10/13/13,10.2
10/14/13,10.21
10/15/13,10.16
10/16/13,10.16
10/17/13,10.2
10/18/13,10.27
10/19/13,10.27
10/20/13,10.27
10/21/13,10.3
10/22/13,10.32
10/23/13,10.3
10/24/13,10.32
10/25/13,10.36
10/26/13,10.36
10/27/13,10.36
10/28/13,10.36
10/29/13,10.36
10/30/13,10.4
10/31/13,10.36
11/1/13,10.36
11/2/13,10.36
11/3/13,10.36
11/4/13,10.37
11/5/13,10.35
11/6/13,10.38
11/7/13,10.37
11/8/13,10.3
11/9/13,10.3
11/10/13,10.3
11/11/13,10.37
11/12/13,10.37
11/13/13,10.36
11/14/13,10.42
11/15/13,10.38
11/16/13,10.38
11/17/13,10.38
11/18/13,10.4
11/19/13,10.36
11/20/13,10.36
11/21/13,10.35
11/22/13,10.38
11/23/13,10.38
11/24/13,10.38
11/25/13,10.4
11/26/13,10.4
11/27/13,10.42
11/28/13,10.42
11/29/13,10.45
11/30/13,10.45
12/1/13,10.45
12/2/13,10.43
12/3/13,10.41
12/4/13,10.38
12/5/13,10.38
12/6/13,10.41
12/7/13,10.41
12/8/13,10.41
12/9/13,10.44
12/10/13,10.43
12/11/13,10.41
12/12/13,10.34
12/13/13,10.33
12/14/13,10.33
12/15/13,10.33
12/16/13,10.29
12/17/13,10.29
12/18/13,10.27
12/19/13,10.33
12/20/13,10.35
12/21/13,10.35
12/22/13,10.35
12/23/13,10.39
12/24/13,10.39
12/25/13,10.39
12/26/13,10.39
12/27/13,10.47
12/28/13,10.47
12/29/13,10.47
12/30/13,10.46
12/31/13,10.47
1/1/14,10.47
1/2/14,10.47
1/3/14,10.46
1/4/14,10.46
1/5/14,10.46
1/6/14,10.44
1/7/14,10.45
1/8/14,10.47
1/9/14,10.52
1/10/14,10.52
1/11/14,10.52
1/12/14,10.52
1/13/14,10.53
1/14/14,10.48
1/15/14,10.48
1/16/14,10.49
1/17/14,10.49
1/18/14,10.49
1/19/14,10.49
1/20/14,10.49
1/21/14,10.52
1/22/14,10.52
1/23/14,10.51
1/24/14,10.47
1/25/14,10.47
1/26/14,10.47
1/27/14,10.36
1/28/14,10.33
1/29/14,10.33
1/30/14,10.31
1/31/14,10.32
2/1/14,10.32
2/2/14,10.32
2/3/14,10.31
2/4/14,10.19
2/5/14,10.18
2/6/14,10.21
2/7/14,10.27
2/8/14,10.27
2/9/14,10.27
2/10/14,10.34
2/11/14,10.36
2/12/14,10.44
2/13/14,10.42
2/14/14,10.48
2/15/14,10.48
2/16/14,10.48
2/17/14,10.48
2/18/14,10.43
2/19/14,10.47
2/20/14,10.44
2/21/14,10.5
2/22/14,10.5
2/23/14,10.5
2/24/14,10.51
2/25/14,10.52
2/26/14,10.52
2/27/14,10.54
2/28/14,10.59
3/1/14,10.59
3/2/14,10.59
3/3/14,10.55
3/4/14,10.58
3/5/14,10.63
3/6/14,10.66
3/7/14,10.64
3/8/14,10.64
3/9/14,10.64
3/10/14,10.6
3/11/14,10.62
3/12/14,10.57
3/13/14,10.58
3/14/14,10.5
3/15/14,10.5
3/16/14,10.5
3/17/14,10.45
3/18/14,10.49
3/19/14,10.52
3/20/14,10.5
3/21/14,10.52
3/22/14,10.52
3/23/14,10.52
3/24/14,10.44
3/25/14,10.44
3/26/14,10.44
3/27/14,10.39
3/28/14,10.41
3/29/14,10.41
3/30/14,10.41
3/31/14,10.43
4/1/14,10.48
4/2/14,10.51
4/3/14,10.53
4/4/14,10.51
4/5/14,10.51
4/6/14,10.51
4/7/14,10.4
4/8/14,10.34
4/9/14,10.37
4/10/14,10.42
4/11/14,10.29
4/12/14,10.29
4/13/14,10.29
4/14/14,10.26
4/15/14,10.22
4/16/14,10.25
4/17/14,10.29
4/18/14,10.29
4/19/14,10.29
4/20/14,10.29
4/21/14,10.29
4/22/14,10.36
4/23/14,10.37
4/24/14,10.38
4/25/14,10.36
4/26/14,10.36
4/27/14,10.36
4/28/14,10.33
4/29/14,10.33
4/30/14,10.34
5/1/14,10.34
5/2/14,10.4
5/3/14,10.4
5/4/14,10.4
5/5/14,10.38
5/6/14,10.39
5/7/14,10.35
5/8/14,10.38
5/9/14,10.34
5/10/14,10.34
5/11/14,10.34
5/12/14,10.41
5/13/14,10.44
5/14/14,10.43
5/15/14,10.3
5/16/14,10.29
5/17/14,10.29
5/18/14,10.29
5/19/14,10.31
5/20/14,10.32
5/21/14,10.33
5/22/14,10.36
5/23/14,10.38
5/24/14,10.38
5/25/14,10.38
5/26/14,10.38
5/27/14,10.42
5/28/14,10.43
5/29/14,10.43
5/30/14,10.47
5/31/14,10.47
6/1/14,10.47
6/2/14,10.47
6/3/14,10.48
6/4/14,10.48
6/5/14,10.49
6/6/14,10.55
6/7/14,10.55
6/8/14,10.55
6/9/14,10.55
6/10/14,10.55
6/11/14,10.54
6/12/14,10.54
6/13/14,10.51
6/14/14,10.51
6/15/14,10.51
6/16/14,10.45
6/17/14,10.47
6/18/14,10.48
6/19/14,10.52
6/20/14,10.53
6/21/14,10.53
6/22/14,10.53
6/23/14,10.53
6/24/14,10.54
6/25/14,10.51
6/26/14,10.52
6/27/14,10.53
6/28/14,10.53
6/29/14,10.53
6/30/14,10.54
7/1/14,10.56
7/2/14,10.6
7/3/14,10.61
7/4/14,10.61
7/5/14,10.61
7/6/14,10.61
7/7/14,10.62
7/8/14,10.56
7/9/14,10.54
7/10/14,10.53
7/11/14,10.54
7/12/14,10.54
7/13/14,10.54
7/14/14,10.57
7/15/14,10.5
7/16/14,10.5
7/17/14,10.49
7/18/14,10.44
7/19/14,10.44
7/20/14,10.44
7/21/14,10.46
7/22/14,10.47
7/23/14,10.49
7/24/14,10.49
7/25/14,10.46
7/26/14,10.46
7/27/14,10.46
7/28/14,10.43
7/29/14,10.44
7/30/14,10.42
7/31/14,10.39
8/1/14,10.31
8/2/14,10.31
8/3/14,10.31
8/4/14,10.28
8/5/14,10.28
8/6/14,10.26
8/7/14,10.27
8/8/14,10.25
8/9/14,10.25
8/10/14,10.25
8/11/14,10.31
8/12/14,10.32
8/13/14,10.33
8/14/14,10.36
8/15/14,10.36
8/16/14,10.36
8/17/14,10.36
8/18/14,10.36
8/19/14,10.39
8/20/14,10.41
8/21/14,10.44
8/22/14,10.43
8/23/14,10.43
8/24/14,10.43
8/25/14,10.46
8/26/14,10.47
8/27/14,10.46
8/28/14,10.46
8/29/14,10.46
8/30/14,10.46
8/31/14,10.46
9/1/14,10.46
9/2/14,10.47
9/3/14,10.47
9/4/14,10.47
9/5/14,10.44
9/6/14,10.44
9/7/14,10.44
9/8/14,10.46
9/9/14,10.43
9/10/14,10.39
9/11/14,10.4
9/12/14,10.38
9/13/14,10.38
9/14/14,10.38
9/15/14,10.26
9/16/14,10.24
9/17/14,10.28
9/18/14,10.31
9/19/14,10.34
9/20/14,10.34
9/21/14,10.34
9/22/14,10.3
9/23/14,10.26
9/24/14,10.23
9/25/14,10.23
9/26/14,10.17
9/27/14,10.17
9/28/14,10.17
9/29/14,10.17
9/30/14,10.16
10/1/14,10.12
10/2/14,10.07
10/3/14,10.11
10/4/14,10.11
10/5/14,10.11
10/6/14,10.15
10/7/14,10.09
10/8/14,10.03
10/9/14,10.09
10/10/14,9.99
10/11/14,9.99
10/12/14,9.99
10/13/14,9.86
10/14/14,9.78
10/15/14,9.65
10/16/14,9.62
10/17/14,9.72
10/18/14,9.72
10/19/14,9.72
10/20/14,9.79
10/21/14,9.87
10/22/14,9.98
10/23/14,9.97
10/24/14,10.02
10/25/14,10.02
10/26/14,10.02
10/27/14,10.04
10/28/14,10.07
10/29/14,10.1
10/30/14,10.09
10/31/14,10.16
11/1/14,10.16
11/2/14,10.16
11/3/14,10.2
11/4/14,10.19
11/5/14,10.16
11/6/14,10.16
11/7/14,10.18
11/8/14,10.18
11/9/14,10.18
11/10/14,10.18
11/11/14,10.19
11/12/14,10.2
11/13/14,10.22
11/14/14,10.2
11/15/14,10.2
11/16/14,10.2
11/17/14,10.13
11/18/14,10.15
11/19/14,10.15
11/20/14,10.13
11/21/14,10.19
11/22/14,10.19
11/23/14,10.19
11/24/14,10.2
11/25/14,10.22
11/26/14,10.22
11/27/14,10.22
11/28/14,10.24
11/29/14,10.24
11/30/14,10.24
12/1/14,10.2
12/2/14,10.16
12/3/14,10.17
12/4/14,10.18
12/5/14,10.18
12/6/14,10.18
12/7/14,10.18
12/8/14,10.18
12/9/14,10.1
12/10/14,10.09
12/11/14,10.03
12/12/14,10.01
12/13/14,10.01
12/14/14,10.01
12/15/14,9.87
12/16/14,9.79
12/17/14,9.75
12/18/14,9.92
12/19/14,10.02
12/20/14,10.02
12/21/14,10.02
12/22/14,10.05
12/23/14,10.09
12/24/14,10.09
12/25/14,10.09
12/26/14,10.09
12/27/14,10.09
12/28/14,10.09
12/29/14,10.12
12/30/14,10.11
12/31/14,10.1
1/1/15,10.1
1/2/15,10.07
1/3/15,10.07
1/4/15,10.07
1/5/15,9.99
1/6/15,9.94
1/7/15,9.92
1/8/15,10.0
1/9/15,10.04
1/10/15,10.04
1/11/15,10.04
1/12/15,9.99
1/13/15,10.03
1/14/15,9.93
1/15/15,9.83
1/16/15,9.78
1/17/15,9.78
1/18/15,9.78
1/19/15,9.78
1/20/15,9.84
1/21/15,9.86
1/22/15,9.89
1/23/15,9.97
1/24/15,9.97
1/25/15,9.97
1/26/15,9.96
1/27/15,9.93
1/28/15,9.94
1/29/15,9.86
1/30/15,9.9
1/31/15,9.9
2/1/15,9.9
2/2/15,9.84
2/3/15,9.94
2/4/15,9.98
2/5/15,9.99
2/6/15,10.04
2/7/15,10.04
2/8/15,10.04
2/9/15,10.03
2/10/15,10.02
2/11/15,10.08
2/12/15,10.11
2/13/15,10.15
2/14/15,10.15
2/15/15,10.15
2/16/15,10.15
2/17/15,10.1
2/18/15,10.12
2/19/15,10.13
2/20/15,10.11
2/21/15,10.11
2/22/15,10.11
2/23/15,10.16
2/24/15,10.16
2/25/15,10.18
2/26/15,10.18
2/27/15,10.18
2/28/15,10.18
3/1/15,10.18
3/2/15,10.19
3/3/15,10.2
3/4/15,10.15
3/5/15,10.19
3/6/15,10.16
3/7/15,10.16
3/8/15,10.16
3/9/15,10.1
3/10/15,10.06
3/11/15,10.0
3/12/15,10.05
3/13/15,10.04
3/14/15,10.04
3/15/15,10.04
3/16/15,10.01
3/17/15,10.01
3/18/15,9.99
3/19/15,10.06
3/20/15,10.09
3/21/15,10.09
3/22/15,10.09
3/23/15,10.1
3/24/15,10.09
3/25/15,10.06
3/26/15,9.95
3/27/15,9.96
3/28/15,9.96
3/29/15,9.96
3/30/15,10.01
3/31/15,10.02
4/1/15,9.96
4/2/15,9.98
4/3/15,9.98
4/4/15,9.98
4/5/15,9.98
4/6/15,9.98
4/7/15,10.04
4/8/15,10.06
4/9/15,10.07
4/10/15,10.1
4/11/15,10.1
4/12/15,10.1
4/13/15,10.13
4/14/15,10.09
4/15/15,10.05
4/16/15,10.05
4/17/15,10.02
4/18/15,10.02
4/19/15,10.02
4/20/15,10.03
4/21/15,10.04
4/22/15,10.05
4/23/15,10.05
4/24/15,10.08
4/25/15,10.08
4/26/15,10.08
4/27/15,10.09
4/28/15,10.05
4/29/15,10.05
4/30/15,10.01
5/1/15,10.01
5/2/15,10.01
5/3/15,10.01
5/4/15,10.06
5/5/15,10.03
5/6/15,9.97
5/7/15,9.96
5/8/15,10.04
5/9/15,10.04
5/10/15,10.04
5/11/15,10.08
5/12/15,10.03
5/13/15,10.05
5/14/15,10.05
5/15/15,10.01
5/16/15,10.01
5/17/15,10.01
5/18/15,10.03
5/19/15,10.04
5/20/15,10.03
5/21/15,10.04
5/22/15,10.06
5/23/15,10.06
5/24/15,10.06
5/25/15,10.06
5/26/15,10.04
5/27/15,10.04
5/28/15,10.05
5/29/15,10.06
5/30/15,10.06
5/31/15,10.06
6/1/15,10.04
6/2/15,10.04
6/3/15,10.05
6/4/15,10.03
6/5/15,9.97
6/6/15,9.97
6/7/15,9.97
6/8/15,9.96
6/9/15,9.91
6/10/15,9.94
6/11/15,9.99
6/12/15,9.97
6/13/15,9.97
6/14/15,9.97
6/15/15,9.84
6/16/15,9.86
6/17/15,9.88
6/18/15,9.9
6/19/15,9.93
6/20/15,9.93
6/21/15,9.93
6/22/15,9.96
6/23/15,9.96
6/24/15,9.97
6/25/15,9.93
6/26/15,9.92
6/27/15,9.92
6/28/15,9.92
6/29/15,9.85
6/30/15,9.77
7/1/15,9.8
7/2/15,9.8
7/3/15,9.8
7/4/15,9.8
7/5/15,9.8
7/6/15,9.78
7/7/15,9.76
7/8/15,9.74
7/9/15,9.73
7/10/15,9.74
7/11/15,9.74
7/12/15,9.74
7/13/15,9.8
7/14/15,9.83
7/15/15,9.78
7/16/15,9.78
7/17/15,9.79
7/18/15,9.79
7/19/15,9.79
7/20/15,9.8
7/21/15,9.79
7/22/15,9.75
7/23/15,9.71
7/24/15,9.68
7/25/15,9.68
7/26/15,9.68
7/27/15,9.6
7/28/15,9.58
7/29/15,9.64
7/30/15,9.67
7/31/15,9.71
8/1/15,9.71
8/2/15,9.71
8/3/15,9.71
8/4/15,9.7
8/5/15,9.71
8/6/15,9.69
8/7/15,9.63
8/8/15,9.63
8/9/15,9.63
8/10/15,9.64
8/11/15,9.64
8/12/15,9.55
8/13/15,9.57
8/14/15,9.58
8/15/15,9.58
8/16/15,9.58
8/17/15,9.5
8/18/15,9.54
8/19/15,9.5
8/20/15,9.44
8/21/15,9.31
8/22/15,9.31
8/23/15,9.31
8/24/15,9.01
8/25/15,9.06
8/26/15,9.01
8/27/15,9.15
8/28/15,9.24
8/29/15,9.24
8/30/15,9.24
8/31/15,9.23
9/1/15,9.16
9/2/15,9.12
9/3/15,9.2
9/4/15,9.14
9/5/15,9.14
9/6/15,9.14
9/7/15,9.14
9/8/15,9.2
9/9/15,9.29
9/10/15,9.21
9/11/15,9.22
9/12/15,9.22
9/13/15,9.22
9/14/15,9.24
9/15/15,9.18
9/16/15,9.23
9/17/15,9.25
9/18/15,9.21
9/19/15,9.21
9/20/15,9.21
9/21/15,9.19
9/22/15,9.12
9/23/15,9.07
9/24/15,9.01
9/25/15,9.04
9/26/15,9.04
9/27/15,9.04
9/28/15,8.95
9/29/15,8.83
9/30/15,8.84
10/1/15,8.88
10/2/15,8.85
10/3/15,8.85
10/4/15,8.85
10/5/15,9.0
10/6/15,9.07
10/7/15,9.08
10/8/15,9.11
10/9/15,9.17
10/10/15,9.17
10/11/15,9.17
10/12/15,9.19
10/13/15,9.19
10/14/15,9.17
10/15/15,9.08
10/16/15,9.14
10/17/15,9.14
10/18/15,9.14
10/19/15,9.16
10/20/15,9.18
10/21/15,9.16
10/22/15,9.17
10/23/15,9.24
10/24/15,9.24
10/25/15,9.24
10/26/15,9.26
10/27/15,9.26
10/28/15,9.25
10/29/15,9.27
10/30/15,9.27
10/31/15,9.27
11/1/15,9.27
11/2/15,9.28
11/3/15,9.31
11/4/15,9.33
11/5/15,9.33
11/6/15,9.3
11/7/15,9.3
11/8/15,9.3
11/9/15,9.29
11/10/15,9.25
11/11/15,9.23
11/12/15,9.19
11/13/15,9.11
11/14/15,9.11
11/15/15,9.11
11/16/15,9.0
11/17/15,9.04
11/18/15,9.05
11/19/15,9.1
11/20/15,9.1
11/21/15,9.1
11/22/15,9.1
11/23/15,9.1
11/24/15,9.08
11/25/15,9.1
11/26/15,9.1
11/27/15,9.1
11/28/15,9.1
11/29/15,9.1
11/30/15,9.1
12/1/15,9.11
12/2/15,9.14
12/3/15,9.09
12/4/15,9.05
12/5/15,9.05
12/6/15,9.05
12/7/15,9.08
12/8/15,9.01
12/9/15,9.01
12/10/15,8.97
12/11/15,8.93
12/12/15,8.93
12/13/15,8.93
12/14/15,8.84
12/15/15,8.8
12/16/15,8.84
12/17/15,8.89
12/18/15,8.81
12/19/15,8.81
12/20/15,8.81
12/21/15,8.77
12/22/15,8.8
12/23/15,8.84
12/24/15,8.84
12/25/15,8.84
12/26/15,8.84
12/27/15,8.84
12/28/15,8.88
12/29/15,8.9
12/30/15,8.91
12/31/15,8.88
1/1/16,8.88
1/2/16,8.88
1/3/16,8.88
1/4/16,8.79
1/5/16,8.77
1/6/16,8.75
1/7/16,8.67
1/8/16,8.63
1/9/16,8.63
1/10/16,8.63
1/11/16,8.54
1/12/16,8.58
1/13/16,8.56
1/14/16,8.41
1/15/16,8.35
1/16/16,8.35
1/17/16,8.35
1/18/16,8.35
1/19/16,8.32
1/20/16,8.23
1/21/16,8.22
1/22/16,8.3
1/23/16,8.3
1/24/16,8.3
1/25/16,8.34
1/26/16,8.3
1/27/16,8.34
1/28/16,8.32
1/29/16,8.33
1/30/16,8.33
1/31/16,8.33
2/1/16,8.37
2/2/16,8.35
2/3/16,8.29
2/4/16,8.28
2/5/16,8.29
2/6/16,8.29
2/7/16,8.29
2/8/16,8.16
2/9/16,8.13
2/10/16,8.12
2/11/16,8.06
2/12/16,8.03
2/13/16,8.03
2/14/16,8.03
2/15/16,8.03
2/16/16,8.05
2/17/16,8.14
2/18/16,8.19
2/19/16,8.15
2/20/16,8.15
2/21/16,8.15
2/22/16,8.21
2/23/16,8.24
2/24/16,8.16
2/25/16,8.22
2/26/16,8.3
2/27/16,8.3
2/28/16,8.3
2/29/16,8.33
3/1/16,8.34
3/2/16,8.44
3/3/16,8.47
3/4/16,8.49
3/5/16,8.49
3/6/16,8.49
3/7/16,8.51
3/8/16,8.52
3/9/16,8.49
3/10/16,8.51
3/11/16,8.53
3/12/16,8.53
3/13/16,8.53
3/14/16,8.57
3/15/16,8.48
3/16/16,8.49
3/17/16,8.52
3/18/16,8.56
3/19/16,8.56
3/20/16,8.56
3/21/16,8.57
3/22/16,8.59
3/23/16,8.57
3/24/16,8.53
3/25/16,8.53
3/26/16,8.53
3/27/16,8.53
3/28/16,8.53
3/29/16,8.51
3/30/16,8.59
3/31/16,8.59
4/1/16,8.57
4/2/16,8.57
4/3/16,8.57
4/4/16,8.62
4/5/16,8.58
4/6/16,8.56
4/7/16,8.61
4/8/16,8.59
4/9/16,8.59
4/10/16,8.59
4/11/16,8.61
4/12/16,8.58
4/13/16,8.64
4/14/16,8.68
4/15/16,8.62
4/16/16,8.62
4/17/16,8.62
4/18/16,8.62
4/19/16,8.66
4/20/16,8.69
4/21/16,8.7
4/22/16,8.7
4/23/16,8.7
4/24/16,8.7
4/25/16,8.68
4/26/16,8.69
4/27/16,8.69
4/28/16,8.71
4/29/16,8.65
4/30/16,8.65
5/1/16,8.65
5/2/16,8.63
5/3/16,8.63
5/4/16,8.6
5/5/16,8.6
5/6/16,8.55
5/7/16,8.55
5/8/16,8.55
5/9/16,8.57
5/10/16,8.59
5/11/16,8.6
5/12/16,8.6
5/13/16,8.58
5/14/16,8.58
5/15/16,8.58
5/16/16,8.58
5/17/16,8.51
5/18/16,8.48
5/19/16,8.47
5/20/16,8.49
5/21/16,8.49
5/22/16,8.49
5/23/16,8.51
5/24/16,8.53
5/25/16,8.6
5/26/16,8.62
5/27/16,8.63
5/28/16,8.63
5/29/16,8.63
5/30/16,8.63
5/31/16,8.66
6/1/16,8.65
6/2/16,8.65
6/3/16,8.67
6/4/16,8.67
6/5/16,8.67
6/6/16,8.69
6/7/16,8.71
6/8/16,8.74
6/9/16,8.73
6/10/16,8.71
6/11/16,8.71
6/12/16,8.71
6/13/16,8.67
6/14/16,8.64
6/15/16,8.55
6/16/16,8.51
6/17/16,8.53
6/18/16,8.53
6/19/16,8.53
6/20/16,8.58
6/21/16,8.58
6/22/16,8.58
6/23/16,8.58
6/24/16,8.57
6/25/16,8.57
6/26/16,8.57
6/27/16,8.42
6/28/16,8.41
6/29/16,8.47
6/30/16,8.52
7/1/16,8.59
7/2/16,8.59
7/3/16,8.59
7/4/16,8.59
7/5/16,8.58
7/6/16,8.56
7/7/16,8.62
7/8/16,8.65
7/9/16,8.65
7/10/16,8.65
7/11/16,8.73
7/12/16,8.79
7/13/16,8.82
7/14/16,8.84
7/15/16,8.78
7/16/16,8.78
7/17/16,8.78
7/18/16,8.77
7/19/16,8.78
7/20/16,8.79
7/21/16,8.82
7/22/16,8.81
7/23/16,8.81
7/24/16,8.81
7/25/16,8.83
7/26/16,8.84
7/27/16,8.85
7/28/16,8.82
7/29/16,8.83
7/30/16,8.83
7/31/16,8.83
8/1/16,8.84
8/2/16,8.82
8/3/16,8.78
8/4/16,8.8
8/5/16,8.84
8/6/16,8.84
8/7/16,8.84
8/8/16,8.86
8/9/16,8.87
8/10/16,8.88
8/11/16,8.88
8/12/16,8.89
8/13/16,8.89
8/14/16,8.89
8/15/16,8.89
8/16/16,8.84
8/17/16,8.82
8/18/16,8.83
8/19/16,8.83
8/20/16,8.83
8/21/16,8.83
8/22/16,8.84
8/23/16,8.86
8/24/16,8.86
8/25/16,8.83
8/26/16,8.83
8/27/16,8.83
8/28/16,8.83
8/29/16,8.83
8/30/16,8.84
8/31/16,8.83
9/1/16,8.82
9/2/16,8.84
9/3/16,8.84
9/4/16,8.84
9/5/16,8.84
9/6/16,8.85
9/7/16,8.86
9/8/16,8.86
9/9/16,8.84
9/10/16,8.84
9/11/16,8.84
9/12/16,8.75
9/13/16,8.76
9/14/16,8.74
9/15/16,8.65
9/16/16,8.68
9/17/16,8.68
9/18/16,8.68
9/19/16,8.71
9/20/16,8.7
9/21/16,8.7
9/22/16,8.77
9/23/16,8.79
9/24/16,8.79
9/25/16,8.79
9/26/16,8.75
9/27/16,8.74
9/28/16,8.76
9/29/16,8.79
9/30/16,8.77
10/1/16,8.77
10/2/16,8.77
10/3/16,8.79
10/4/16,8.81
10/5/16,8.8
10/6/16,8.81
10/7/16,8.82
10/8/16,8.82
10/9/16,8.82
10/10/16,8.83
10/11/16,8.81
10/12/16,8.76
10/13/16,8.72
10/14/16,8.75
10/15/16,8.75
10/16/16,8.75
10/17/16,8.66
10/18/16,8.66
10/19/16,8.69
10/20/16,8.7
10/21/16,8.7
10/22/16,8.7
10/23/16,8.7
10/24/16,8.73
10/25/16,8.73
10/26/16,8.7
10/27/16,8.69
10/28/16,8.65
10/29/16,8.65
10/30/16,8.65
10/31/16,8.63
11/1/16,8.63
11/2/16,8.56
11/3/16,8.51
11/4/16,8.49
11/5/16,8.49
11/6/16,8.49
11/7/16,8.53
11/8/16,8.57
11/9/16,8.61
11/10/16,8.66
11/11/16,8.61
11/12/16,8.61
11/13/16,8.61
11/14/16,8.63
11/15/16,8.54
11/16/16,8.58
11/17/16,8.6
11/18/16,8.63
11/19/16,8.63
11/20/16,8.63
11/21/16,8.64
11/22/16,8.67
11/23/16,8.67
11/24/16,8.67
11/25/16,8.7
11/26/16,8.7
11/27/16,8.7
11/28/16,8.7
11/29/16,8.68
11/30/16,8.69
12/1/16,8.68
12/2/16,8.64
12/3/16,8.64
12/4/16,8.64
12/5/16,8.67
12/6/16,8.69
12/7/16,8.71
12/8/16,8.78
12/9/16,8.82
12/10/16,8.82
12/11/16,8.82
12/12/16,8.83
12/13/16,8.83
12/14/16,8.85
12/15/16,8.76
12/16/16,8.76
12/17/16,8.76
12/18/16,8.76
12/19/16,8.76
12/20/16,8.77
12/21/16,8.77
12/22/16,8.76
12/23/16,8.75
12/24/16,8.75
12/25/16,8.75
12/26/16,8.75
12/27/16,8.78
12/28/16,8.77
12/29/16,8.74
12/30/16,8.73
12/31/16,8.73
1/1/17,8.73
1/2/17,8.73
1/3/17,8.74
1/4/17,8.78
1/5/17,8.81
1/6/17,8.83
1/7/17,8.83
1/8/17,8.83
1/9/17,8.85
1/10/17,8.85
1/11/17,8.87
1/12/17,8.85
1/13/17,8.86
1/14/17,8.86
1/15/17,8.86
1/16/17,8.86
1/17/17,8.79
1/18/17,8.78
1/19/17,8.8
1/20/17,8.79
1/21/17,8.79
1/22/17,8.79
1/23/17,8.78
1/24/17,8.77
1/25/17,8.83
1/26/17,8.86
1/27/17,8.85
1/28/17,8.85
1/29/17,8.85
1/30/17,8.82
1/31/17,8.8
2/1/17,8.83
2/2/17,8.83
2/3/17,8.85
2/4/17,8.85
2/5/17,8.85
2/6/17,8.87
2/7/17,8.87
2/8/17,8.86
2/9/17,8.87
2/10/17,8.9
2/11/17,8.9
2/12/17,8.9
2/13/17,8.92
2/14/17,8.93
2/15/17,8.89
2/16/17,8.9
2/17/17,8.89
2/18/17,8.89
2/19/17,8.89
2/20/17,8.89
2/21/17,8.91
2/22/17,8.93
2/23/17,8.93
2/24/17,8.92
2/25/17,8.92
2/26/17,8.92
2/27/17,8.93
2/28/17,8.93
3/1/17,8.95
3/2/17,8.97
3/3/17,8.95
3/4/17,8.95
3/5/17,8.95
3/6/17,8.93
3/7/17,8.91
3/8/17,8.9
3/9/17,8.88
3/10/17,8.88
3/11/17,8.88
3/12/17,8.88
3/13/17,8.87
3/14/17,8.85
3/15/17,8.78
3/16/17,8.82
3/17/17,8.83
3/18/17,8.83
3/19/17,8.83
3/20/17,8.83
3/21/17,8.8
3/22/17,8.75
3/23/17,8.76
3/24/17,8.77
3/25/17,8.77
3/26/17,8.77
3/27/17,8.75
3/28/17,8.76
3/29/17,8.81
3/30/17,8.84
3/31/17,8.85
4/1/17,8.85
4/2/17,8.85
4/3/17,8.86
4/4/17,8.85
4/5/17,8.87
4/6/17,8.85
4/7/17,8.85
4/8/17,8.85
4/9/17,8.85
4/10/17,8.87
4/11/17,8.85
4/12/17,8.85
4/13/17,8.83
4/14/17,8.83
4/15/17,8.83
4/16/17,8.83
4/17/17,8.83
4/18/17,8.77
4/19/17,8.78
4/20/17,8.77
4/21/17,8.8
4/22/17,8.8
4/23/17,8.8
4/24/17,8.83
4/25/17,8.88
4/26/17,8.9
4/27/17,8.9
4/28/17,8.91
4/29/17,8.91
4/30/17,8.91
5/1/17,8.91
5/2/17,8.92
5/3/17,8.91
5/4/17,8.9
5/5/17,8.9
5/6/17,8.9
5/7/17,8.9
5/8/17,8.91
5/9/17,8.92
5/10/17,8.92
5/11/17,8.92
5/12/17,8.92
5/13/17,8.92
5/14/17,8.92
5/15/17,8.86
5/16/17,8.88
5/17/17,8.85
5/18/17,8.78
5/19/17,8.82
5/20/17,8.82
5/21/17,8.82
5/22/17,8.86
5/23/17,8.87
5/24/17,8.88
5/25/17,8.88
5/26/17,8.91
5/27/17,8.91
5/28/17,8.91
5/29/17,8.91
5/30/17,8.91
5/31/17,8.9
6/1/17,8.91
6/2/17,8.95
6/3/17,8.95
6/4/17,8.95
6/5/17,8.95
6/6/17,8.97
6/7/17,8.97
6/8/17,8.97
6/9/17,8.99
6/10/17,8.99
6/11/17,8.99
6/12/17,8.93
6/13/17,8.96
6/14/17,8.98
6/15/17,8.87
6/16/17,8.85
6/17/17,8.85
6/18/17,8.85
6/19/17,8.87
6/20/17,8.89
6/21/17,8.87
6/22/17,8.87
6/23/17,8.87
6/24/17,8.87
6/25/17,8.87
6/26/17,8.9
6/27/17,8.89
6/28/17,8.86
6/29/17,8.89
6/30/17,8.86
7/1/17,8.86
7/2/17,8.86
7/3/17,8.88
7/4/17,8.88
7/5/17,8.86
7/6/17,8.86
7/7/17,8.85
7/8/17,8.85
7/9/17,8.85
7/10/17,8.86
7/11/17,8.88
7/12/17,8.91
7/13/17,8.94
7/14/17,8.94
7/15/17,8.94
7/16/17,8.94
7/17/17,8.9
7/18/17,8.89
7/19/17,8.91
7/20/17,8.94
7/21/17,8.94
7/22/17,8.94
7/23/17,8.94
7/24/17,8.94
7/25/17,8.95
7/26/17,8.97
7/27/17,8.97
7/28/17,8.94
7/29/17,8.94
7/30/17,8.94
7/31/17,8.95
8/1/17,8.93
8/2/17,8.94
8/3/17,8.93
8/4/17,8.92
8/5/17,8.92
8/6/17,8.92
8/7/17,8.93
8/8/17,8.94
8/9/17,8.91
8/10/17,8.87
8/11/17,8.81
8/12/17,8.81
8/13/17,8.81
8/14/17,8.85
8/15/17,8.85
8/16/17,8.81
8/17/17,8.81
8/18/17,8.73
8/19/17,8.73
8/20/17,8.73
8/21/17,8.74
8/22/17,8.76
8/23/17,8.79
8/24/17,8.78
8/25/17,8.8
8/26/17,8.8
8/27/17,8.8
8/28/17,8.79
8/29/17,8.78
8/30/17,8.81
8/31/17,8.85
9/1/17,8.88
9/2/17,8.88
9/3/17,8.88
9/4/17,8.88
9/5/17,8.89
9/6/17,8.87
9/7/17,8.87
9/8/17,8.86
9/9/17,8.86
9/10/17,8.86
9/11/17,8.88
9/12/17,8.91
9/13/17,8.92
9/14/17,8.92
9/15/17,8.85
9/16/17,8.85
9/17/17,8.85
9/18/17,8.88
9/19/17,8.87
9/20/17,8.87
9/21/17,8.86
9/22/17,8.85
9/23/17,8.85
9/24/17,8.85
9/25/17,8.85
9/26/17,8.84
9/27/17,8.84
9/28/17,8.86
9/29/17,8.87
9/30/17,8.87
10/1/17,8.87
10/2/17,8.9
10/3/17,8.92
10/4/17,8.92
10/5/17,8.94
10/6/17,8.95
10/7/17,8.95
10/8/17,8.95
10/9/17,8.95
10/10/17,8.95
10/11/17,8.95
10/12/17,8.96
10/13/17,8.96
10/14/17,8.96
10/15/17,8.96
10/16/17,8.9
10/17/17,8.9
10/18/17,8.9
10/19/17,8.89
10/20/17,8.92
10/21/17,8.92
10/22/17,8.92
10/23/17,8.92
10/24/17,8.91
10/25/17,8.91
10/26/17,8.89
10/27/17,8.91
10/28/17,8.91
10/29/17,8.91
10/30/17,8.94
10/31/17,8.94
11/1/17,8.94
11/2/17,8.96
11/3/17,8.95
11/4/17,8.95
11/5/17,8.95
11/6/17,8.99
11/7/17,9.0
11/8/17,8.98
11/9/17,8.96
11/10/17,8.95
11/11/17,8.95
11/12/17,8.95
11/13/17,8.95
11/14/17,8.95
11/15/17,8.85
11/16/17,8.87
11/17/17,8.91
11/18/17,8.91
11/19/17,8.91
11/20/17,8.92
11/21/17,8.95
11/22/17,8.97
11/23/17,8.97
11/24/17,8.97
11/25/17,8.97
11/26/17,8.97
11/27/17,8.98
11/28/17,8.96
11/29/17,9.0
11/30/17,8.99
12/1/17,9.0
12/2/17,9.0
12/3/17,9.0
12/4/17,9.01
12/5/17,8.96
12/6/17,8.94
12/7/17,8.94
12/8/17,8.97
12/9/17,8.97
12/10/17,8.97
12/11/17,8.99
12/12/17,9.0
12/13/17,9.01
12/14/17,9.02
12/15/17,8.94
12/16/17,8.94
12/17/17,8.94
12/18/17,8.99
12/19/17,9.01
12/20/17,9.0
12/21/17,9.01
12/22/17,9.0
12/23/17,9.0
12/24/17,9.0
12/25/17,9.0
12/26/17,9.0
12/27/17,9.0
12/28/17,9.0
12/29/17,9.01
12/30/17,9.01
12/31/17,9.01
1/1/18,9.01
1/2/18,9.02
1/3/18,9.07
1/4/18,9.11
1/5/18,9.14
1/6/18,9.14
1/7/18,9.14
1/8/18,9.17
1/9/18,9.19
1/10/18,9.18
1/11/18,9.2
1/12/18,9.25
1/13/18,9.25
1/14/18,9.25
1/15/18,9.25
1/16/18,9.22
1/17/18,9.18
1/18/18,9.22
1/19/18,9.22
1/20/18,9.22
1/21/18,9.22
1/22/18,9.24
1/23/18,9.28
1/24/18,9.31
1/25/18,9.27
1/26/18,9.29
1/27/18,9.29
1/28/18,9.29
1/29/18,9.35
1/30/18,9.27
1/31/18,9.26
2/1/18,9.25
2/2/18,9.2
2/3/18,9.2
2/4/18,9.2
2/5/18,9.1
2/6/18,8.96
2/7/18,9.03
2/8/18,8.98
2/9/18,8.84
2/10/18,8.84
2/11/18,8.84
2/12/18,8.86
2/13/18,8.89
2/14/18,8.91
2/15/18,8.94
2/16/18,8.99
2/17/18,8.99
2/18/18,8.99
2/19/18,8.99
2/20/18,8.99
2/21/18,9.01
2/22/18,8.97
2/23/18,8.99
2/24/18,8.99
2/25/18,8.99
2/26/18,9.07
2/27/18,9.11
2/28/18,9.07
3/1/18,8.99
3/2/18,8.91
3/3/18,8.91
3/4/18,8.91
3/5/18,8.96
3/6/18,9.05
3/7/18,9.05
3/8/18,9.09
3/9/18,9.12
3/10/18,9.12
3/11/18,9.12
3/12/18,9.18
3/13/18,9.2
3/14/18,9.16
3/15/18,9.09
3/16/18,9.08
3/17/18,9.08
3/18/18,9.08
3/19/18,9.04
3/20/18,9.02
3/21/18,9.03
3/22/18,8.97
3/23/18,8.91
3/24/18,8.91
3/25/18,8.91
3/26/18,8.85
3/27/18,8.92
3/28/18,8.81
3/29/18,8.78
3/30/18,8.78
3/31/18,8.78
4/1/18,8.78
4/2/18,8.78
4/3/18,8.75
4/4/18,8.74
4/5/18,8.86
4/6/18,8.86
4/7/18,8.86
4/8/18,8.86
4/9/18,8.8
4/10/18,8.83
4/11/18,8.88
4/12/18,8.91
4/13/18,8.94
4/14/18,8.94
4/15/18,8.94
4/16/18,8.86
4/17/18,8.92
4/18/18,8.97
4/19/18,8.94
4/20/18,8.9
4/21/18,8.9
4/22/18,8.9
4/23/18,8.85
4/24/18,8.86
4/25/18,8.74
4/26/18,8.79
4/27/18,8.84
4/28/18,8.84
4/29/18,8.84
4/30/18,8.85
5/1/18,8.85
5/2/18,8.81
5/3/18,8.79
5/4/18,8.79
5/5/18,8.79
5/6/18,8.79
5/7/18,8.89
5/8/18,8.88
5/9/18,8.91
5/10/18,8.91
5/11/18,9.0
5/12/18,9.0
5/13/18,9.0
5/14/18,9.02
5/15/18,8.91
5/16/18,8.92
5/17/18,8.94
5/18/18,8.94
5/19/18,8.94
5/20/18,8.94
5/21/18,8.94
5/22/18,8.97
5/23/18,8.93
5/24/18,8.94
5/25/18,8.95
5/26/18,8.95
5/27/18,8.95
5/28/18,8.95
5/29/18,8.94
5/30/18,8.93
5/31/18,8.97
6/1/18,8.96
6/2/18,8.96
6/3/18,8.96
6/4/18,9.0
6/5/18,9.03
6/6/18,9.04
6/7/18,9.08
6/8/18,9.06
6/9/18,9.06
6/10/18,9.06
6/11/18,9.08
6/12/18,9.09
6/13/18,9.12
6/14/18,9.12
6/15/18,9.06
6/16/18,9.06
6/17/18,9.06
6/18/18,9.04
6/19/18,9.01
6/20/18,9.04
6/21/18,9.04
6/22/18,9.0
6/23/18,9.0
6/24/18,9.0
6/25/18,8.92
6/26/18,8.9
6/27/18,8.93
6/28/18,8.82
6/29/18,8.88
6/30/18,8.88
7/1/18,8.88
7/2/18,8.83
7/3/18,8.88
7/4/18,8.88
7/5/18,8.87
7/6/18,8.91
7/7/18,8.91
7/8/18,8.91
7/9/18,8.98
7/10/18,9.02
7/11/18,8.98
7/12/18,9.0
7/13/18,9.02
7/14/18,9.02
7/15/18,9.02
7/16/18,8.96
7/17/18,8.94
7/18/18,8.97
7/19/18,8.96
7/20/18,8.97
7/21/18,8.97
7/22/18,8.97
7/23/18,8.94
7/24/18,8.99
7/25/18,8.96
7/26/18,8.98
7/27/18,9.0
7/28/18,9.0
7/29/18,9.0
7/30/18,8.92
7/31/18,8.91
8/1/18,8.93
8/2/18,8.9
8/3/18,8.96
8/4/18,8.96
8/5/18,8.96
8/6/18,8.97
8/7/18,9.02
8/8/18,9.02
8/9/18,9.02
8/10/18,8.98
8/11/18,8.98
8/12/18,8.98
8/13/18,8.99
8/14/18,8.96
8/15/18,8.96
8/16/18,8.87
8/17/18,8.85
8/18/18,8.85
8/19/18,8.85
8/20/18,8.88
8/21/18,8.93
8/22/18,8.93
8/23/18,8.97
8/24/18,8.98
8/25/18,8.98
8/26/18,8.98
8/27/18,9.04
8/28/18,9.06
8/29/18,9.06
8/30/18,9.07
8/31/18,9.06
9/1/18,9.06
9/2/18,9.06
9/3/18,9.06
9/4/18,9.05
9/5/18,9.04
9/6/18,9.01
9/7/18,8.99
9/8/18,8.99
9/9/18,8.99
9/10/18,8.99
9/11/18,8.99
9/12/18,9.0
9/13/18,9.05
9/14/18,9.06
9/15/18,9.06
9/16/18,9.06
9/17/18,8.96
9/18/18,8.96
9/19/18,8.97
9/20/18,8.99
9/21/18,8.98
9/22/18,8.98
9/23/18,8.98
9/24/18,8.95
9/25/18,8.96
9/26/18,8.96
9/27/18,8.97
9/28/18,8.98
9/29/18,8.98
9/30/18,8.98
10/1/18,9.02
10/2/18,9.01
10/3/18,9.01
10/4/18,8.96
10/5/18,8.9
10/6/18,8.9
10/7/18,8.9
10/8/18,8.9
10/9/18,8.81
10/10/18,8.73
10/11/18,8.65
10/12/18,8.66
10/13/18,8.66
10/14/18,8.66
10/15/18,8.57
10/16/18,8.61
10/17/18,8.67
10/18/18,8.64
10/19/18,8.62
10/20/18,8.62
10/21/18,8.62
10/22/18,8.53
10/23/18,8.45
10/24/18,8.49
10/25/18,8.36
10/26/18,8.33
10/27/18,8.33
10/28/18,8.33
10/29/18,8.38
10/30/18,8.29
10/31/18,8.43
11/1/18,8.43
11/2/18,8.48
11/3/18,8.48
11/4/18,8.48
11/5/18,8.45
11/6/18,8.5
11/7/18,8.55
11/8/18,8.6
11/9/18,8.52
11/10/18,8.52
11/11/18,8.52
11/12/18,8.52
11/13/18,8.41
11/14/18,8.42
11/15/18,8.26
11/16/18,8.3
11/17/18,8.3
11/18/18,8.3
11/19/18,8.25
11/20/18,8.08
11/21/18,8.13
11/22/18,8.13
11/23/18,8.13
11/24/18,8.13
11/25/18,8.13
11/26/18,8.17
11/27/18,8.16
11/28/18,8.21
11/29/18,8.3
11/30/18,8.3
12/1/18,8.3
12/2/18,8.3
12/3/18,8.4
12/4/18,8.37
12/5/18,8.37
12/6/18,8.16
12/7/18,8.25
12/8/18,8.25
12/9/18,8.25
12/10/18,8.12
12/11/18,8.2
12/12/18,8.21
12/13/18,8.19
12/14/18,8.16
12/15/18,8.16
12/16/18,8.16
12/17/18,7.98
12/18/18,7.99
12/19/18,7.98
12/20/18,7.85
12/21/18,7.76
12/22/18,7.76
12/23/18,7.76
12/24/18,7.76
12/25/18,7.76
12/26/18,7.76
12/27/18,7.72
12/28/18,7.83
12/29/18,7.83
12/30/18,7.83
12/31/18,7.85
1/1/19,7.85
1/2/19,7.82
1/3/19,7.81
1/4/19,7.87
1/5/19,7.87
1/6/19,7.87
1/7/19,7.98
1/8/19,8.08
1/9/19,8.15
1/10/19,8.12
1/11/19,8.17
1/12/19,8.17
1/13/19,8.17
1/14/19,8.15
1/15/19,8.12
1/16/19,8.17
1/17/19,8.16
1/18/19,8.22
1/19/19,8.22
1/20/19,8.22
1/21/19,8.22
1/22/19,8.21
1/23/19,8.22
1/24/19,8.2
1/25/19,8.24
1/26/19,8.24
1/27/19,8.24
1/28/19,8.2
1/29/19,8.21
1/30/19,8.22
1/31/19,8.3
2/1/19,8.33
2/2/19,8.33
2/3/19,8.33
2/4/19,8.35
2/5/19,8.4
2/6/19,8.41
2/7/19,8.38
2/8/19,8.33
2/9/19,8.33
2/10/19,8.33
2/11/19,8.37
2/12/19,8.42
2/13/19,8.46
2/14/19,8.43
2/15/19,8.41
2/16/19,8.41
2/17/19,8.41
2/18/19,8.41
2/19/19,8.42
2/20/19,8.44
2/21/19,8.42
2/22/19,8.44
2/23/19,8.44
2/24/19,8.44
2/25/19,8.49
2/26/19,8.47
2/27/19,8.47
2/28/19,8.47
3/1/19,8.51
3/2/19,8.51
3/3/19,8.51
3/4/19,8.52
3/5/19,8.46
3/6/19,8.45
3/7/19,8.38
3/8/19,8.34
3/9/19,8.34
3/10/19,8.34
3/11/19,8.42
3/12/19,8.46
3/13/19,8.5
3/14/19,8.5
3/15/19,8.46
3/16/19,8.46
3/17/19,8.46
3/18/19,8.49
3/19/19,8.49
3/20/19,8.47
3/21/19,8.51
3/22/19,8.48
3/23/19,8.48
3/24/19,8.48
3/25/19,8.43
3/26/19,8.48
3/27/19,8.44
3/28/19,8.44
3/29/19,8.47
3/30/19,8.47
3/31/19,8.47
4/1/19,8.53
4/2/19,8.54
4/3/19,8.59
4/4/19,8.59
4/5/19,8.6
4/6/19,8.6
4/7/19,8.6
4/8/19,8.59
4/9/19,8.59
4/10/19,8.59
4/11/19,8.62
4/12/19,8.65
4/13/19,8.65
4/14/19,8.65
4/15/19,8.58
4/16/19,8.6
4/17/19,8.59
4/18/19,8.56
4/19/19,8.56
4/20/19,8.56
4/21/19,8.56
4/22/19,8.56
4/23/19,8.59
4/24/19,8.62
4/25/19,8.62
4/26/19,8.6
4/27/19,8.6
4/28/19,8.6
4/29/19,8.65
4/30/19,8.65
5/1/19,8.65
5/2/19,8.62
5/3/19,8.63
5/4/19,8.63
5/5/19,8.63
5/6/19,8.59
5/7/19,8.59
5/8/19,8.55
5/9/19,8.55
5/10/19,8.51
5/11/19,8.51
5/12/19,8.51
5/13/19,8.41
5/14/19,8.41
5/15/19,8.37
5/16/19,8.45
5/17/19,8.42
5/18/19,8.42
5/19/19,8.42
5/20/19,8.36
5/21/19,8.39
5/22/19,8.41
5/23/19,8.31
5/24/19,8.34
5/25/19,8.34
5/26/19,8.34
5/27/19,8.34
5/28/19,8.35
5/29/19,8.26
5/30/19,8.26
5/31/19,8.2
6/1/19,8.2
6/2/19,8.2
6/3/19,8.17
6/4/19,8.2
6/5/19,8.29
6/6/19,8.31
6/7/19,8.38
6/8/19,8.38
6/9/19,8.38
6/10/19,8.38
6/11/19,8.47
6/12/19,8.41
6/13/19,8.43
6/14/19,8.4
6/15/19,8.4
6/16/19,8.4
6/17/19,8.36
6/18/19,8.44
6/19/19,8.43
6/20/19,8.51
6/21/19,8.48
6/22/19,8.48
6/23/19,8.48
6/24/19,8.47
6/25/19,8.46
6/26/19,8.44
6/27/19,8.45
6/28/19,8.46
6/29/19,8.46
6/30/19,8.46
7/1/19,8.55
7/2/19,8.51
7/3/19,8.53
7/4/19,8.53
7/5/19,8.51
7/6/19,8.51
7/7/19,8.51
7/8/19,8.51
7/9/19,8.52
7/10/19,8.6
7/11/19,8.6
7/12/19,8.61
7/13/19,8.61
7/14/19,8.61
7/15/19,8.57
7/16/19,8.56
7/17/19,8.54
7/18/19,8.51
7/19/19,8.52
7/20/19,8.52
7/21/19,8.52
7/22/19,8.51
7/23/19,8.52
7/24/19,8.55
7/25/19,8.54
7/26/19,8.56
7/27/19,8.56
7/28/19,8.56
7/29/19,8.54
7/30/19,8.54
7/31/19,8.56
8/1/19,8.53
8/2/19,8.41
8/3/19,8.41
8/4/19,8.41
8/5/19,8.28
8/6/19,8.28
8/7/19,8.24
8/8/19,8.33
8/9/19,8.36
8/10/19,8.36
8/11/19,8.36
8/12/19,8.32
8/13/19,8.38
8/14/19,8.3
8/15/19,8.3
8/16/19,8.22
8/17/19,8.22
8/18/19,8.22
8/19/19,8.3
8/20/19,8.29
8/21/19,8.34
8/22/19,8.36
8/23/19,8.32
8/24/19,8.32
8/25/19,8.32
8/26/19,8.26
8/27/19,8.3
8/28/19,8.25
8/29/19,8.34
8/30/19,8.36
8/31/19,8.36
9/1/19,8.36
9/2/19,8.36
9/3/19,8.32
9/4/19,8.33
9/5/19,8.39
9/6/19,8.41
9/7/19,8.41
9/8/19,8.41
9/9/19,8.41
9/10/19,8.37
9/11/19,8.41
9/12/19,8.45
9/13/19,8.44
9/14/19,8.44
9/15/19,8.44
9/16/19,8.37
9/17/19,8.38
9/18/19,8.38
9/19/19,8.4
9/20/19,8.41
9/21/19,8.41
9/22/19,8.41
9/23/19,8.37
9/24/19,8.39
9/25/19,8.29
9/26/19,8.31
9/27/19,8.3
9/28/19,8.3
9/29/19,8.3
9/30/19,8.27
10/1/19,8.32
10/2/19,8.17
10/3/19,8.15
10/4/19,8.23
10/5/19,8.23
10/6/19,8.23
10/7/19,8.25
10/8/19,8.18
10/9/19,8.2
10/10/19,8.24
10/11/19,8.31
10/12/19,8.31
10/13/19,8.31
10/14/19,8.31
10/15/19,8.27
10/16/19,8.27
10/17/19,8.31
10/18/19,8.28
10/19/19,8.28
10/20/19,8.28
10/21/19,8.27
10/22/19,8.3
10/23/19,8.27
10/24/19,8.28
10/25/19,8.3
10/26/19,8.3
10/27/19,8.3
10/28/19,8.37
10/29/19,8.37
10/30/19,8.37
10/31/19,8.35
11/1/19,8.35
11/2/19,8.35
11/3/19,8.35
11/4/19,8.43
11/5/19,8.43
11/6/19,8.4
11/7/19,8.42
11/8/19,8.4
11/9/19,8.4
11/10/19,8.4
11/11/19,8.4
11/12/19,8.44
11/13/19,8.43
11/14/19,8.42
11/15/19,8.39
11/16/19,8.39
11/17/19,8.39
11/18/19,8.41
11/19/19,8.42
11/20/19,8.42
11/21/19,8.4
11/22/19,8.41
11/23/19,8.41
11/24/19,8.41
11/25/19,8.45
11/26/19,8.47
11/27/19,8.49
11/28/19,8.49
11/29/19,8.49
11/30/19,8.49
12/1/19,8.49
12/2/19,8.45
12/3/19,8.37
12/4/19,8.43
12/5/19,8.43
12/6/19,8.47
12/7/19,8.47
12/8/19,8.47
12/9/19,8.48
12/10/19,8.46
12/11/19,8.45
12/12/19,8.49
12/13/19,8.51
12/14/19,8.51
12/15/19,8.51
12/16/19,8.48
12/17/19,8.47
12/18/19,8.5
12/19/19,8.52
12/20/19,8.55
12/21/19,8.55
12/22/19,8.55
12/23/19,8.56
12/24/19,8.56
12/25/19,8.56
12/26/19,8.56
12/27/19,8.57
12/28/19,8.57
12/29/19,8.57
12/30/19,8.55
12/31/19,8.55
1/1/20,8.55
1/2/20,8.61
1/3/20,8.59
1/4/20,8.59
1/5/20,8.59
1/6/20,8.57
1/7/20,8.61
1/8/20,8.65
1/9/20,8.67
1/10/20,8.69
1/11/20,8.69
1/12/20,8.69
1/13/20,8.7
1/14/20,8.71
1/15/20,8.67
1/16/20,8.69
1/17/20,8.7
1/18/20,8.7
1/19/20,8.7
1/20/20,8.7
1/21/20,8.7
1/22/20,8.72
1/23/20,8.67
1/24/20,8.7
1/25/20,8.7
1/26/20,8.7
1/27/20,8.55
1/28/20,8.57
1/29/20,8.61
1/30/20,8.58
1/31/20,8.57
2/1/20,8.57
2/2/20,8.57
2/3/20,8.57
2/4/20,8.67
2/5/20,8.7
2/6/20,8.7
2/7/20,8.7
2/8/20,8.7
2/9/20,8.7
2/10/20,8.71
2/11/20,8.78
2/12/20,8.81
2/13/20,8.81
2/14/20,8.84
2/15/20,8.84
2/16/20,8.84
2/17/20,8.84
2/18/20,8.78
2/19/20,8.83
2/20/20,8.85
2/21/20,8.76
2/22/20,8.76
2/23/20,8.76
2/24/20,8.6
2/25/20,8.59
2/26/20,8.47
2/27/20,8.28
2/28/20,8.05
2/29/20,8.05
3/1/20,8.05
3/2/20,8.16
3/3/20,8.3
3/4/20,8.26
3/5/20,8.26
3/6/20,8.07
3/7/20,8.07
3/8/20,8.07
3/9/20,7.76
3/10/20,7.74
3/11/20,7.67
3/12/20,7.28
3/13/20,7.21
3/14/20,7.21
3/15/20,7.21
3/16/20,6.96
3/17/20,6.8
3/18/20,6.7
3/19/20,6.57
3/20/20,6.71
3/21/20,6.71
3/22/20,6.71
3/23/20,6.43
3/24/20,6.61
3/25/20,6.75
3/26/20,6.95
3/27/20,6.97
3/28/20,6.97
3/29/20,6.97
3/30/20,7.02
3/31/20,7.11
4/1/20,6.95
4/2/20,6.86
4/3/20,6.92
4/4/20,6.92
4/5/20,6.92
4/6/20,7.01
4/7/20,7.23
4/8/20,7.15
4/9/20,7.37
4/10/20,7.37
4/11/20,7.37
4/12/20,7.37
4/13/20,7.37
4/14/20,7.56
4/15/20,7.43
4/16/20,7.45
4/17/20,7.56
4/18/20,7.56
4/19/20,7.56
4/20/20,7.52
4/21/20,7.45
4/22/20,7.43
4/23/20,7.48
4/24/20,7.45
4/25/20,7.45
4/26/20,7.45
4/27/20,7.57
4/28/20,7.6
4/29/20,7.63
4/30/20,7.67
5/1/20,7.67
5/2/20,7.67
5/3/20,7.67
5/4/20,7.5
5/5/20,7.65
5/6/20,7.66
5/7/20,7.73
5/8/20,7.78
5/9/20,7.78
5/10/20,7.78
5/11/20,7.8
5/12/20,7.83
5/13/20,7.74
5/14/20,7.58
5/15/20,7.62
5/16/20,7.62
5/17/20,7.62
5/18/20,7.77
5/19/20,7.8
5/20/20,7.86
5/21/20,7.86
5/22/20,7.87
5/23/20,7.87
5/24/20,7.87
5/25/20,7.87
5/26/20,7.96
5/27/20,7.92
5/28/20,8.03
5/29/20,8.04
5/30/20,8.04
5/31/20,8.04
6/1/20,8.04
6/2/20,8.13
6/3/20,8.22
6/4/20,8.26
6/5/20,8.33
6/6/20,8.33
6/7/20,8.33
6/8/20,8.39
6/9/20,8.41
6/10/20,8.41
6/11/20,8.27
6/12/20,8.21
6/13/20,8.21
6/14/20,8.21
6/15/20,8.03
6/16/20,8.27
6/17/20,8.27
6/18/20,8.25
6/19/20,8.3
6/20/20,8.3
6/21/20,8.3
6/22/20,8.25
6/23/20,8.25
6/24/20,8.22
6/25/20,8.12
6/26/20,8.17
6/27/20,8.17
6/28/20,8.17
6/29/20,8.07
6/30/20,8.14
7/1/20,8.21
7/2/20,8.32
7/3/20,8.32
7/4/20,8.32
7/5/20,8.32
7/6/20,8.38
7/7/20,8.4
7/8/20,8.42
7/9/20,8.44
7/10/20,8.41
7/11/20,8.41
7/12/20,8.41
7/13/20,8.51
7/14/20,8.32
7/15/20,8.4
7/16/20,8.38
7/17/20,8.4
7/18/20,8.4
7/19/20,8.4
7/20/20,8.44
7/21/20,8.55
7/22/20,8.55
7/23/20,8.56
7/24/20,8.41
7/25/20,8.41
7/26/20,8.41
7/27/20,8.48
7/28/20,8.48
7/29/20,8.52
7/30/20,8.49
7/31/20,8.57
8/1/20,8.57
8/2/20,8.57
8/3/20,8.63
8/4/20,8.66
8/5/20,8.69
8/6/20,8.71
8/7/20,8.73
8/8/20,8.73
8/9/20,8.73
8/10/20,8.67
8/11/20,8.67
8/12/20,8.68
8/13/20,8.71
8/14/20,8.71
8/15/20,8.71
8/16/20,8.71
8/17/20,8.67
8/18/20,8.7
8/19/20,8.7
8/20/20,8.7
8/21/20,8.74
8/22/20,8.74
8/23/20,8.74
8/24/20,8.77
8/25/20,8.78
8/26/20,8.86
8/27/20,8.91
8/28/20,8.94
8/29/20,8.94
8/30/20,8.94
8/31/20,8.95
9/1/20,9.03
9/2/20,9.04
9/3/20,9.01
9/4/20,8.8
9/5/20,8.8
9/6/20,8.8
9/7/20,8.8
9/8/20,8.69
9/9/20,8.7
9/10/20,8.8
9/11/20,8.69
9/12/20,8.69
9/13/20,8.69
9/14/20,8.75
9/15/20,8.75
9/16/20,8.76
9/17/20,8.65
9/18/20,8.67
9/19/20,8.67
9/20/20,8.67
9/21/20,8.58
9/22/20,8.59
9/23/20,8.63
9/24/20,8.49
9/25/20,8.52
9/26/20,8.52
9/27/20,8.52
9/28/20,8.67
9/29/20,8.7
9/30/20,8.74
10/1/20,8.8
10/2/20,8.77
10/3/20,8.77
10/4/20,8.77
10/5/20,8.81
10/6/20,8.85
10/7/20,8.86
10/8/20,8.92
10/9/20,8.97
10/10/20,8.97
10/11/20,8.97
10/12/20,8.97
10/13/20,9.06
10/14/20,9.08
10/15/20,8.92
10/16/20,8.97
10/17/20,8.97
10/18/20,8.97
10/19/20,8.97
10/20/20,8.91
10/21/20,8.94
10/22/20,8.91
10/23/20,8.9
10/24/20,8.9
10/25/20,8.9
10/26/20,8.85
10/27/20,8.85
10/28/20,8.68
10/29/20,8.68
10/30/20,8.56
10/31/20,8.56
11/1/20,8.56
11/2/20,8.65
11/3/20,8.69
11/4/20,8.84
