Date,CUAM China-Hong Kong Strategy A
4/17/15,10.0
4/18/15,10.0
4/19/15,10.0
4/20/15,9.64
4/21/15,9.97
4/22/15,10.12
4/23/15,10.08
4/24/15,10.09
4/25/15,10.09
4/26/15,10.09
4/27/15,10.18
4/28/15,10.08
4/29/15,10.05
4/30/15,10.04
5/1/15,10.04
5/2/15,10.04
5/3/15,10.04
5/4/15,10.07
5/5/15,9.85
5/6/15,9.73
5/7/15,9.5
5/8/15,9.76
5/9/15,9.76
5/10/15,9.76
5/11/15,9.91
5/12/15,9.85
5/13/15,9.76
5/14/15,9.74
5/15/15,9.9
5/16/15,9.9
5/17/15,9.9
5/18/15,9.88
5/19/15,10.02
5/20/15,9.96
5/21/15,9.91
5/22/15,10.07
5/23/15,10.07
5/24/15,10.07
5/25/15,10.07
5/26/15,10.31
5/27/15,10.33
5/28/15,10.06
5/29/15,10.08
5/30/15,10.08
5/31/15,10.08
6/1/15,10.17
6/2/15,10.07
6/3/15,10.01
6/4/15,9.96
6/5/15,9.86
6/6/15,9.86
6/7/15,9.86
6/8/15,9.79
6/9/15,9.56
6/10/15,9.51
6/11/15,9.54
6/12/15,9.8
6/13/15,9.8
6/14/15,9.8
6/15/15,9.68
6/16/15,9.48
6/17/15,9.61
6/18/15,9.56
6/19/15,9.5
6/20/15,9.5
6/21/15,9.5
6/22/15,9.51
6/23/15,9.65
6/24/15,9.7
6/25/15,9.6
6/26/15,9.36
6/27/15,9.36
6/28/15,9.36
6/29/15,8.97
6/30/15,9.19
7/1/15,9.19
7/2/15,9.03
7/3/15,8.77
7/4/15,8.77
7/5/15,8.77
7/6/15,8.13
7/7/15,7.78
7/8/15,7.15
7/9/15,8.0
7/10/15,8.38
7/11/15,8.38
7/12/15,8.38
7/13/15,8.58
7/14/15,8.52
7/15/15,8.32
7/16/15,8.48
7/17/15,8.62
7/18/15,8.62
7/19/15,8.62
7/20/15,8.62
7/21/15,8.68
7/22/15,8.55
7/23/15,8.6
7/24/15,8.51
7/25/15,8.51
7/26/15,8.51
7/27/15,8.06
7/28/15,8.05
7/29/15,8.12
7/30/15,8.06
7/31/15,8.11
8/1/15,8.11
8/2/15,8.11
8/3/15,7.98
8/4/15,7.99
8/5/15,8.0
8/6/15,7.97
8/7/15,8.07
8/8/15,8.07
8/9/15,8.07
8/10/15,8.22
8/11/15,8.17
8/12/15,7.9
8/13/15,7.95
8/14/15,7.98
8/15/15,7.98
8/16/15,7.98
8/17/15,7.94
8/18/15,7.79
8/19/15,7.69
8/20/15,7.44
8/21/15,7.25
8/22/15,7.25
8/23/15,7.25
8/24/15,6.67
8/25/15,6.73
8/26/15,6.74
8/27/15,7.11
8/28/15,7.07
8/29/15,7.07
8/30/15,7.07
8/31/15,7.01
9/1/15,6.82
9/2/15,6.78
9/3/15,6.78
9/4/15,6.78
9/5/15,6.78
9/6/15,6.78
9/7/15,6.81
9/8/15,7.05
9/9/15,7.31
9/10/15,7.15
9/11/15,7.16
9/12/15,7.16
9/13/15,7.16
9/14/15,7.11
9/15/15,7.11
9/16/15,7.3
9/17/15,7.31
9/18/15,7.43
9/19/15,7.43
9/20/15,7.43
9/21/15,7.38
9/22/15,7.41
9/23/15,7.28
9/24/15,7.28
9/25/15,7.25
9/26/15,7.25
9/27/15,7.25
9/28/15,7.25
9/29/15,7.06
9/30/15,7.13
10/1/15,7.13
10/2/15,7.32
10/3/15,7.32
10/4/15,7.32
10/5/15,7.48
10/6/15,7.45
10/7/15,7.7
10/8/15,7.66
10/9/15,7.67
10/10/15,7.67
10/11/15,7.67
10/12/15,7.8
10/13/15,7.74
10/14/15,7.65
10/15/15,7.78
10/16/15,7.86
10/17/15,7.86
10/18/15,7.86
10/19/15,7.88
10/20/15,7.85
10/21/15,7.85
10/22/15,7.76
10/23/15,7.85
10/24/15,7.85
10/25/15,7.85
10/26/15,7.86
10/27/15,7.85
10/28/15,7.74
10/29/15,7.7
10/30/15,7.65
10/31/15,7.65
11/1/15,7.65
11/2/15,7.62
11/3/15,7.62
11/4/15,7.86
11/5/15,7.91
11/6/15,7.99
11/7/15,7.99
11/8/15,7.99
11/9/15,7.93
11/10/15,7.86
11/11/15,7.84
11/12/15,7.94
11/13/15,7.83
11/14/15,7.83
11/15/15,7.83
11/16/15,7.69
11/17/15,7.69
11/18/15,7.73
11/19/15,7.82
11/20/15,7.97
11/21/15,7.97
11/22/15,7.97
11/23/15,7.97
11/24/15,7.97
11/25/15,7.95
11/26/15,7.89
11/27/15,7.71
11/28/15,7.71
11/29/15,7.71
11/30/15,7.72
12/1/15,7.72
12/2/15,7.84
12/3/15,7.84
12/4/15,7.84
12/5/15,7.84
12/6/15,7.84
12/7/15,7.74
12/8/15,7.66
12/9/15,7.56
12/10/15,7.55
12/11/15,7.4
12/12/15,7.4
12/13/15,7.4
12/14/15,7.37
12/15/15,7.37
12/16/15,7.51
12/17/15,7.51
12/18/15,7.51
12/19/15,7.51
12/20/15,7.51
12/21/15,7.58
12/22/15,7.57
12/23/15,7.6
12/24/15,7.6
12/25/15,7.6
12/26/15,7.6
12/27/15,7.6
12/28/15,7.56
12/29/15,7.57
12/30/15,7.53
12/31/15,7.58
1/1/16,7.58
1/2/16,7.58
1/3/16,7.58
1/4/16,7.31
1/5/16,7.28
1/6/16,7.23
1/7/16,6.93
1/8/16,6.91
1/9/16,6.91
1/10/16,6.91
1/11/16,6.62
1/12/16,6.56
1/13/16,6.56
1/14/16,6.51
1/15/16,6.41
1/16/16,6.41
1/17/16,6.41
1/18/16,6.3
1/19/16,6.45
1/20/16,6.22
1/21/16,6.09
1/22/16,6.25
1/23/16,6.25
1/24/16,6.25
1/25/16,6.29
1/26/16,6.11
1/27/16,6.13
1/28/16,6.13
1/29/16,6.27
1/30/16,6.27
1/31/16,6.27
2/1/16,6.27
2/2/16,6.26
2/3/16,6.13
2/4/16,6.17
2/5/16,6.17
2/6/16,6.17
2/7/16,6.17
2/8/16,6.17
2/9/16,6.17
2/10/16,6.18
2/11/16,5.94
2/12/16,5.85
2/13/16,5.85
2/14/16,5.85
2/15/16,6.05
2/16/16,6.18
2/17/16,6.16
2/18/16,6.31
2/19/16,6.3
2/20/16,6.3
2/21/16,6.3
2/22/16,6.41
2/23/16,6.34
2/24/16,6.3
2/25/16,6.17
2/26/16,6.28
2/27/16,6.28
2/28/16,6.28
2/29/16,6.24
3/1/16,6.3
3/2/16,6.49
3/3/16,6.47
3/4/16,6.54
3/5/16,6.54
3/6/16,6.54
3/7/16,6.56
3/8/16,6.51
3/9/16,6.48
3/10/16,6.5
3/11/16,6.57
3/12/16,6.57
3/13/16,6.57
3/14/16,6.7
3/15/16,6.65
3/16/16,6.58
3/17/16,6.67
3/18/16,6.77
3/19/16,6.77
3/20/16,6.77
3/21/16,6.81
3/22/16,6.79
3/23/16,6.76
3/24/16,6.72
3/25/16,6.72
3/26/16,6.72
3/27/16,6.72
3/28/16,6.72
3/29/16,6.71
3/30/16,6.79
3/31/16,6.83
4/1/16,6.83
4/2/16,6.83
4/3/16,6.83
4/4/16,6.83
4/5/16,6.75
4/6/16,6.77
4/7/16,6.8
4/8/16,6.81
4/9/16,6.81
4/10/16,6.81
4/11/16,6.84
4/12/16,6.9
4/13/16,7.02
4/14/16,7.04
4/15/16,7.01
4/16/16,7.01
4/17/16,7.01
4/18/16,6.98
4/19/16,7.03
4/20/16,6.99
4/21/16,7.03
4/22/16,7.0
4/23/16,7.0
4/24/16,7.0
4/25/16,6.95
4/26/16,6.95
4/27/16,6.95
4/28/16,6.95
4/29/16,6.9
4/30/16,6.9
5/1/16,6.9
5/2/16,6.9
5/3/16,6.85
5/4/16,6.84
5/5/16,6.83
5/6/16,6.77
5/7/16,6.77
5/8/16,6.77
5/9/16,6.76
5/10/16,6.78
5/11/16,6.77
5/12/16,6.74
5/13/16,6.69
5/14/16,6.69
5/15/16,6.69
5/16/16,6.72
5/17/16,6.78
5/18/16,6.74
5/19/16,6.69
5/20/16,6.7
5/21/16,6.7
5/22/16,6.7
5/23/16,6.71
5/24/16,6.71
5/25/16,6.78
5/26/16,6.79
5/27/16,6.9
5/28/16,6.9
5/29/16,6.9
5/30/16,6.89
5/31/16,6.96
6/1/16,6.93
6/2/16,6.96
6/3/16,6.98
6/4/16,6.98
6/5/16,6.98
6/6/16,7.04
6/7/16,7.12
6/8/16,7.05
6/9/16,7.05
6/10/16,6.94
6/11/16,6.94
6/12/16,6.94
6/13/16,6.83
6/14/16,6.84
6/15/16,6.88
6/16/16,6.82
6/17/16,6.84
6/18/16,6.84
6/19/16,6.84
6/20/16,6.92
6/21/16,6.96
6/22/16,7.02
6/23/16,7.02
6/24/16,6.9
6/25/16,6.9
6/26/16,6.9
6/27/16,6.91
6/28/16,6.91
6/29/16,6.97
6/30/16,7.06
7/1/16,7.06
7/2/16,7.06
7/3/16,7.06
7/4/16,7.13
7/5/16,7.09
7/6/16,7.03
7/7/16,7.07
7/8/16,7.06
7/9/16,7.06
7/10/16,7.06
7/11/16,7.14
7/12/16,7.2
7/13/16,7.22
7/14/16,7.26
7/15/16,7.29
7/16/16,7.29
7/17/16,7.29
7/18/16,7.28
7/19/16,7.28
7/20/16,7.29
7/21/16,7.3
7/22/16,7.31
7/23/16,7.31
7/24/16,7.31
7/25/16,7.34
7/26/16,7.42
7/27/16,7.42
7/28/16,7.43
7/29/16,7.32
7/30/16,7.32
7/31/16,7.32
8/1/16,7.39
8/2/16,7.39
8/3/16,7.3
8/4/16,7.34
8/5/16,7.47
8/6/16,7.47
8/7/16,7.47
8/8/16,7.6
8/9/16,7.66
8/10/16,7.64
8/11/16,7.73
8/12/16,7.8
8/13/16,7.8
8/14/16,7.8
8/15/16,7.91
8/16/16,7.91
8/17/16,7.9
8/18/16,8.06
8/19/16,8.05
8/20/16,8.05
8/21/16,8.05
8/22/16,8.03
8/23/16,7.98
8/24/16,7.91
8/25/16,7.88
8/26/16,7.92
8/27/16,7.92
8/28/16,7.92
8/29/16,7.88
8/30/16,7.98
8/31/16,7.96
9/1/16,8.04
9/2/16,8.07
9/3/16,8.07
9/4/16,8.07
9/5/16,8.18
9/6/16,8.29
9/7/16,8.27
9/8/16,8.35
9/9/16,8.38
9/10/16,8.38
9/11/16,8.38
9/12/16,8.16
9/13/16,8.17
9/14/16,8.17
9/15/16,8.27
9/16/16,8.27
9/17/16,8.27
9/18/16,8.27
9/19/16,8.33
9/20/16,8.33
9/21/16,8.44
9/22/16,8.52
9/23/16,8.52
9/24/16,8.52
9/25/16,8.52
9/26/16,8.34
9/27/16,8.45
9/28/16,8.45
9/29/16,8.49
9/30/16,8.36
10/1/16,8.36
10/2/16,8.36
10/3/16,8.43
10/4/16,8.5
10/5/16,8.52
10/6/16,8.54
10/7/16,8.49
10/8/16,8.49
10/9/16,8.49
10/10/16,8.49
10/11/16,8.41
10/12/16,8.38
10/13/16,8.26
10/14/16,8.29
10/15/16,8.29
10/16/16,8.29
10/17/16,8.24
10/18/16,8.38
10/19/16,8.38
10/20/16,8.42
10/21/16,8.42
10/22/16,8.42
10/23/16,8.42
10/24/16,8.53
10/25/16,8.52
10/26/16,8.45
10/27/16,8.41
10/28/16,8.34
10/29/16,8.34
10/30/16,8.34
10/31/16,8.22
11/1/16,8.27
11/2/16,8.14
11/3/16,8.11
11/4/16,8.13
11/5/16,8.13
11/6/16,8.13
11/7/16,8.26
11/8/16,8.29
11/9/16,8.16
11/10/16,8.22
11/11/16,8.14
11/12/16,8.14
11/13/16,8.14
11/14/16,7.99
11/15/16,8.03
11/16/16,8.12
11/17/16,8.14
11/18/16,8.15
11/19/16,8.15
11/20/16,8.15
11/21/16,8.14
11/22/16,8.22
11/23/16,8.21
11/24/16,8.22
11/25/16,8.24
11/26/16,8.24
11/27/16,8.24
11/28/16,8.26
11/29/16,8.23
11/30/16,8.25
12/1/16,8.19
12/2/16,8.07
12/3/16,8.07
12/4/16,8.07
12/5/16,8.05
12/6/16,8.06
12/7/16,8.07
12/8/16,8.16
12/9/16,8.1
12/10/16,8.1
12/11/16,8.1
12/12/16,7.97
12/13/16,7.98
12/14/16,7.96
12/15/16,7.82
12/16/16,7.84
12/17/16,7.84
12/18/16,7.84
12/19/16,7.8
12/20/16,7.78
12/21/16,7.82
12/22/16,7.73
12/23/16,7.71
12/24/16,7.71
12/25/16,7.71
12/26/16,7.71
12/27/16,7.71
12/28/16,7.8
12/29/16,7.83
12/30/16,7.88
12/31/16,7.88
1/1/17,7.88
1/2/17,7.88
1/3/17,7.91
1/4/17,7.93
1/5/17,8.08
1/6/17,8.07
1/7/17,8.07
1/8/17,8.07
1/9/17,8.11
1/10/17,8.2
1/11/17,8.25
1/12/17,8.24
1/13/17,8.27
1/14/17,8.27
1/15/17,8.27
1/16/17,8.2
1/17/17,8.3
1/18/17,8.38
1/19/17,8.4
1/20/17,8.38
1/21/17,8.38
1/22/17,8.38
1/23/17,8.41
1/24/17,8.43
1/25/17,8.5
1/26/17,8.52
1/27/17,8.49
1/28/17,8.49
1/29/17,8.49
1/30/17,8.49
1/31/17,8.49
2/1/17,8.49
2/2/17,8.47
2/3/17,8.49
2/4/17,8.49
2/5/17,8.49
2/6/17,8.58
2/7/17,8.6
2/8/17,8.71
2/9/17,8.75
2/10/17,8.77
2/11/17,8.77
2/12/17,8.77
2/13/17,8.88
2/14/17,8.88
2/15/17,8.97
2/16/17,9.05
2/17/17,9.01
2/18/17,9.01
2/19/17,9.01
2/20/17,9.06
2/21/17,9.02
2/22/17,9.08
2/23/17,9.07
2/24/17,9.04
2/25/17,9.04
2/26/17,9.04
2/27/17,9.02
2/28/17,9.0
3/1/17,9.08
3/2/17,9.03
3/3/17,9.01
3/4/17,9.01
3/5/17,9.01
3/6/17,9.06
3/7/17,9.1
3/8/17,9.22
3/9/17,9.1
3/10/17,9.15
3/11/17,9.15
3/12/17,9.15
3/13/17,9.37
3/14/17,9.35
3/15/17,9.4
3/16/17,9.56
3/17/17,9.51
3/18/17,9.51
3/19/17,9.51
3/20/17,9.54
3/21/17,9.54
3/22/17,9.51
3/23/17,9.51
3/24/17,9.56
3/25/17,9.56
3/26/17,9.56
3/27/17,9.46
3/28/17,9.52
3/29/17,9.56
3/30/17,9.53
3/31/17,9.51
4/1/17,9.51
4/2/17,9.51
4/3/17,9.59
4/4/17,9.59
4/5/17,9.58
4/6/17,9.51
4/7/17,9.51
4/8/17,9.51
4/9/17,9.51
4/10/17,9.47
4/11/17,9.4
4/12/17,9.47
4/13/17,9.46
4/14/17,9.46
4/15/17,9.46
4/16/17,9.46
4/17/17,9.46
4/18/17,9.38
4/19/17,9.44
4/20/17,9.56
4/21/17,9.57
4/22/17,9.57
4/23/17,9.57
4/24/17,9.58
4/25/17,9.72
4/26/17,9.67
4/27/17,9.66
4/28/17,9.63
4/29/17,9.63
4/30/17,9.63
5/1/17,9.63
5/2/17,9.7
5/3/17,9.7
5/4/17,9.6
5/5/17,9.53
5/6/17,9.53
5/7/17,9.53
5/8/17,9.6
5/9/17,9.76
5/10/17,9.79
5/11/17,9.84
5/12/17,9.88
5/13/17,9.88
5/14/17,9.88
5/15/17,9.92
5/16/17,10.06
5/17/17,9.96
5/18/17,9.89
5/19/17,10.0
5/20/17,10.0
5/21/17,10.0
5/22/17,10.11
5/23/17,10.05
5/24/17,9.98
5/25/17,10.08
5/26/17,10.09
5/27/17,10.09
5/28/17,10.09
5/29/17,10.1
5/30/17,10.1
5/31/17,10.07
6/1/17,10.13
6/2/17,10.24
6/3/17,10.24
6/4/17,10.24
6/5/17,10.3
6/6/17,10.31
6/7/17,10.35
6/8/17,10.53
6/9/17,10.44
6/10/17,10.44
6/11/17,10.44
6/12/17,10.32
6/13/17,10.34
6/14/17,10.28
6/15/17,10.16
6/16/17,10.18
6/17/17,10.18
6/18/17,10.18
6/19/17,10.35
6/20/17,10.32
6/21/17,10.39
6/22/17,10.37
6/23/17,10.4
6/24/17,10.4
6/25/17,10.4
6/26/17,10.44
6/27/17,10.42
6/28/17,10.38
6/29/17,10.44
6/30/17,10.39
7/1/17,10.39
7/2/17,10.39
7/3/17,10.47
7/4/17,10.33
7/5/17,10.42
7/6/17,10.4
7/7/17,10.38
7/8/17,10.38
7/9/17,10.38
7/10/17,10.45
7/11/17,10.72
7/12/17,10.8
7/13/17,10.88
7/14/17,10.98
7/15/17,10.98
7/16/17,10.98
7/17/17,11.0
7/18/17,11.02
7/19/17,11.16
7/20/17,11.16
7/21/17,11.07
7/22/17,11.07
7/23/17,11.07
7/24/17,11.17
7/25/17,11.14
7/26/17,11.17
7/27/17,11.27
7/28/17,11.25
7/29/17,11.25
7/30/17,11.25
7/31/17,11.43
8/1/17,11.46
8/2/17,11.46
8/3/17,11.42
8/4/17,11.51
8/5/17,11.51
8/6/17,11.51
8/7/17,11.63
8/8/17,11.73
8/9/17,11.74
8/10/17,11.47
8/11/17,11.16
8/12/17,11.16
8/13/17,11.16
8/14/17,11.37
8/15/17,11.37
8/16/17,11.46
8/17/17,11.45
8/18/17,11.42
8/19/17,11.42
8/20/17,11.42
8/21/17,11.51
8/22/17,11.63
8/23/17,11.63
8/24/17,11.65
8/25/17,11.64
8/26/17,11.64
8/27/17,11.64
8/28/17,11.55
8/29/17,11.48
8/30/17,11.71
8/31/17,11.71
9/1/17,11.68
9/2/17,11.68
9/3/17,11.68
9/4/17,11.59
9/5/17,11.68
9/6/17,11.7
9/7/17,11.74
9/8/17,11.69
9/9/17,11.69
9/10/17,11.69
9/11/17,11.8
9/12/17,11.9
9/13/17,11.93
9/14/17,11.82
9/15/17,11.86
9/16/17,11.86
9/17/17,11.86
9/18/17,12.14
9/19/17,12.14
9/20/17,12.2
9/21/17,12.24
9/22/17,12.1
9/23/17,12.1
9/24/17,12.1
9/25/17,11.64
9/26/17,11.59
9/27/17,11.73
9/28/17,11.55
9/29/17,11.64
9/30/17,11.64
10/1/17,11.64
10/2/17,11.64
10/3/17,12.01
10/4/17,12.15
10/5/17,12.15
10/6/17,12.3
10/7/17,12.3
10/8/17,12.3
10/9/17,12.26
10/10/17,12.32
10/11/17,12.21
10/12/17,12.27
10/13/17,12.26
10/14/17,12.26
10/15/17,12.26
10/16/17,12.39
10/17/17,12.31
10/18/17,12.39
10/19/17,12.15
10/20/17,12.36
10/21/17,12.36
10/22/17,12.36
10/23/17,12.29
10/24/17,12.23
10/25/17,12.26
10/26/17,12.13
10/27/17,12.19
10/28/17,12.19
10/29/17,12.19
10/30/17,12.07
10/31/17,12.16
11/1/17,12.27
11/2/17,12.25
11/3/17,12.29
11/4/17,12.29
11/5/17,12.29
11/6/17,12.44
11/7/17,12.53
11/8/17,12.49
11/9/17,12.66
11/10/17,12.72
11/11/17,12.72
11/12/17,12.72
11/13/17,12.78
11/14/17,12.74
11/15/17,12.56
11/16/17,12.83
11/17/17,12.99
11/18/17,12.99
11/19/17,12.99
11/20/17,12.98
11/21/17,13.32
11/22/17,13.39
11/23/17,13.11
11/24/17,13.21
11/25/17,13.21
11/26/17,13.21
11/27/17,12.95
11/28/17,12.97
11/29/17,12.85
11/30/17,12.57
12/1/17,12.45
12/2/17,12.45
12/3/17,12.45
12/4/17,12.5
12/5/17,12.32
12/6/17,12.0
12/7/17,12.12
12/8/17,12.39
12/9/17,12.39
12/10/17,12.39
12/11/17,12.66
12/12/17,12.43
12/13/17,12.52
12/14/17,12.57
12/15/17,12.41
12/16/17,12.41
12/17/17,12.41
12/18/17,12.48
12/19/17,12.55
12/20/17,12.47
12/21/17,12.62
12/22/17,12.72
12/23/17,12.72
12/24/17,12.72
12/25/17,12.72
12/26/17,12.72
12/27/17,12.68
12/28/17,12.77
12/29/17,12.81
12/30/17,12.81
12/31/17,12.81
1/1/18,12.81
1/2/18,13.32
1/3/18,13.42
1/4/18,13.58
1/5/18,13.58
1/6/18,13.58
1/7/18,13.58
1/8/18,13.68
1/9/18,13.79
1/10/18,13.78
1/11/18,13.74
1/12/18,13.91
1/13/18,13.91
1/14/18,13.91
1/15/18,13.79
1/16/18,14.04
1/17/18,14.12
1/18/18,14.17
1/19/18,14.26
1/20/18,14.26
1/21/18,14.26
1/22/18,14.39
1/23/18,14.62
1/24/18,14.52
1/25/18,14.49
1/26/18,14.74
1/27/18,14.74
1/28/18,14.74
1/29/18,14.63
1/30/18,14.46
1/31/18,14.63
2/1/18,14.47
2/2/18,14.39
2/3/18,14.39
2/4/18,14.39
2/5/18,14.15
2/6/18,13.56
2/7/18,13.27
2/8/18,13.23
2/9/18,12.94
2/10/18,12.94
2/11/18,12.94
2/12/18,13.1
2/13/18,13.35
2/14/18,13.75
2/15/18,14.08
2/16/18,14.08
2/17/18,14.08
2/18/18,14.08
2/19/18,14.08
2/20/18,14.06
2/21/18,14.23
2/22/18,14.06
2/23/18,14.35
2/24/18,14.35
2/25/18,14.35
2/26/18,14.36
2/27/18,14.09
2/28/18,13.88
3/1/18,13.94
3/2/18,13.79
3/3/18,13.79
3/4/18,13.79
3/5/18,13.65
3/6/18,13.92
3/7/18,13.91
3/8/18,14.13
3/9/18,14.26
3/10/18,14.26
3/11/18,14.26
3/12/18,14.49
3/13/18,14.44
3/14/18,14.43
3/15/18,14.62
3/16/18,14.59
3/17/18,14.59
3/18/18,14.59
3/19/18,14.58
3/20/18,14.71
3/21/18,14.53
3/22/18,14.15
3/23/18,13.79
3/24/18,13.79
3/25/18,13.79
3/26/18,13.94
3/27/18,13.88
3/28/18,13.47
3/29/18,13.6
3/30/18,13.6
3/31/18,13.6
4/1/18,13.6
4/2/18,13.6
4/3/18,13.49
4/4/18,13.35
4/5/18,13.35
4/6/18,13.38
4/7/18,13.38
4/8/18,13.38
4/9/18,13.54
4/10/18,13.81
4/11/18,13.82
4/12/18,13.7
4/13/18,13.55
4/14/18,13.55
4/15/18,13.55
4/16/18,13.36
4/17/18,13.28
4/18/18,13.34
4/19/18,13.55
4/20/18,13.4
4/21/18,13.4
4/22/18,13.4
4/23/18,13.27
4/24/18,13.38
4/25/18,13.29
4/26/18,13.24
4/27/18,13.37
4/28/18,13.37
4/29/18,13.37
4/30/18,13.48
5/1/18,13.48
5/2/18,13.49
5/3/18,13.42
5/4/18,13.44
5/5/18,13.44
5/6/18,13.44
5/7/18,13.64
5/8/18,13.75
5/9/18,13.79
5/10/18,13.94
5/11/18,13.96
5/12/18,13.96
5/13/18,13.96
5/14/18,14.07
5/15/18,14.04
5/16/18,14.0
5/17/18,14.04
5/18/18,14.16
5/19/18,14.16
5/20/18,14.16
5/21/18,14.2
5/22/18,14.2
5/23/18,14.08
5/24/18,14.14
5/25/18,14.19
5/26/18,14.19
5/27/18,14.19
5/28/18,14.3
5/29/18,14.2
5/30/18,14.04
5/31/18,14.27
6/1/18,14.34
6/2/18,14.34
6/3/18,14.34
6/4/18,14.61
6/5/18,14.64
6/6/18,14.68
6/7/18,14.6
6/8/18,14.46
6/9/18,14.46
6/10/18,14.46
6/11/18,14.54
6/12/18,14.62
6/13/18,14.41
6/14/18,14.3
6/15/18,14.18
6/16/18,14.18
6/17/18,14.18
6/18/18,14.18
6/19/18,13.77
6/20/18,13.89
6/21/18,13.71
6/22/18,13.73
6/23/18,13.73
6/24/18,13.73
6/25/18,13.39
6/26/18,13.27
6/27/18,12.83
6/28/18,12.89
6/29/18,13.22
6/30/18,13.22
7/1/18,13.22
7/2/18,13.22
7/3/18,13.04
7/4/18,12.78
7/5/18,12.75
7/6/18,12.9
7/7/18,12.9
7/8/18,12.9
7/9/18,13.19
7/10/18,13.12
7/11/18,12.91
7/12/18,13.09
7/13/18,13.11
7/14/18,13.11
7/15/18,13.11
7/16/18,13.13
7/17/18,13.02
7/18/18,13.05
7/19/18,12.95
7/20/18,12.99
7/21/18,12.99
7/22/18,12.99
7/23/18,12.94
7/24/18,13.02
7/25/18,13.23
7/26/18,13.11
7/27/18,13.03
7/28/18,13.03
7/29/18,13.03
7/30/18,12.84
7/31/18,12.78
8/1/18,12.7
8/2/18,12.41
8/3/18,12.33
8/4/18,12.33
8/5/18,12.33
8/6/18,12.3
8/7/18,12.49
8/8/18,12.48
8/9/18,12.64
8/10/18,12.62
8/11/18,12.62
8/12/18,12.62
8/13/18,12.45
8/14/18,12.28
8/15/18,12.0
8/16/18,11.95
8/17/18,11.95
8/18/18,11.95
8/19/18,11.95
8/20/18,12.18
8/21/18,12.3
8/22/18,12.41
8/23/18,12.34
8/24/18,12.28
8/25/18,12.28
8/26/18,12.28
8/27/18,12.62
8/28/18,12.67
8/29/18,12.72
8/30/18,12.5
8/31/18,12.39
9/1/18,12.39
9/2/18,12.39
9/3/18,12.32
9/4/18,12.39
9/5/18,12.04
9/6/18,11.89
9/7/18,11.92
9/8/18,11.92
9/9/18,11.92
9/10/18,11.62
9/11/18,11.59
9/12/18,11.53
9/13/18,11.78
9/14/18,11.92
9/15/18,11.92
9/16/18,11.92
9/17/18,11.77
9/18/18,11.82
9/19/18,11.96
9/20/18,11.98
9/21/18,12.17
9/22/18,12.17
9/23/18,12.17
9/24/18,12.02
9/25/18,12.02
9/26/18,12.13
9/27/18,12.09
9/28/18,12.1
9/29/18,12.1
9/30/18,12.1
10/1/18,12.1
10/2/18,11.86
10/3/18,11.84
10/4/18,11.62
10/5/18,11.56
10/6/18,11.56
10/7/18,11.56
10/8/18,11.39
10/9/18,11.39
10/10/18,11.2
10/11/18,10.95
10/12/18,11.18
10/13/18,11.18
10/14/18,11.18
10/15/18,11.1
10/16/18,11.1
10/17/18,11.1
10/18/18,10.95
10/19/18,11.03
10/20/18,11.03
10/21/18,11.03
10/22/18,11.28
10/23/18,10.97
10/24/18,10.86
10/25/18,10.85
10/26/18,10.78
10/27/18,10.78
10/28/18,10.78
10/29/18,10.62
10/30/18,10.62
10/31/18,10.87
11/1/18,11.1
11/2/18,11.38
11/3/18,11.38
11/4/18,11.38
11/5/18,11.22
11/6/18,11.29
11/7/18,11.37
11/8/18,11.33
11/9/18,11.09
11/10/18,11.09
11/11/18,11.09
11/12/18,11.05
11/13/18,11.16
11/14/18,11.12
11/15/18,11.3
11/16/18,11.27
11/17/18,11.27
11/18/18,11.27
11/19/18,11.26
11/20/18,11.06
11/21/18,11.18
11/22/18,11.2
11/23/18,11.14
11/24/18,11.14
11/25/18,11.14
11/26/18,11.27
11/27/18,11.26
11/28/18,11.37
11/29/18,11.34
11/30/18,11.4
12/1/18,11.4
12/2/18,11.4
12/3/18,11.67
12/4/18,11.64
12/5/18,11.53
12/6/18,11.25
12/7/18,11.17
12/8/18,11.17
12/9/18,11.17
12/10/18,11.04
12/11/18,11.07
12/12/18,11.21
12/13/18,11.3
12/14/18,11.17
12/15/18,11.17
12/16/18,11.17
12/17/18,11.1
12/18/18,11.02
12/19/18,10.98
12/20/18,10.89
12/21/18,10.86
12/22/18,10.86
12/23/18,10.86
12/24/18,10.82
12/25/18,10.82
12/26/18,10.82
12/27/18,10.83
12/28/18,10.89
12/29/18,10.89
12/30/18,10.89
12/31/18,10.94
1/1/19,10.94
1/2/19,10.82
1/3/19,10.73
1/4/19,10.99
1/5/19,10.99
1/6/19,10.99
1/7/19,11.08
1/8/19,11.14
1/9/19,11.36
1/10/19,11.41
1/11/19,11.46
1/12/19,11.46
1/13/19,11.46
1/14/19,11.36
1/15/19,11.59
1/16/19,11.66
1/17/19,11.62
1/18/19,11.79
1/19/19,11.79
1/20/19,11.79
1/21/19,11.84
1/22/19,11.75
1/23/19,11.74
1/24/19,11.81
1/25/19,12.02
1/26/19,12.02
1/27/19,12.02
1/28/19,12.01
1/29/19,12.0
1/30/19,12.1
1/31/19,12.24
2/1/19,12.23
2/2/19,12.23
2/3/19,12.23
2/4/19,12.29
2/5/19,12.29
2/6/19,12.29
2/7/19,12.29
2/8/19,12.31
2/9/19,12.31
2/10/19,12.31
2/11/19,12.42
2/12/19,12.39
2/13/19,12.5
2/14/19,12.46
2/15/19,12.25
2/16/19,12.25
2/17/19,12.25
2/18/19,12.39
2/19/19,12.43
2/20/19,12.53
2/21/19,12.56
2/22/19,12.71
2/23/19,12.71
2/24/19,12.71
2/25/19,12.93
2/26/19,12.81
2/27/19,12.78
2/28/19,12.74
3/1/19,12.91
3/2/19,12.91
3/3/19,12.91
3/4/19,13.06
3/5/19,13.05
3/6/19,13.13
3/7/19,12.87
3/8/19,12.63
3/9/19,12.63
3/10/19,12.63
3/11/19,12.82
3/12/19,12.97
3/13/19,13.0
3/14/19,12.99
3/15/19,13.08
3/16/19,13.08
3/17/19,13.08
3/18/19,13.3
3/19/19,13.27
3/20/19,13.22
3/21/19,13.14
3/22/19,13.13
3/23/19,13.13
3/24/19,13.13
3/25/19,12.97
3/26/19,12.98
3/27/19,13.09
3/28/19,13.13
3/29/19,13.39
3/30/19,13.39
3/31/19,13.39
4/1/19,13.59
4/2/19,13.61
4/3/19,13.7
4/4/19,13.74
4/5/19,13.74
4/6/19,13.74
4/7/19,13.74
4/8/19,13.89
4/9/19,13.87
4/10/19,13.88
4/11/19,13.72
4/12/19,13.77
4/13/19,13.77
4/14/19,13.77
4/15/19,13.64
4/16/19,13.8
4/17/19,13.82
4/18/19,13.72
4/19/19,13.72
4/20/19,13.72
4/21/19,13.72
4/22/19,13.72
4/23/19,13.81
4/24/19,13.77
4/25/19,13.63
4/26/19,13.66
4/27/19,13.66
4/28/19,13.66
4/29/19,13.75
4/30/19,13.69
5/1/19,13.69
5/2/19,13.82
5/3/19,13.89
5/4/19,13.89
5/5/19,13.89
5/6/19,13.38
5/7/19,13.36
5/8/19,13.25
5/9/19,12.93
5/10/19,13.09
5/11/19,13.09
5/12/19,13.09
5/13/19,13.09
5/14/19,12.85
5/15/19,12.98
5/16/19,13.0
5/17/19,12.82
5/18/19,12.82
5/19/19,12.82
5/20/19,12.65
5/21/19,12.67
5/22/19,12.66
5/23/19,12.48
5/24/19,12.54
5/25/19,12.54
5/26/19,12.54
5/27/19,12.55
5/28/19,12.65
5/29/19,12.6
5/30/19,12.55
5/31/19,12.4
6/1/19,12.4
6/2/19,12.4
6/3/19,12.41
6/4/19,12.4
6/5/19,12.43
6/6/19,12.43
6/7/19,12.43
6/8/19,12.43
6/9/19,12.43
6/10/19,12.73
6/11/19,12.89
6/12/19,12.7
6/13/19,12.73
6/14/19,12.66
6/15/19,12.66
6/16/19,12.66
6/17/19,12.72
6/18/19,12.9
6/19/19,13.18
6/20/19,13.42
6/21/19,13.37
6/22/19,13.37
6/23/19,13.37
6/24/19,13.4
6/25/19,13.2
6/26/19,13.22
6/27/19,13.42
6/28/19,13.4
6/29/19,13.4
6/30/19,13.4
7/1/19,13.4
7/2/19,13.67
7/3/19,13.6
7/4/19,13.58
7/5/19,13.63
7/6/19,13.63
7/7/19,13.63
7/8/19,13.37
7/9/19,13.27
7/10/19,13.28
7/11/19,13.37
7/12/19,13.44
7/13/19,13.44
7/14/19,13.44
7/15/19,13.5
7/16/19,13.5
7/17/19,13.49
7/18/19,13.41
7/19/19,13.52
7/20/19,13.52
7/21/19,13.52
7/22/19,13.37
7/23/19,13.44
7/24/19,13.48
7/25/19,13.44
7/26/19,13.37
7/27/19,13.37
7/28/19,13.37
7/29/19,13.28
7/30/19,13.28
7/31/19,13.28
8/1/19,12.95
8/2/19,12.69
8/3/19,12.69
8/4/19,12.69
8/5/19,12.26
8/6/19,12.24
8/7/19,12.25
8/8/19,12.41
8/9/19,12.26
8/10/19,12.26
8/11/19,12.26
8/12/19,12.3
8/13/19,12.17
8/14/19,12.2
8/15/19,12.33
8/16/19,12.55
8/17/19,12.55
8/18/19,12.55
8/19/19,12.82
8/20/19,12.79
8/21/19,12.79
8/22/19,12.75
8/23/19,12.79
8/24/19,12.79
8/25/19,12.79
8/26/19,12.56
8/27/19,12.6
8/28/19,12.54
8/29/19,12.71
8/30/19,12.75
8/31/19,12.75
9/1/19,12.75
9/2/19,12.73
9/3/19,12.64
9/4/19,12.97
9/5/19,13.07
9/6/19,13.08
9/7/19,13.08
9/8/19,13.08
9/9/19,13.01
9/10/19,12.89
9/11/19,12.92
9/12/19,12.95
9/13/19,13.08
9/14/19,13.08
9/15/19,13.08
9/16/19,12.94
9/17/19,12.86
9/18/19,12.96
9/19/19,12.88
9/20/19,12.89
9/21/19,12.89
9/22/19,12.89
9/23/19,12.72
9/24/19,12.72
9/25/19,12.6
9/26/19,12.65
9/27/19,12.56
9/28/19,12.56
9/29/19,12.56
9/30/19,12.57
10/1/19,12.57
10/2/19,12.54
10/3/19,12.61
10/4/19,12.57
10/5/19,12.57
10/6/19,12.57
10/7/19,12.57
10/8/19,12.55
10/9/19,12.51
10/10/19,12.57
10/11/19,12.82
10/12/19,12.82
10/13/19,12.82
10/14/19,12.91
10/15/19,13.0
10/16/19,13.01
10/17/19,13.06
10/18/19,12.94
10/19/19,12.94
10/20/19,12.94
10/21/19,12.96
10/22/19,12.89
10/23/19,12.8
10/24/19,12.93
10/25/19,12.96
10/26/19,12.96
10/27/19,12.96
10/28/19,13.05
10/29/19,13.04
10/30/19,13.02
10/31/19,13.06
11/1/19,13.12
11/2/19,13.12
11/3/19,13.12
11/4/19,13.35
11/5/19,13.41
11/6/19,13.43
11/7/19,13.55
11/8/19,13.51
11/9/19,13.51
11/10/19,13.51
11/11/19,13.24
11/12/19,13.24
11/13/19,13.13
11/14/19,13.03
11/15/19,13.03
11/16/19,13.03
11/17/19,13.03
11/18/19,13.13
11/19/19,13.31
11/20/19,13.26
11/21/19,13.15
11/22/19,13.16
11/23/19,13.16
11/24/19,13.16
11/25/19,13.27
11/26/19,13.28
11/27/19,13.36
11/28/19,13.3
11/29/19,13.05
11/30/19,13.05
12/1/19,13.05
12/2/19,13.06
12/3/19,13.01
12/4/19,12.95
12/5/19,12.99
12/6/19,13.15
12/7/19,13.15
12/8/19,13.15
12/9/19,13.06
12/10/19,13.04
12/11/19,13.08
12/12/19,13.2
12/13/19,13.47
12/14/19,13.47
12/15/19,13.47
12/16/19,13.48
12/17/19,13.7
12/18/19,13.71
12/19/19,13.65
12/20/19,13.67
12/21/19,13.67
12/22/19,13.67
12/23/19,13.72
12/24/19,13.7
12/25/19,13.7
12/26/19,13.7
12/27/19,13.85
12/28/19,13.85
12/29/19,13.85
12/30/19,13.95
12/31/19,13.84
1/1/20,13.84
1/2/20,13.98
1/3/20,13.89
1/4/20,13.89
1/5/20,13.89
1/6/20,13.75
1/7/20,13.93
1/8/20,13.79
1/9/20,14.06
1/10/20,14.06
1/11/20,14.06
1/12/20,14.06
1/13/20,14.26
1/14/20,14.2
1/15/20,14.16
1/16/20,14.29
1/17/20,14.34
1/18/20,14.34
1/19/20,14.34
1/20/20,14.29
1/21/20,13.95
1/22/20,14.07
1/23/20,13.78
1/24/20,13.81
1/25/20,13.81
1/26/20,13.81
1/27/20,13.81
1/28/20,13.81
1/29/20,13.56
1/30/20,13.26
1/31/20,13.27
2/1/20,13.27
2/2/20,13.27
2/3/20,13.27
2/4/20,13.64
2/5/20,13.73
2/6/20,14.0
2/7/20,13.99
2/8/20,13.99
2/9/20,13.99
2/10/20,13.96
2/11/20,14.11
2/12/20,14.27
2/13/20,14.23
2/14/20,14.34
2/15/20,14.34
2/16/20,14.34
2/17/20,14.47
2/18/20,14.33
2/19/20,14.34
2/20/20,14.4
2/21/20,14.33
2/22/20,14.33
2/23/20,14.33
2/24/20,14.08
2/25/20,14.19
2/26/20,14.07
2/27/20,14.13
2/28/20,13.81
2/29/20,13.81
3/1/20,13.81
3/2/20,14.05
3/3/20,14.13
3/4/20,14.21
3/5/20,14.52
3/6/20,14.3
3/7/20,14.3
3/8/20,14.3
3/9/20,13.78
3/10/20,13.95
3/11/20,13.89
3/12/20,13.34
3/13/20,13.33
3/14/20,13.33
3/15/20,13.33
3/16/20,12.49
3/17/20,12.59
3/18/20,12.1
3/19/20,11.85
3/20/20,12.36
3/21/20,12.36
3/22/20,12.36
3/23/20,11.84
3/24/20,12.4
3/25/20,12.88
3/26/20,12.85
3/27/20,12.85
3/28/20,12.85
3/29/20,12.85
3/30/20,12.64
3/31/20,12.93
4/1/20,12.86
4/2/20,13.02
4/3/20,13.0
4/4/20,13.0
4/5/20,13.0
4/6/20,13.16
4/7/20,13.48
4/8/20,13.32
4/9/20,13.51
4/10/20,13.51
4/11/20,13.51
4/12/20,13.51
4/13/20,13.51
4/14/20,13.75
4/15/20,13.62
4/16/20,13.75
4/17/20,13.87
4/18/20,13.87
4/19/20,13.87
4/20/20,13.91
4/21/20,13.74
4/22/20,13.98
4/23/20,13.98
4/24/20,13.74
4/25/20,13.74
4/26/20,13.74
4/27/20,14.0
4/28/20,14.11
4/29/20,14.22
4/30/20,14.22
5/1/20,14.22
5/2/20,14.22
5/3/20,14.22
5/4/20,13.78
5/5/20,13.91
5/6/20,14.1
5/7/20,14.21
5/8/20,14.37
5/9/20,14.37
5/10/20,14.37
5/11/20,14.59
5/12/20,14.68
5/13/20,14.7
5/14/20,14.77
5/15/20,14.72
5/16/20,14.72
5/17/20,14.72
5/18/20,14.97
5/19/20,15.15
5/20/20,15.01
5/21/20,14.9
5/22/20,14.38
5/23/20,14.38
5/24/20,14.38
5/25/20,14.65
5/26/20,14.9
5/27/20,14.63
5/28/20,14.49
5/29/20,14.79
5/30/20,14.79
5/31/20,14.79
6/1/20,15.3
6/2/20,15.35
6/3/20,15.62
6/4/20,15.62
6/5/20,15.64
6/6/20,15.64
6/7/20,15.64
6/8/20,15.35
6/9/20,15.44
6/10/20,15.69
6/11/20,15.49
6/12/20,15.57
6/13/20,15.57
6/14/20,15.57
6/15/20,15.47
6/16/20,15.79
6/17/20,16.02
6/18/20,16.1
6/19/20,16.34
6/20/20,16.34
6/21/20,16.34
6/22/20,16.34
6/23/20,16.83
6/24/20,16.87
6/25/20,16.87
6/26/20,16.81
6/27/20,16.81
6/28/20,16.81
6/29/20,16.93
6/30/20,17.29
7/1/20,17.29
7/2/20,17.78
7/3/20,18.16
7/4/20,18.16
7/5/20,18.16
7/6/20,18.73
7/7/20,18.99
7/8/20,19.56
7/9/20,20.21
7/10/20,20.24
7/11/20,20.24
7/12/20,20.24
7/13/20,20.49
7/14/20,20.11
7/15/20,20.22
7/16/20,18.94
7/17/20,19.4
7/18/20,19.4
7/19/20,19.4
7/20/20,19.59
7/21/20,20.21
7/22/20,20.11
7/23/20,20.59
7/24/20,19.54
7/25/20,19.54
7/26/20,19.54
7/27/20,19.64
7/28/20,20.11
7/29/20,20.37
7/30/20,20.54
7/31/20,20.85
8/1/20,20.85
8/2/20,20.85
8/3/20,20.98
8/4/20,21.22
8/5/20,21.61
8/6/20,21.52
8/7/20,20.87
8/8/20,20.87
8/9/20,20.87
8/10/20,20.4
8/11/20,20.56
8/12/20,19.98
8/13/20,19.99
8/14/20,20.06
8/15/20,20.06
8/16/20,20.06
8/17/20,20.23
8/18/20,20.63
8/19/20,20.42
8/20/20,20.19
8/21/20,20.43
8/22/20,20.43
8/23/20,20.43
8/24/20,20.81
8/25/20,20.93
8/26/20,21.15
8/27/20,21.33
8/28/20,21.65
8/29/20,21.65
8/30/20,21.65
8/31/20,21.38
9/1/20,21.67
9/2/20,21.74
9/3/20,21.5
9/4/20,21.08
9/5/20,21.08
9/6/20,21.08
9/7/20,20.8
9/8/20,20.69
9/9/20,20.14
9/10/20,20.27
9/11/20,20.64
9/12/20,20.64
9/13/20,20.64
9/14/20,21.01
9/15/20,21.57
9/16/20,21.53
9/17/20,21.05
9/18/20,21.33
9/19/20,21.33
9/20/20,21.33
9/21/20,21.01
9/22/20,20.92
9/23/20,21.29
9/24/20,20.68
9/25/20,20.53
9/26/20,20.53
9/27/20,20.53
9/28/20,20.83
9/29/20,20.86
9/30/20,21.1
10/1/20,21.1
10/2/20,21.1
10/3/20,21.1
10/4/20,21.1
10/5/20,21.4
10/6/20,21.68
10/7/20,21.75
10/8/20,21.8
10/9/20,21.76
10/10/20,21.76
10/11/20,21.76
10/12/20,22.52
10/13/20,22.52
10/14/20,22.26
10/15/20,21.85
10/16/20,22.03
10/17/20,22.03
10/18/20,22.03
10/19/20,21.79
10/20/20,21.88
10/21/20,22.32
10/22/20,22.16
10/23/20,21.67
10/24/20,21.67
10/25/20,21.67
10/26/20,21.67
10/27/20,21.67
10/28/20,22.03
10/29/20,22.07
10/30/20,21.79
10/31/20,21.79
11/1/20,21.79
11/2/20,21.79
11/3/20,21.81
11/4/20,21.83
