Date,Da Cheng Overseas China Concept A HKD
3/21/16,10.0
3/22/16,10.0
3/23/16,10.0
3/24/16,9.99
3/25/16,9.99
3/26/16,9.99
3/27/16,9.99
3/28/16,9.99
3/29/16,9.99
3/30/16,10.01
3/31/16,10.01
4/1/16,9.99
4/2/16,9.99
4/3/16,9.99
4/4/16,9.99
4/5/16,9.97
4/6/16,9.98
4/7/16,9.98
4/8/16,10.01
4/9/16,10.01
4/10/16,10.01
4/11/16,10.01
4/12/16,10.05
4/13/16,10.14
4/14/16,10.21
4/15/16,10.14
4/16/16,10.14
4/17/16,10.14
4/18/16,10.13
4/19/16,10.18
4/20/16,10.12
4/21/16,10.16
4/22/16,10.17
4/23/16,10.17
4/24/16,10.17
4/25/16,10.11
4/26/16,10.1
4/27/16,10.06
4/28/16,10.03
4/29/16,9.96
4/30/16,9.96
5/1/16,9.96
5/2/16,9.96
5/3/16,9.8
5/4/16,9.77
5/5/16,9.77
5/6/16,9.66
5/7/16,9.66
5/8/16,9.66
5/9/16,9.64
5/10/16,9.69
5/11/16,9.64
5/12/16,9.59
5/13/16,9.51
5/14/16,9.51
5/15/16,9.51
5/16/16,9.62
5/17/16,9.7
5/18/16,9.62
5/19/16,9.54
5/20/16,9.61
5/21/16,9.61
5/22/16,9.61
5/23/16,9.59
5/24/16,9.71
5/25/16,9.76
5/26/16,9.79
5/27/16,9.94
5/28/16,9.94
5/29/16,9.94
5/30/16,9.99
5/31/16,10.03
6/1/16,9.96
6/2/16,9.99
6/3/16,9.99
6/4/16,9.99
6/5/16,9.99
6/6/16,10.02
6/7/16,10.13
6/8/16,10.04
6/9/16,10.04
6/10/16,9.89
6/11/16,9.89
6/12/16,9.89
6/13/16,9.73
6/14/16,9.72
6/15/16,9.77
6/16/16,9.65
6/17/16,9.66
6/18/16,9.66
6/19/16,9.66
6/20/16,9.8
6/21/16,9.85
6/22/16,9.93
6/23/16,9.94
6/24/16,9.69
6/25/16,9.69
6/26/16,9.69
6/27/16,9.59
6/28/16,9.64
6/29/16,9.78
6/30/16,9.94
7/1/16,9.94
7/2/16,9.94
7/3/16,9.94
7/4/16,10.02
7/5/16,9.92
7/6/16,9.81
7/7/16,9.9
7/8/16,9.89
7/9/16,9.89
7/10/16,9.89
7/11/16,10.03
7/12/16,10.15
7/13/16,10.15
7/14/16,10.24
7/15/16,10.27
7/16/16,10.27
7/17/16,10.27
7/18/16,10.34
7/19/16,10.3
7/20/16,10.42
7/21/16,10.46
7/22/16,10.45
7/23/16,10.45
7/24/16,10.45
7/25/16,10.45
7/26/16,10.54
7/27/16,10.53
7/28/16,10.53
7/29/16,10.36
7/30/16,10.36
7/31/16,10.36
8/1/16,10.43
8/2/16,10.43
8/3/16,10.31
8/4/16,10.35
8/5/16,10.5
8/6/16,10.5
8/7/16,10.5
8/8/16,10.62
8/9/16,10.62
8/10/16,10.66
8/11/16,10.77
8/12/16,10.9
8/13/16,10.9
8/14/16,10.9
8/15/16,10.99
8/16/16,11.0
8/17/16,11.0
8/18/16,11.05
8/19/16,11.05
8/20/16,11.05
8/21/16,11.05
8/22/16,11.07
8/23/16,11.08
8/24/16,10.95
8/25/16,10.92
8/26/16,11.02
8/27/16,11.02
8/28/16,11.02
8/29/16,11.02
8/30/16,11.14
8/31/16,11.09
9/1/16,11.18
9/2/16,11.3
9/3/16,11.3
9/4/16,11.3
9/5/16,11.41
9/6/16,11.58
9/7/16,11.49
9/8/16,11.59
9/9/16,11.48
9/10/16,11.48
9/11/16,11.48
9/12/16,11.23
9/13/16,11.21
9/14/16,11.28
9/15/16,11.47
9/16/16,11.47
9/17/16,11.47
9/18/16,11.47
9/19/16,11.51
9/20/16,11.48
9/21/16,11.59
9/22/16,11.66
9/23/16,11.6
9/24/16,11.6
9/25/16,11.6
9/26/16,11.38
9/27/16,11.57
9/28/16,11.58
9/29/16,11.62
9/30/16,11.47
10/1/16,11.47
10/2/16,11.47
10/3/16,11.57
10/4/16,11.61
10/5/16,11.64
10/6/16,11.65
10/7/16,11.58
10/8/16,11.58
10/9/16,11.58
10/10/16,11.58
10/11/16,11.5
10/12/16,11.46
10/13/16,11.32
10/14/16,11.37
10/15/16,11.37
10/16/16,11.37
10/17/16,11.31
10/18/16,11.45
10/19/16,11.44
10/20/16,11.51
10/21/16,11.51
10/22/16,11.51
10/23/16,11.51
10/24/16,11.6
10/25/16,11.6
10/26/16,11.49
10/27/16,11.42
10/28/16,11.36
10/29/16,11.36
10/30/16,11.36
10/31/16,11.28
11/1/16,11.31
11/2/16,11.15
11/3/16,11.09
11/4/16,11.04
11/5/16,11.04
11/6/16,11.04
11/7/16,11.2
11/8/16,11.23
11/9/16,11.01
11/10/16,11.01
11/11/16,10.85
11/12/16,10.85
11/13/16,10.85
11/14/16,10.58
11/15/16,10.68
11/16/16,10.75
11/17/16,10.8
11/18/16,10.87
11/19/16,10.87
11/20/16,10.87
11/21/16,10.93
11/22/16,10.98
11/23/16,10.99
11/24/16,10.98
11/25/16,11.01
11/26/16,11.01
11/27/16,11.01
11/28/16,11.04
11/29/16,11.05
11/30/16,11.0
12/1/16,10.86
12/2/16,10.7
12/3/16,10.7
12/4/16,10.7
12/5/16,10.7
12/6/16,10.7
12/7/16,10.72
12/8/16,10.77
12/9/16,10.73
12/10/16,10.73
12/11/16,10.73
12/12/16,10.54
12/13/16,10.58
12/14/16,10.54
12/15/16,10.36
12/16/16,10.34
12/17/16,10.34
12/18/16,10.34
12/19/16,10.27
12/20/16,10.25
12/21/16,10.28
12/22/16,10.18
12/23/16,10.18
12/24/16,10.18
12/25/16,10.18
12/26/16,10.18
12/27/16,10.18
12/28/16,10.28
12/29/16,10.3
12/30/16,10.35
12/31/16,10.35
1/1/17,10.35
1/2/17,10.35
1/3/17,10.4
1/4/17,10.46
1/5/17,10.66
1/6/17,10.65
1/7/17,10.65
1/8/17,10.65
1/9/17,10.68
1/10/17,10.8
1/11/17,10.84
1/12/17,10.79
1/13/17,10.86
1/14/17,10.86
1/15/17,10.86
1/16/17,10.8
1/17/17,10.86
1/18/17,10.96
1/19/17,10.95
1/20/17,10.91
1/21/17,10.91
1/22/17,10.91
1/23/17,10.95
1/24/17,11.04
1/25/17,11.15
1/26/17,11.22
1/27/17,11.22
1/28/17,11.22
1/29/17,11.22
1/30/17,11.22
1/31/17,11.22
2/1/17,11.17
2/2/17,11.13
2/3/17,11.17
2/4/17,11.17
2/5/17,11.17
2/6/17,11.29
2/7/17,11.32
2/8/17,11.38
2/9/17,11.37
2/10/17,11.39
2/11/17,11.39
2/12/17,11.39
2/13/17,11.55
2/14/17,11.51
2/15/17,11.58
2/16/17,11.63
2/17/17,11.57
2/18/17,11.57
2/19/17,11.57
2/20/17,11.62
2/21/17,11.61
2/22/17,11.74
2/23/17,11.63
2/24/17,11.53
2/25/17,11.53
2/26/17,11.53
2/27/17,11.52
2/28/17,11.42
3/1/17,11.54
3/2/17,11.5
3/3/17,11.48
3/4/17,11.48
3/5/17,11.48
3/6/17,11.52
3/7/17,11.55
3/8/17,11.61
3/9/17,11.5
3/10/17,11.56
3/11/17,11.56
3/12/17,11.56
3/13/17,11.72
3/14/17,11.7
3/15/17,11.71
3/16/17,11.91
3/17/17,11.96
3/18/17,11.96
3/19/17,11.96
3/20/17,12.06
3/21/17,11.99
3/22/17,11.95
3/23/17,12.04
3/24/17,12.13
3/25/17,12.13
3/26/17,12.13
3/27/17,12.02
3/28/17,12.08
3/29/17,12.12
3/30/17,12.08
3/31/17,12.04
4/1/17,12.04
4/2/17,12.04
4/3/17,12.09
4/4/17,12.09
4/5/17,12.07
4/6/17,12.04
4/7/17,12.05
4/8/17,12.05
4/9/17,12.05
4/10/17,12.04
4/11/17,11.96
4/12/17,12.01
4/13/17,12.0
4/14/17,12.0
4/15/17,12.0
4/16/17,12.0
4/17/17,12.0
4/18/17,11.9
4/19/17,11.92
4/20/17,12.08
4/21/17,12.12
4/22/17,12.12
4/23/17,12.12
4/24/17,12.16
4/25/17,12.34
4/26/17,12.33
4/27/17,12.37
4/28/17,12.4
4/29/17,12.4
4/30/17,12.4
5/1/17,12.4
5/2/17,12.47
5/3/17,12.47
5/4/17,12.34
5/5/17,12.27
5/6/17,12.27
5/7/17,12.27
5/8/17,12.41
5/9/17,12.57
5/10/17,12.67
5/11/17,12.65
5/12/17,12.64
5/13/17,12.64
5/14/17,12.64
5/15/17,12.69
5/16/17,12.89
5/17/17,12.69
5/18/17,12.62
5/19/17,12.72
5/20/17,12.72
5/21/17,12.72
5/22/17,12.91
5/23/17,12.84
5/24/17,12.82
5/25/17,12.89
5/26/17,12.91
5/27/17,12.91
5/28/17,12.91
5/29/17,12.91
5/30/17,12.91
5/31/17,12.82
6/1/17,12.91
6/2/17,13.04
6/3/17,13.04
6/4/17,13.04
6/5/17,13.05
6/6/17,13.06
6/7/17,13.22
6/8/17,13.45
6/9/17,13.3
6/10/17,13.3
6/11/17,13.3
6/12/17,13.15
6/13/17,13.19
6/14/17,13.17
6/15/17,12.99
6/16/17,13.01
6/17/17,13.01
6/18/17,13.01
6/19/17,13.24
6/20/17,13.2
6/21/17,13.3
6/22/17,13.3
6/23/17,13.33
6/24/17,13.33
6/25/17,13.33
6/26/17,13.43
6/27/17,13.38
6/28/17,13.36
6/29/17,13.36
6/30/17,13.25
7/1/17,13.25
7/2/17,13.25
7/3/17,13.3
7/4/17,13.1
7/5/17,13.26
7/6/17,13.24
7/7/17,13.22
7/8/17,13.22
7/9/17,13.22
7/10/17,13.37
7/11/17,13.57
7/12/17,13.73
7/13/17,13.86
7/14/17,13.94
7/15/17,13.94
7/16/17,13.94
7/17/17,13.95
7/18/17,14.17
7/19/17,14.32
7/20/17,14.31
7/21/17,14.2
7/22/17,14.2
7/23/17,14.2
7/24/17,14.33
7/25/17,14.3
7/26/17,14.32
7/27/17,14.3
7/28/17,14.29
7/29/17,14.29
7/30/17,14.29
7/31/17,14.37
8/1/17,14.43
8/2/17,14.42
8/3/17,14.34
8/4/17,14.43
8/5/17,14.43
8/6/17,14.43
8/7/17,14.7
8/8/17,14.81
8/9/17,14.8
8/10/17,14.48
8/11/17,14.14
8/12/17,14.14
8/13/17,14.14
8/14/17,14.47
8/15/17,14.46
8/16/17,14.6
8/17/17,14.53
8/18/17,14.53
8/19/17,14.53
8/20/17,14.53
8/21/17,14.65
8/22/17,14.8
8/23/17,14.8
8/24/17,14.93
8/25/17,14.86
8/26/17,14.86
8/27/17,14.86
8/28/17,14.75
8/29/17,14.79
8/30/17,15.03
8/31/17,15.08
9/1/17,15.2
9/2/17,15.2
9/3/17,15.2
9/4/17,15.2
9/5/17,15.14
9/6/17,15.1
9/7/17,15.16
9/8/17,15.13
9/9/17,15.13
9/10/17,15.13
9/11/17,15.33
9/12/17,15.49
9/13/17,15.6
9/14/17,15.52
9/15/17,15.51
9/16/17,15.51
9/17/17,15.51
9/18/17,15.79
9/19/17,15.75
9/20/17,15.82
9/21/17,15.79
9/22/17,15.64
9/23/17,15.64
9/24/17,15.64
9/25/17,15.15
9/26/17,15.08
9/27/17,15.33
9/28/17,15.18
9/29/17,15.32
9/30/17,15.32
10/1/17,15.32
10/2/17,15.32
10/3/17,15.76
10/4/17,15.8
10/5/17,15.8
10/6/17,15.88
10/7/17,15.88
10/8/17,15.88
10/9/17,15.81
10/10/17,15.97
10/11/17,15.91
10/12/17,15.9
10/13/17,15.93
10/14/17,15.93
10/15/17,15.93
10/16/17,16.08
10/17/17,15.93
10/18/17,15.95
10/19/17,15.61
10/20/17,15.81
10/21/17,15.81
10/22/17,15.81
10/23/17,15.75
10/24/17,15.68
10/25/17,15.57
10/26/17,15.4
10/27/17,15.41
10/28/17,15.41
10/29/17,15.41
10/30/17,15.43
10/31/17,15.59
11/1/17,15.72
11/2/17,15.68
11/3/17,15.75
11/4/17,15.75
11/5/17,15.75
11/6/17,16.04
11/7/17,16.27
11/8/17,16.27
11/9/17,16.45
11/10/17,16.45
11/11/17,16.45
11/12/17,16.45
11/13/17,16.57
11/14/17,16.46
11/15/17,16.26
11/16/17,16.55
11/17/17,16.64
11/18/17,16.64
11/19/17,16.64
11/20/17,16.72
11/21/17,17.03
11/22/17,17.01
11/23/17,16.78
11/24/17,16.77
11/25/17,16.77
11/26/17,16.77
11/27/17,16.48
11/28/17,16.53
11/29/17,16.26
11/30/17,15.94
12/1/17,15.82
12/2/17,15.82
12/3/17,15.82
12/4/17,15.78
12/5/17,15.63
12/6/17,15.3
12/7/17,15.47
12/8/17,15.77
12/9/17,15.77
12/10/17,15.77
12/11/17,16.03
12/12/17,15.76
12/13/17,15.9
12/14/17,15.81
12/15/17,15.67
12/16/17,15.67
12/17/17,15.67
12/18/17,15.75
12/19/17,15.91
12/20/17,15.86
12/21/17,16.02
12/22/17,16.08
12/23/17,16.08
12/24/17,16.08
12/25/17,16.08
12/26/17,16.08
12/27/17,15.95
12/28/17,16.07
12/29/17,16.07
12/30/17,16.07
12/31/17,16.07
1/1/18,16.07
1/2/18,16.62
1/3/18,16.81
1/4/18,16.86
1/5/18,16.89
1/6/18,16.89
1/7/18,16.89
1/8/18,16.94
1/9/18,17.01
1/10/18,16.99
1/11/18,16.96
1/12/18,17.12
1/13/18,17.12
1/14/18,17.12
1/15/18,17.01
1/16/18,17.12
1/17/18,17.19
1/18/18,17.18
1/19/18,17.27
1/20/18,17.27
1/21/18,17.27
1/22/18,17.41
1/23/18,17.65
1/24/18,17.6
1/25/18,17.48
1/26/18,17.79
1/27/18,17.79
1/28/18,17.79
1/29/18,17.5
1/30/18,17.25
1/31/18,17.48
2/1/18,17.22
2/2/18,17.16
2/3/18,17.16
2/4/18,17.16
2/5/18,16.92
2/6/18,16.23
2/7/18,16.02
2/8/18,15.83
2/9/18,15.51
2/10/18,15.51
2/11/18,15.51
2/12/18,15.72
2/13/18,16.03
2/14/18,16.46
2/15/18,16.82
2/16/18,16.82
2/17/18,16.82
2/18/18,16.82
2/19/18,16.82
2/20/18,16.86
2/21/18,17.09
2/22/18,16.96
2/23/18,17.23
2/24/18,17.23
2/25/18,17.23
2/26/18,17.3
2/27/18,17.04
2/28/18,16.89
3/1/18,16.87
3/2/18,16.68
3/3/18,16.68
3/4/18,16.68
3/5/18,16.48
3/6/18,16.81
3/7/18,16.78
3/8/18,16.99
3/9/18,17.22
3/10/18,17.22
3/11/18,17.22
3/12/18,17.52
3/13/18,17.41
3/14/18,17.34
3/15/18,17.49
3/16/18,17.42
3/17/18,17.42
3/18/18,17.42
3/19/18,17.33
3/20/18,17.58
3/21/18,17.38
3/22/18,16.92
3/23/18,16.4
3/24/18,16.4
3/25/18,16.4
3/26/18,16.7
3/27/18,16.57
3/28/18,16.01
3/29/18,16.12
3/30/18,16.12
3/31/18,16.12
4/1/18,16.12
4/2/18,16.12
4/3/18,16.01
4/4/18,15.76
4/5/18,15.76
4/6/18,15.76
4/7/18,15.76
4/8/18,15.76
4/9/18,15.98
4/10/18,16.46
4/11/18,16.43
4/12/18,16.37
4/13/18,16.24
4/14/18,16.24
4/15/18,16.24
4/16/18,16.07
4/17/18,15.96
4/18/18,16.03
4/19/18,16.11
4/20/18,15.83
4/21/18,15.83
4/22/18,15.83
4/23/18,15.61
4/24/18,15.74
4/25/18,15.55
4/26/18,15.41
4/27/18,15.56
4/28/18,15.56
4/29/18,15.56
4/30/18,15.8
5/1/18,15.8
5/2/18,15.85
5/3/18,15.75
5/4/18,15.75
5/5/18,15.75
5/6/18,15.75
5/7/18,15.99
5/8/18,16.25
5/9/18,16.25
5/10/18,16.4
5/11/18,16.41
5/12/18,16.41
5/13/18,16.41
5/14/18,16.62
5/15/18,16.4
5/16/18,16.46
5/17/18,16.42
5/18/18,16.37
5/19/18,16.37
5/20/18,16.37
5/21/18,16.46
5/22/18,16.46
5/23/18,16.36
5/24/18,16.4
5/25/18,16.4
5/26/18,16.4
5/27/18,16.4
5/28/18,16.57
5/29/18,16.37
5/30/18,16.22
5/31/18,16.42
6/1/18,16.51
6/2/18,16.51
6/3/18,16.51
6/4/18,16.74
6/5/18,16.87
6/6/18,17.06
6/7/18,17.01
6/8/18,16.84
6/9/18,16.84
6/10/18,16.84
6/11/18,16.91
6/12/18,17.12
6/13/18,16.87
6/14/18,16.8
6/15/18,16.67
6/16/18,16.67
6/17/18,16.67
6/18/18,16.67
6/19/18,16.19
6/20/18,16.31
6/21/18,16.01
6/22/18,16.03
6/23/18,16.03
6/24/18,16.03
6/25/18,15.53
6/26/18,15.46
6/27/18,14.94
6/28/18,14.93
6/29/18,15.23
6/30/18,15.23
7/1/18,15.23
7/2/18,15.23
7/3/18,15.01
7/4/18,14.73
7/5/18,14.69
7/6/18,14.89
7/7/18,14.89
7/8/18,14.89
7/9/18,15.26
7/10/18,15.17
7/11/18,14.98
7/12/18,15.23
7/13/18,15.3
7/14/18,15.3
7/15/18,15.3
7/16/18,15.31
7/17/18,15.17
7/18/18,15.22
7/19/18,14.99
7/20/18,15.02
7/21/18,15.02
7/22/18,15.02
7/23/18,14.93
7/24/18,15.07
7/25/18,15.33
7/26/18,15.18
7/27/18,15.09
7/28/18,15.09
7/29/18,15.09
7/30/18,14.84
7/31/18,14.65
8/1/18,14.45
8/2/18,14.07
8/3/18,13.96
8/4/18,13.96
8/5/18,13.96
8/6/18,13.88
8/7/18,14.25
8/8/18,14.21
8/9/18,14.45
8/10/18,14.37
8/11/18,14.37
8/12/18,14.37
8/13/18,13.87
8/14/18,13.46
8/15/18,13.11
8/16/18,13.07
8/17/18,13.01
8/18/18,13.01
8/19/18,13.01
8/20/18,13.26
8/21/18,13.59
8/22/18,13.62
8/23/18,13.59
8/24/18,13.54
8/25/18,13.54
8/26/18,13.54
8/27/18,13.9
8/28/18,13.9
8/29/18,13.94
8/30/18,13.76
8/31/18,13.65
9/1/18,13.65
9/2/18,13.65
9/3/18,13.53
9/4/18,13.6
9/5/18,13.18
9/6/18,12.96
9/7/18,12.98
9/8/18,12.98
9/9/18,12.98
9/10/18,12.71
9/11/18,12.52
9/12/18,12.39
9/13/18,12.69
9/14/18,12.85
9/15/18,12.85
9/16/18,12.85
9/17/18,12.63
9/18/18,12.68
9/19/18,12.95
9/20/18,13.03
9/21/18,13.23
9/22/18,13.23
9/23/18,13.23
9/24/18,12.97
9/25/18,12.97
9/26/18,13.14
9/27/18,13.13
9/28/18,13.13
9/29/18,13.13
9/30/18,13.13
10/1/18,13.13
10/2/18,12.78
10/3/18,12.79
10/4/18,12.5
10/5/18,12.4
10/6/18,12.4
10/7/18,12.4
10/8/18,12.12
10/9/18,12.04
10/10/18,11.93
10/11/18,11.58
10/12/18,11.89
10/13/18,11.89
10/14/18,11.89
10/15/18,11.7
10/16/18,11.77
10/17/18,11.77
10/18/18,11.63
10/19/18,11.7
10/20/18,11.7
10/21/18,11.7
10/22/18,12.05
10/23/18,11.69
10/24/18,11.57
10/25/18,11.47
10/26/18,11.29
10/27/18,11.29
10/28/18,11.29
10/29/18,11.12
10/30/18,11.08
10/31/18,11.38
11/1/18,11.69
11/2/18,12.16
11/3/18,12.16
11/4/18,12.16
11/5/18,11.96
11/6/18,12.06
11/7/18,12.15
11/8/18,12.11
11/9/18,11.79
11/10/18,11.79
11/11/18,11.79
11/12/18,11.72
11/13/18,11.85
11/14/18,11.83
11/15/18,12.04
11/16/18,11.98
11/17/18,11.98
11/18/18,11.98
11/19/18,11.96
11/20/18,11.7
11/21/18,11.85
11/22/18,11.86
11/23/18,11.77
11/24/18,11.77
11/25/18,11.77
11/26/18,12.0
11/27/18,11.96
11/28/18,12.12
11/29/18,12.03
11/30/18,12.11
12/1/18,12.11
12/2/18,12.11
12/3/18,12.47
12/4/18,12.43
12/5/18,12.27
12/6/18,11.95
12/7/18,11.86
12/8/18,11.86
12/9/18,11.86
12/10/18,11.65
12/11/18,11.72
12/12/18,11.9
12/13/18,12.03
12/14/18,11.83
12/15/18,11.83
12/16/18,11.83
12/17/18,11.71
12/18/18,11.54
12/19/18,11.45
12/20/18,11.29
12/21/18,11.3
12/22/18,11.3
12/23/18,11.3
12/24/18,11.28
12/25/18,11.28
12/26/18,11.28
12/27/18,11.27
12/28/18,11.32
12/29/18,11.32
12/30/18,11.32
12/31/18,11.39
1/1/19,11.39
1/2/19,11.11
1/3/19,10.93
1/4/19,11.21
1/5/19,11.21
1/6/19,11.21
1/7/19,11.37
1/8/19,11.44
1/9/19,11.72
1/10/19,11.76
1/11/19,11.77
1/12/19,11.77
1/13/19,11.77
1/14/19,11.59
1/15/19,11.85
1/16/19,11.94
1/17/19,11.88
1/18/19,12.06
1/19/19,12.06
1/20/19,12.06
1/21/19,12.1
1/22/19,11.95
1/23/19,11.93
1/24/19,12.01
1/25/19,12.2
1/26/19,12.2
1/27/19,12.2
1/28/19,12.18
1/29/19,12.2
1/30/19,12.31
1/31/19,12.44
2/1/19,12.46
2/2/19,12.46
2/3/19,12.46
2/4/19,12.55
2/5/19,12.55
2/6/19,12.55
2/7/19,12.55
2/8/19,12.51
2/9/19,12.51
2/10/19,12.51
2/11/19,12.6
2/12/19,12.65
2/13/19,12.8
2/14/19,12.8
2/15/19,12.52
2/16/19,12.52
2/17/19,12.52
2/18/19,12.69
2/19/19,12.74
2/20/19,12.86
2/21/19,12.92
2/22/19,13.11
2/23/19,13.11
2/24/19,13.11
2/25/19,13.22
2/26/19,13.14
2/27/19,13.12
2/28/19,13.09
3/1/19,13.2
3/2/19,13.2
3/3/19,13.2
3/4/19,13.36
3/5/19,13.41
3/6/19,13.44
3/7/19,13.21
3/8/19,12.92
3/9/19,12.92
3/10/19,12.92
3/11/19,13.14
3/12/19,13.25
3/13/19,13.14
3/14/19,13.1
3/15/19,13.23
3/16/19,13.23
3/17/19,13.23
3/18/19,13.42
3/19/19,13.37
3/20/19,13.35
3/21/19,13.23
3/22/19,13.22
3/23/19,13.22
3/24/19,13.22
3/25/19,13.03
3/26/19,13.06
3/27/19,13.2
3/28/19,13.24
3/29/19,13.51
3/30/19,13.51
3/31/19,13.51
4/1/19,13.72
4/2/19,13.71
4/3/19,13.84
4/4/19,13.85
4/5/19,13.85
4/6/19,13.85
4/7/19,13.85
4/8/19,14.0
4/9/19,14.07
4/10/19,14.05
4/11/19,13.87
4/12/19,14.02
4/13/19,14.02
4/14/19,14.02
4/15/19,13.9
4/16/19,14.03
4/17/19,14.02
4/18/19,13.98
4/19/19,13.98
4/20/19,13.98
4/21/19,13.98
4/22/19,13.98
4/23/19,13.98
4/24/19,13.95
4/25/19,13.8
4/26/19,13.82
4/27/19,13.82
4/28/19,13.82
4/29/19,13.93
4/30/19,13.85
5/1/19,13.85
5/2/19,14.02
5/3/19,14.13
5/4/19,14.13
5/5/19,14.13
5/6/19,13.58
5/7/19,13.54
5/8/19,13.39
5/9/19,13.04
5/10/19,13.22
5/11/19,13.22
5/12/19,13.22
5/13/19,13.22
5/14/19,12.94
5/15/19,13.13
5/16/19,13.17
5/17/19,12.88
5/18/19,12.88
5/19/19,12.88
5/20/19,12.58
5/21/19,12.64
5/22/19,12.63
5/23/19,12.37
5/24/19,12.41
5/25/19,12.41
5/26/19,12.41
5/27/19,12.43
5/28/19,12.55
5/29/19,12.49
5/30/19,12.44
5/31/19,12.38
6/1/19,12.38
6/2/19,12.38
6/3/19,12.38
6/4/19,12.38
6/5/19,12.38
6/6/19,12.38
6/7/19,12.38
6/8/19,12.38
6/9/19,12.38
6/10/19,12.76
6/11/19,12.94
6/12/19,12.74
6/13/19,12.77
6/14/19,12.68
6/15/19,12.68
6/16/19,12.68
6/17/19,12.7
6/18/19,12.91
6/19/19,13.21
6/20/19,13.44
6/21/19,13.4
6/22/19,13.4
6/23/19,13.4
6/24/19,13.39
6/25/19,13.22
6/26/19,13.31
6/27/19,13.49
6/28/19,13.45
6/29/19,13.45
6/30/19,13.45
7/1/19,13.45
7/2/19,13.81
7/3/19,13.78
7/4/19,13.73
7/5/19,13.73
7/6/19,13.73
7/7/19,13.73
7/8/19,13.45
7/9/19,13.39
7/10/19,13.47
7/11/19,13.55
7/12/19,13.59
7/13/19,13.59
7/14/19,13.59
7/15/19,13.7
7/16/19,13.74
7/17/19,13.74
7/18/19,13.64
7/19/19,13.76
7/20/19,13.76
7/21/19,13.76
7/22/19,13.66
7/23/19,13.78
7/24/19,13.88
7/25/19,13.9
7/26/19,13.78
7/27/19,13.78
7/28/19,13.78
7/29/19,13.74
7/30/19,13.74
7/31/19,13.74
8/1/19,13.37
8/2/19,13.01
8/3/19,13.01
8/4/19,13.01
8/5/19,12.56
8/6/19,12.57
8/7/19,12.67
8/8/19,12.84
8/9/19,12.69
8/10/19,12.69
8/11/19,12.69
8/12/19,12.66
8/13/19,12.59
8/14/19,12.59
8/15/19,12.65
8/16/19,12.89
8/17/19,12.89
8/18/19,12.89
8/19/19,13.17
8/20/19,13.15
8/21/19,13.27
8/22/19,13.13
8/23/19,13.16
8/24/19,13.16
8/25/19,13.16
8/26/19,13.04
8/27/19,13.1
8/28/19,13.1
8/29/19,13.23
8/30/19,13.26
8/31/19,13.26
9/1/19,13.26
9/2/19,13.28
9/3/19,13.12
9/4/19,13.49
9/5/19,13.62
9/6/19,13.71
9/7/19,13.71
9/8/19,13.71
9/9/19,13.62
9/10/19,13.43
9/11/19,13.48
9/12/19,13.59
9/13/19,13.75
9/14/19,13.75
9/15/19,13.75
9/16/19,13.61
9/17/19,13.55
9/18/19,13.63
9/19/19,13.59
9/20/19,13.56
9/21/19,13.56
9/22/19,13.56
9/23/19,13.37
9/24/19,13.35
9/25/19,13.28
9/26/19,13.4
9/27/19,13.19
9/28/19,13.19
9/29/19,13.19
9/30/19,13.24
10/1/19,13.24
10/2/19,13.24
10/3/19,13.42
10/4/19,13.42
10/5/19,13.42
10/6/19,13.42
10/7/19,13.42
10/8/19,13.32
10/9/19,13.34
10/10/19,13.43
10/11/19,13.71
10/12/19,13.71
10/13/19,13.71
10/14/19,13.78
10/15/19,13.84
10/16/19,13.98
10/17/19,14.01
10/18/19,13.86
10/19/19,13.86
10/20/19,13.86
10/21/19,13.91
10/22/19,13.75
10/23/19,13.64
10/24/19,13.8
10/25/19,13.84
10/26/19,13.84
10/27/19,13.84
10/28/19,14.07
10/29/19,14.08
10/30/19,14.06
10/31/19,14.16
11/1/19,14.22
11/2/19,14.22
11/3/19,14.22
11/4/19,14.54
11/5/19,14.59
11/6/19,14.55
11/7/19,14.67
11/8/19,14.59
11/9/19,14.59
11/10/19,14.59
11/11/19,14.28
11/12/19,14.38
11/13/19,14.2
11/14/19,14.08
11/15/19,14.1
11/16/19,14.1
11/17/19,14.1
11/18/19,14.24
11/19/19,14.38
11/20/19,14.28
11/21/19,14.14
11/22/19,14.22
11/23/19,14.22
11/24/19,14.22
11/25/19,14.38
11/26/19,14.44
11/27/19,14.48
11/28/19,14.39
11/29/19,14.13
11/30/19,14.13
12/1/19,14.13
12/2/19,14.19
12/3/19,14.19
12/4/19,14.02
12/5/19,14.2
12/6/19,14.3
12/7/19,14.3
12/8/19,14.3
12/9/19,14.22
12/10/19,14.12
12/11/19,14.27
12/12/19,14.39
12/13/19,14.6
12/14/19,14.6
12/15/19,14.6
12/16/19,14.62
12/17/19,14.78
12/18/19,14.84
12/19/19,14.8
12/20/19,14.78
12/21/19,14.78
12/22/19,14.78
12/23/19,14.86
12/24/19,14.85
12/25/19,14.85
12/26/19,14.85
12/27/19,14.89
12/28/19,14.89
12/29/19,14.89
12/30/19,14.96
12/31/19,14.86
1/1/20,14.86
1/2/20,15.15
1/3/20,15.11
1/4/20,15.11
1/5/20,15.11
1/6/20,15.01
1/7/20,15.23
1/8/20,15.15
1/9/20,15.51
1/10/20,15.56
1/11/20,15.56
1/12/20,15.56
1/13/20,15.8
1/14/20,15.75
1/15/20,15.73
1/16/20,15.86
1/17/20,15.93
1/18/20,15.93
1/19/20,15.93
1/20/20,15.8
1/21/20,15.3
1/22/20,15.52
1/23/20,15.15
1/24/20,15.07
1/25/20,15.07
1/26/20,15.07
1/27/20,15.07
1/28/20,15.07
1/29/20,14.7
1/30/20,14.28
1/31/20,14.19
2/1/20,14.19
2/2/20,14.19
2/3/20,14.38
2/4/20,14.79
2/5/20,14.86
2/6/20,15.11
2/7/20,15.03
2/8/20,15.03
2/9/20,15.03
2/10/20,15.01
2/11/20,15.27
2/12/20,15.51
2/13/20,15.48
2/14/20,15.47
2/15/20,15.47
2/16/20,15.47
2/17/20,15.6
2/18/20,15.43
2/19/20,15.58
2/20/20,15.53
2/21/20,15.33
2/22/20,15.33
2/23/20,15.33
2/24/20,14.97
2/25/20,15.02
2/26/20,14.96
2/27/20,14.93
2/28/20,14.6
2/29/20,14.6
3/1/20,14.6
3/2/20,14.88
3/3/20,14.84
3/4/20,15.04
3/5/20,15.38
3/6/20,15.01
3/7/20,15.01
3/8/20,15.01
3/9/20,14.28
3/10/20,14.58
3/11/20,14.4
3/12/20,13.6
3/13/20,13.68
3/14/20,13.68
3/15/20,13.68
3/16/20,12.62
3/17/20,12.77
3/18/20,12.21
3/19/20,12.14
3/20/20,12.75
3/21/20,12.75
3/22/20,12.75
3/23/20,12.27
3/24/20,12.97
3/25/20,13.44
3/26/20,13.5
3/27/20,13.49
3/28/20,13.49
3/29/20,13.49
3/30/20,13.38
3/31/20,13.68
4/1/20,13.46
4/2/20,13.61
4/3/20,13.45
4/4/20,13.45
4/5/20,13.45
4/6/20,13.75
4/7/20,14.03
4/8/20,13.89
4/9/20,14.12
4/10/20,14.12
4/11/20,14.12
4/12/20,14.12
4/13/20,14.12
4/14/20,14.38
4/15/20,14.24
4/16/20,14.39
4/17/20,14.54
4/18/20,14.54
4/19/20,14.54
4/20/20,14.57
4/21/20,14.23
4/22/20,14.48
4/23/20,14.45
4/24/20,14.36
4/25/20,14.36
4/26/20,14.36
4/27/20,14.63
4/28/20,14.63
4/29/20,14.93
4/30/20,14.93
5/1/20,14.93
5/2/20,14.93
5/3/20,14.93
5/4/20,14.22
5/5/20,14.53
5/6/20,14.72
5/7/20,14.77
5/8/20,15.12
5/9/20,15.12
5/10/20,15.12
5/11/20,15.28
5/12/20,15.18
5/13/20,15.33
5/14/20,15.26
5/15/20,15.37
5/16/20,15.37
5/17/20,15.37
5/18/20,15.65
5/19/20,15.84
5/20/20,15.81
5/21/20,15.59
5/22/20,14.89
5/23/20,14.89
5/24/20,14.89
5/25/20,15.12
5/26/20,15.45
5/27/20,15.2
5/28/20,15.07
5/29/20,15.44
5/30/20,15.44
5/31/20,15.44
6/1/20,15.88
6/2/20,16.09
6/3/20,16.33
6/4/20,16.34
6/5/20,16.48
6/6/20,16.48
6/7/20,16.48
6/8/20,16.33
6/9/20,16.29
6/10/20,16.58
6/11/20,16.22
6/12/20,16.31
6/13/20,16.31
6/14/20,16.31
6/15/20,16.09
6/16/20,16.51
6/17/20,16.67
6/18/20,16.76
6/19/20,16.96
6/20/20,16.96
6/21/20,16.96
6/22/20,16.93
6/23/20,17.29
6/24/20,17.2
6/25/20,17.2
6/26/20,17.08
6/27/20,17.08
6/28/20,17.08
6/29/20,16.96
6/30/20,16.95
7/1/20,16.95
7/2/20,17.5
7/3/20,17.65
7/4/20,17.65
7/5/20,17.65
7/6/20,18.0
7/7/20,18.02
7/8/20,18.65
7/9/20,18.93
7/10/20,18.7
7/11/20,18.7
7/12/20,18.7
7/13/20,18.63
7/14/20,18.31
7/15/20,18.51
7/16/20,17.8
7/17/20,18.15
7/18/20,18.15
7/19/20,18.15
7/20/20,18.37
7/21/20,18.91
7/22/20,18.46
7/23/20,18.72
7/24/20,18.2
7/25/20,18.2
7/26/20,18.2
7/27/20,18.24
7/28/20,18.45
7/29/20,18.58
7/30/20,18.5
7/31/20,18.58
8/1/20,18.58
8/2/20,18.58
8/3/20,18.85
8/4/20,19.15
8/5/20,19.37
8/6/20,19.38
8/7/20,18.9
8/8/20,18.9
8/9/20,18.9
8/10/20,18.7
8/11/20,18.76
8/12/20,18.79
8/13/20,18.8
8/14/20,18.75
8/15/20,18.75
8/16/20,18.75
8/17/20,19.04
8/18/20,19.27
8/19/20,19.27
8/20/20,19.08
8/21/20,19.18
8/22/20,19.18
8/23/20,19.18
8/24/20,19.57
8/25/20,19.57
8/26/20,19.72
8/27/20,19.92
8/28/20,20.09
8/29/20,20.09
8/30/20,20.09
8/31/20,19.76
9/1/20,20.14
9/2/20,20.21
9/3/20,19.76
9/4/20,19.55
9/5/20,19.55
9/6/20,19.55
9/7/20,19.28
9/8/20,18.84
9/9/20,18.84
9/10/20,18.62
9/11/20,18.89
9/12/20,18.89
9/13/20,18.89
9/14/20,19.21
9/15/20,19.38
9/16/20,19.43
9/17/20,19.13
9/18/20,19.21
9/19/20,19.21
9/20/20,19.21
9/21/20,18.93
9/22/20,18.89
9/23/20,18.95
9/24/20,18.58
9/25/20,18.48
9/26/20,18.48
9/27/20,18.48
9/28/20,18.69
9/29/20,18.64
9/30/20,18.97
10/1/20,18.97
10/2/20,18.97
10/3/20,18.97
10/4/20,18.97
10/5/20,19.11
10/6/20,19.46
10/7/20,19.61
10/8/20,19.68
10/9/20,19.75
10/10/20,19.75
10/11/20,19.75
10/12/20,20.28
10/13/20,20.28
10/14/20,20.06
10/15/20,19.66
10/16/20,19.83
10/17/20,19.83
10/18/20,19.83
10/19/20,19.51
10/20/20,19.86
10/21/20,19.99
10/22/20,19.84
10/23/20,19.72
10/24/20,19.72
10/25/20,19.72
10/26/20,19.72
10/27/20,19.81
10/28/20,19.81
10/29/20,20.16
10/30/20,19.68
10/31/20,19.68
11/1/20,19.68
11/2/20,19.88
11/3/20,19.9
11/4/20,20.63
