Date,Da Cheng China Balanced A (HKD)
3/3/14,9.99
3/4/14,9.99
3/5/14,9.97
3/6/14,10.0
3/7/14,10.01
3/8/14,10.01
3/9/14,10.01
3/10/14,9.93
3/11/14,9.93
3/12/14,9.92
3/13/14,9.94
3/14/14,9.91
3/15/14,9.91
3/16/14,9.91
3/17/14,9.91
3/18/14,9.89
3/19/14,9.89
3/20/14,9.81
3/21/14,9.83
3/22/14,9.83
3/23/14,9.83
3/24/14,9.82
3/25/14,9.81
3/26/14,9.8
3/27/14,9.69
3/28/14,9.59
3/29/14,9.59
3/30/14,9.59
3/31/14,9.58
4/1/14,9.72
4/2/14,9.7
4/3/14,9.71
4/4/14,9.78
4/5/14,9.78
4/6/14,9.78
4/7/14,9.78
4/8/14,9.85
4/9/14,9.95
4/10/14,9.94
4/11/14,9.91
4/12/14,9.91
4/13/14,9.91
4/14/14,9.94
4/15/14,9.88
4/16/14,9.86
4/17/14,9.91
4/18/14,9.91
4/19/14,9.91
4/20/14,9.91
4/21/14,9.91
4/22/14,9.75
4/23/14,9.74
4/24/14,9.7
4/25/14,9.56
4/26/14,9.56
4/27/14,9.56
4/28/14,9.29
4/29/14,9.38
4/30/14,9.43
5/1/14,9.43
5/2/14,9.43
5/3/14,9.43
5/4/14,9.43
5/5/14,9.51
5/6/14,9.51
5/7/14,9.47
5/8/14,9.45
5/9/14,9.38
5/10/14,9.38
5/11/14,9.38
5/12/14,9.47
5/13/14,9.46
5/14/14,9.51
5/15/14,9.42
5/16/14,9.36
5/17/14,9.36
5/18/14,9.36
5/19/14,9.32
5/20/14,9.35
5/21/14,9.38
5/22/14,9.39
5/23/14,9.47
5/24/14,9.47
5/25/14,9.47
5/26/14,9.54
5/27/14,9.5
5/28/14,9.57
5/29/14,9.5
5/30/14,9.5
5/31/14,9.5
6/1/14,9.5
6/2/14,9.5
6/3/14,9.48
6/4/14,9.43
6/5/14,9.48
6/6/14,9.48
6/7/14,9.48
6/8/14,9.48
6/9/14,9.47
6/10/14,9.57
6/11/14,9.59
6/12/14,9.56
6/13/14,9.64
6/14/14,9.64
6/15/14,9.64
6/16/14,9.67
6/17/14,9.59
6/18/14,9.5
6/19/14,9.33
6/20/14,9.4
6/21/14,9.4
6/22/14,9.4
6/23/14,9.46
6/24/14,9.5
6/25/14,9.46
6/26/14,9.56
6/27/14,9.6
6/28/14,9.6
6/29/14,9.6
6/30/14,9.69
7/1/14,9.69
7/2/14,9.75
7/3/14,9.78
7/4/14,9.78
7/5/14,9.78
7/6/14,9.78
7/7/14,9.78
7/8/14,9.82
7/9/14,9.73
7/10/14,9.73
7/11/14,9.78
7/12/14,9.78
7/13/14,9.78
7/14/14,9.88
7/15/14,9.83
7/16/14,9.78
7/17/14,9.76
7/18/14,9.77
7/19/14,9.77
7/20/14,9.77
7/21/14,9.76
7/22/14,9.84
7/23/14,9.81
7/24/14,9.82
7/25/14,9.88
7/26/14,9.88
7/27/14,9.88
7/28/14,9.99
7/29/14,10.08
7/30/14,10.09
7/31/14,10.13
8/1/14,10.02
8/2/14,10.02
8/3/14,10.02
8/4/14,10.14
8/5/14,10.17
8/6/14,10.18
8/7/14,10.1
8/8/14,10.15
8/9/14,10.15
8/10/14,10.15
8/11/14,10.28
8/12/14,10.29
8/13/14,10.3
8/14/14,10.26
8/15/14,10.33
8/16/14,10.33
8/17/14,10.33
8/18/14,10.41
8/19/14,10.4
8/20/14,10.4
8/21/14,10.33
8/22/14,10.38
8/23/14,10.38
8/24/14,10.38
8/25/14,10.35
8/26/14,10.27
8/27/14,10.3
8/28/14,10.21
8/29/14,10.29
8/30/14,10.29
8/31/14,10.29
9/1/14,10.41
9/2/14,10.48
9/3/14,10.54
9/4/14,10.62
9/5/14,10.66
9/6/14,10.66
9/7/14,10.66
9/8/14,10.66
9/9/14,10.66
9/10/14,10.69
9/11/14,10.67
9/12/14,10.73
9/13/14,10.73
9/14/14,10.73
9/15/14,10.71
9/16/14,10.53
9/17/14,10.61
9/18/14,10.64
9/19/14,10.72
9/20/14,10.72
9/21/14,10.72
9/22/14,10.64
9/23/14,10.75
9/24/14,10.88
9/25/14,10.74
9/26/14,10.78
9/27/14,10.78
9/28/14,10.78
9/29/14,10.81
9/30/14,10.85
10/1/14,10.85
10/2/14,10.85
10/3/14,10.85
10/4/14,10.85
10/5/14,10.85
10/6/14,10.85
10/7/14,10.85
10/8/14,10.99
10/9/14,11.01
10/10/14,10.98
10/11/14,10.98
10/12/14,10.98
10/13/14,10.99
10/14/14,10.98
10/15/14,11.02
10/16/14,10.88
10/17/14,10.91
10/18/14,10.91
10/19/14,10.91
10/20/14,10.99
10/21/14,10.94
10/22/14,10.88
10/23/14,10.77
10/24/14,10.77
10/25/14,10.77
10/26/14,10.77
10/27/14,10.75
10/28/14,10.95
10/29/14,11.06
10/30/14,11.08
10/31/14,11.14
11/1/14,11.14
11/2/14,11.14
11/3/14,11.17
11/4/14,11.17
11/5/14,11.14
11/6/14,11.17
11/7/14,11.1
11/8/14,11.1
11/9/14,11.1
11/10/14,11.23
11/11/14,11.1
11/12/14,11.18
11/13/14,11.14
11/14/14,11.11
11/15/14,11.11
11/16/14,11.11
11/17/14,11.18
11/18/14,11.17
11/19/14,11.16
11/20/14,11.15
11/21/14,11.22
11/22/14,11.22
11/23/14,11.22
11/24/14,11.3
11/25/14,11.36
11/26/14,11.39
11/27/14,11.45
11/28/14,11.58
11/29/14,11.58
11/30/14,11.58
12/1/14,11.54
12/2/14,11.82
12/3/14,11.9
12/4/14,12.26
12/5/14,12.3
12/6/14,12.3
12/7/14,12.3
12/8/14,12.59
12/9/14,12.02
12/10/14,12.38
12/11/14,12.36
12/12/14,12.35
12/13/14,12.35
12/14/14,12.35
12/15/14,12.37
12/16/14,12.52
12/17/14,12.56
12/18/14,12.46
12/19/14,12.55
12/20/14,12.55
12/21/14,12.55
12/22/14,12.63
12/23/14,12.44
12/24/14,12.35
12/25/14,12.35
12/26/14,12.35
12/27/14,12.35
12/28/14,12.35
12/29/14,12.75
12/30/14,12.76
12/31/14,12.93
1/1/15,12.93
1/2/15,12.93
1/3/15,12.93
1/4/15,12.93
1/5/15,13.15
1/6/15,13.14
1/7/15,13.16
1/8/15,12.97
1/9/15,12.95
1/10/15,12.95
1/11/15,12.95
1/12/15,12.92
1/13/15,12.95
1/14/15,12.92
1/15/15,13.1
1/16/15,13.06
1/17/15,13.06
1/18/15,13.06
1/19/15,12.53
1/20/15,12.7
1/21/15,12.94
1/22/15,12.98
1/23/15,12.91
1/24/15,12.91
1/25/15,12.91
1/26/15,12.94
1/27/15,12.94
1/28/15,12.82
1/29/15,12.71
1/30/15,12.6
1/31/15,12.6
2/1/15,12.6
2/2/15,12.49
2/3/15,12.65
2/4/15,12.62
2/5/15,12.58
2/6/15,12.46
2/7/15,12.46
2/8/15,12.46
2/9/15,12.45
2/10/15,12.58
2/11/15,12.65
2/12/15,12.68
2/13/15,12.78
2/14/15,12.78
2/15/15,12.78
2/16/15,12.81
2/17/15,12.86
2/18/15,12.86
2/19/15,12.86
2/20/15,12.86
2/21/15,12.86
2/22/15,12.86
2/23/15,12.86
2/24/15,12.86
2/25/15,12.83
2/26/15,12.94
2/27/15,12.92
2/28/15,12.92
3/1/15,12.92
3/2/15,13.02
3/3/15,12.89
3/4/15,12.95
3/5/15,12.9
3/6/15,12.82
3/7/15,12.82
3/8/15,12.82
3/9/15,12.98
3/10/15,13.0
3/11/15,13.01
3/12/15,13.13
3/13/15,13.16
3/14/15,13.16
3/15/15,13.16
3/16/15,13.32
3/17/15,13.45
3/18/15,13.64
3/19/15,13.68
3/20/15,13.72
3/21/15,13.72
3/22/15,13.72
3/23/15,13.97
3/24/15,13.95
3/25/15,13.98
3/26/15,13.92
3/27/15,14.01
3/28/15,14.01
3/29/15,14.01
3/30/15,14.31
3/31/15,14.3
4/1/15,14.46
4/2/15,14.56
4/3/15,14.56
4/4/15,14.56
4/5/15,14.56
4/6/15,14.56
4/7/15,14.56
4/8/15,14.95
4/9/15,14.8
4/10/15,14.99
4/11/15,14.99
4/12/15,14.99
4/13/15,15.13
4/14/15,15.16
4/15/15,14.98
4/16/15,15.26
4/17/15,15.39
4/18/15,15.39
4/19/15,15.39
4/20/15,15.2
4/21/15,15.43
4/22/15,15.69
4/23/15,15.7
4/24/15,15.64
4/25/15,15.64
4/26/15,15.64
4/27/15,15.81
4/28/15,15.69
4/29/15,15.77
4/30/15,15.75
5/1/15,15.75
5/2/15,15.75
5/3/15,15.75
5/4/15,15.82
5/5/15,15.41
5/6/15,15.27
5/7/15,15.04
5/8/15,15.33
5/9/15,15.33
5/10/15,15.33
5/11/15,15.67
5/12/15,15.8
5/13/15,15.79
5/14/15,15.76
5/15/15,15.53
5/16/15,15.53
5/17/15,15.53
5/18/15,15.55
5/19/15,15.89
5/20/15,15.98
5/21/15,16.25
5/22/15,16.55
5/23/15,16.55
5/24/15,16.55
5/25/15,16.55
5/26/15,17.17
5/27/15,17.17
5/28/15,16.25
5/29/15,16.25
5/30/15,16.25
5/31/15,16.25
6/1/15,16.84
6/2/15,17.1
6/3/15,17.13
6/4/15,17.23
6/5/15,17.41
6/6/15,17.41
6/7/15,17.41
6/8/15,17.53
6/9/15,17.43
6/10/15,17.48
6/11/15,17.51
6/12/15,17.6
6/13/15,17.6
6/14/15,17.6
6/15/15,17.34
6/16/15,17.02
6/17/15,17.2
6/18/15,16.7
6/19/15,15.92
6/20/15,15.92
6/21/15,15.92
6/22/15,15.92
6/23/15,16.27
6/24/15,16.36
6/25/15,15.9
6/26/15,14.91
6/27/15,14.91
6/28/15,14.91
6/29/15,14.43
6/30/15,15.15
7/1/15,15.15
7/2/15,13.97
7/3/15,13.33
7/4/15,13.33
7/5/15,13.33
7/6/15,13.54
7/7/15,13.32
7/8/15,12.78
7/9/15,13.31
7/10/15,13.77
7/11/15,13.77
7/12/15,13.77
7/13/15,14.05
7/14/15,14.02
7/15/15,13.65
7/16/15,13.74
7/17/15,14.14
7/18/15,14.14
7/19/15,14.14
7/20/15,14.21
7/21/15,14.25
7/22/15,14.22
7/23/15,14.46
7/24/15,14.29
7/25/15,14.29
7/26/15,14.29
7/27/15,13.47
7/28/15,13.42
7/29/15,13.73
7/30/15,13.48
7/31/15,13.46
8/1/15,13.46
8/2/15,13.46
8/3/15,13.44
8/4/15,13.76
8/5/15,13.59
8/6/15,13.51
8/7/15,13.71
8/8/15,13.71
8/9/15,13.71
8/10/15,14.11
8/11/15,13.73
8/12/15,13.33
8/13/15,13.58
8/14/15,13.68
8/15/15,13.68
8/16/15,13.68
8/17/15,13.72
8/18/15,13.17
8/19/15,13.28
8/20/15,13.0
8/21/15,12.6
8/22/15,12.6
8/23/15,12.6
8/24/15,11.86
8/25/15,11.33
8/26/15,11.26
8/27/15,11.66
8/28/15,12.05
8/29/15,12.05
8/30/15,12.05
8/31/15,12.05
9/1/15,12.0
9/2/15,11.92
9/3/15,11.92
9/4/15,11.92
9/5/15,11.92
9/6/15,11.92
9/7/15,11.66
9/8/15,11.89
9/9/15,12.04
9/10/15,12.06
9/11/15,12.02
9/12/15,12.02
9/13/15,12.02
9/14/15,11.82
9/15/15,11.52
9/16/15,11.89
9/17/15,11.74
9/18/15,11.84
9/19/15,11.84
9/20/15,11.84
9/21/15,11.97
9/22/15,11.78
9/23/15,11.58
9/24/15,11.63
9/25/15,11.55
9/26/15,11.55
9/27/15,11.55
9/28/15,11.55
9/29/15,11.52
9/30/15,11.56
10/1/15,11.56
10/2/15,11.56
10/3/15,11.56
10/4/15,11.56
10/5/15,11.56
10/6/15,11.56
10/7/15,11.56
10/8/15,11.81
10/9/15,11.95
10/10/15,11.95
10/11/15,11.95
10/12/15,12.24
10/13/15,12.2
10/14/15,12.08
10/15/15,12.27
10/16/15,12.36
10/17/15,12.36
10/18/15,12.36
10/19/15,12.33
10/20/15,12.43
10/21/15,12.43
10/22/15,12.26
10/23/15,12.39
10/24/15,12.39
10/25/15,12.39
10/26/15,12.42
10/27/15,12.41
10/28/15,12.24
10/29/15,12.35
10/30/15,12.41
10/31/15,12.41
11/1/15,12.41
11/2/15,12.26
11/3/15,12.23
11/4/15,12.57
11/5/15,12.66
11/6/15,12.8
11/7/15,12.8
11/8/15,12.8
11/9/15,12.87
11/10/15,12.87
11/11/15,12.88
11/12/15,12.83
11/13/15,12.73
11/14/15,12.73
11/15/15,12.73
11/16/15,12.83
11/17/15,12.81
11/18/15,12.73
11/19/15,12.84
11/20/15,12.87
11/21/15,12.87
11/22/15,12.87
11/23/15,12.8
11/24/15,12.82
11/25/15,12.89
11/26/15,12.83
11/27/15,12.39
11/28/15,12.39
11/29/15,12.39
11/30/15,12.48
12/1/15,12.54
12/2/15,12.74
12/3/15,12.79
12/4/15,12.69
12/5/15,12.69
12/6/15,12.69
12/7/15,12.67
12/8/15,12.48
12/9/15,12.48
12/10/15,12.42
12/11/15,12.38
12/12/15,12.38
12/13/15,12.38
12/14/15,12.51
12/15/15,12.56
12/16/15,12.53
12/17/15,12.64
12/18/15,12.66
12/19/15,12.66
12/20/15,12.66
12/21/15,12.84
12/22/15,12.61
12/23/15,12.55
12/24/15,12.47
12/25/15,12.47
12/26/15,12.47
12/27/15,12.47
12/28/15,12.26
12/29/15,12.29
12/30/15,12.31
12/31/15,12.24
1/1/16,12.24
1/2/16,12.24
1/3/16,12.24
1/4/16,11.69
1/5/16,11.7
1/6/16,11.68
1/7/16,11.32
1/8/16,11.49
1/9/16,11.49
1/10/16,11.49
1/11/16,11.34
1/12/16,11.45
1/13/16,11.37
1/14/16,11.42
1/15/16,11.24
1/16/16,11.24
1/17/16,11.24
1/18/16,11.29
1/19/16,11.46
1/20/16,11.34
1/21/16,11.2
1/22/16,11.23
1/23/16,11.23
1/24/16,11.23
1/25/16,11.23
1/26/16,10.91
1/27/16,10.84
1/28/16,10.75
1/29/16,10.94
1/30/16,10.94
1/31/16,10.94
2/1/16,10.83
2/2/16,10.9
2/3/16,10.86
2/4/16,10.97
2/5/16,10.99
2/6/16,10.99
2/7/16,10.99
2/8/16,10.99
2/9/16,10.99
2/10/16,10.99
2/11/16,10.99
2/12/16,10.99
2/13/16,10.99
2/14/16,10.99
2/15/16,11.05
2/16/16,11.19
2/17/16,11.21
2/18/16,11.2
2/19/16,11.16
2/20/16,11.16
2/21/16,11.16
2/22/16,11.3
2/23/16,11.22
2/24/16,11.25
2/25/16,10.9
2/26/16,10.96
2/27/16,10.96
2/28/16,10.96
2/29/16,10.81
3/1/16,10.92
3/2/16,11.16
3/3/16,11.18
3/4/16,11.36
3/5/16,11.36
3/6/16,11.36
3/7/16,11.34
3/8/16,11.36
3/9/16,11.32
3/10/16,11.2
3/11/16,11.24
3/12/16,11.24
3/13/16,11.24
3/14/16,11.33
3/15/16,11.33
3/16/16,11.35
3/17/16,11.48
3/18/16,11.55
3/19/16,11.55
3/20/16,11.55
3/21/16,11.67
3/22/16,11.52
3/23/16,11.52
3/24/16,11.41
3/25/16,11.41
3/26/16,11.41
3/27/16,11.41
3/28/16,11.41
3/29/16,11.33
3/30/16,11.56
3/31/16,11.6
4/1/16,11.6
4/2/16,11.6
4/3/16,11.6
4/4/16,11.6
4/5/16,11.66
4/6/16,11.63
4/7/16,11.54
4/8/16,11.48
4/9/16,11.48
4/10/16,11.48
4/11/16,11.57
4/12/16,11.58
4/13/16,11.63
4/14/16,11.64
4/15/16,11.65
4/16/16,11.65
4/17/16,11.65
4/18/16,11.54
4/19/16,11.58
4/20/16,11.47
4/21/16,11.4
4/22/16,11.42
4/23/16,11.42
4/24/16,11.42
4/25/16,11.37
4/26/16,11.42
4/27/16,11.4
4/28/16,11.43
4/29/16,11.43
4/30/16,11.43
5/1/16,11.43
5/2/16,11.43
5/3/16,11.56
5/4/16,11.51
5/5/16,11.51
5/6/16,11.33
5/7/16,11.33
5/8/16,11.33
5/9/16,11.19
5/10/16,11.19
5/11/16,11.3
5/12/16,11.29
5/13/16,11.27
5/14/16,11.27
5/15/16,11.27
5/16/16,11.31
5/17/16,11.27
5/18/16,11.22
5/19/16,11.2
5/20/16,11.23
5/21/16,11.23
5/22/16,11.23
5/23/16,11.25
5/24/16,11.2
5/25/16,11.17
5/26/16,11.18
5/27/16,11.17
5/28/16,11.17
5/29/16,11.17
5/30/16,11.15
5/31/16,11.35
6/1/16,11.32
6/2/16,11.33
6/3/16,11.39
6/4/16,11.39
6/5/16,11.39
6/6/16,11.42
6/7/16,11.43
6/8/16,11.39
6/9/16,11.39
6/10/16,11.39
6/11/16,11.39
6/12/16,11.39
6/13/16,11.17
6/14/16,11.19
6/15/16,11.28
6/16/16,11.24
6/17/16,11.28
6/18/16,11.28
6/19/16,11.28
6/20/16,11.31
6/21/16,11.22
6/22/16,11.27
6/23/16,11.25
6/24/16,11.08
6/25/16,11.08
6/26/16,11.08
6/27/16,11.08
6/28/16,11.11
6/29/16,11.17
6/30/16,11.18
7/1/16,11.18
7/2/16,11.18
7/3/16,11.18
7/4/16,11.25
7/5/16,11.24
7/6/16,11.25
7/7/16,11.26
7/8/16,11.23
7/9/16,11.23
7/10/16,11.23
7/11/16,11.27
7/12/16,11.42
7/13/16,11.46
7/14/16,11.43
7/15/16,11.48
7/16/16,11.48
7/17/16,11.48
7/18/16,11.44
7/19/16,11.39
7/20/16,11.43
7/21/16,11.48
7/22/16,11.4
7/23/16,11.4
7/24/16,11.4
7/25/16,11.4
7/26/16,11.51
7/27/16,11.49
7/28/16,11.56
7/29/16,11.56
7/30/16,11.56
7/31/16,11.56
8/1/16,11.49
8/2/16,11.49
8/3/16,11.54
8/4/16,11.52
8/5/16,11.5
8/6/16,11.5
8/7/16,11.5
8/8/16,11.53
8/9/16,11.58
8/10/16,11.61
8/11/16,11.57
8/12/16,11.71
8/13/16,11.71
8/14/16,11.71
8/15/16,11.93
8/16/16,11.89
8/17/16,11.85
8/18/16,11.86
8/19/16,11.81
8/20/16,11.81
8/21/16,11.81
8/22/16,11.76
8/23/16,11.79
8/24/16,11.75
8/25/16,11.7
8/26/16,11.69
8/27/16,11.69
8/28/16,11.69
8/29/16,11.66
8/30/16,11.66
8/31/16,11.69
9/1/16,11.66
9/2/16,11.7
9/3/16,11.7
9/4/16,11.7
9/5/16,11.71
9/6/16,11.78
9/7/16,11.83
9/8/16,11.83
9/9/16,11.74
9/10/16,11.74
9/11/16,11.74
9/12/16,11.63
9/13/16,11.64
9/14/16,11.62
9/15/16,11.62
9/16/16,11.62
9/17/16,11.62
9/18/16,11.62
9/19/16,11.68
9/20/16,11.45
9/21/16,11.46
9/22/16,11.52
9/23/16,11.52
9/24/16,11.52
9/25/16,11.52
9/26/16,11.39
9/27/16,11.42
9/28/16,11.39
9/29/16,11.45
9/30/16,11.47
10/1/16,11.47
10/2/16,11.47
10/3/16,11.47
10/4/16,11.47
10/5/16,11.47
10/6/16,11.47
10/7/16,11.47
10/8/16,11.47
10/9/16,11.47
10/10/16,11.47
10/11/16,11.51
10/12/16,11.51
10/13/16,11.47
10/14/16,11.5
10/15/16,11.5
10/16/16,11.5
10/17/16,11.42
10/18/16,11.52
10/19/16,11.51
10/20/16,11.51
10/21/16,11.51
10/22/16,11.51
10/23/16,11.51
10/24/16,11.54
10/25/16,11.53
10/26/16,11.51
10/27/16,11.46
10/28/16,11.46
10/29/16,11.46
10/30/16,11.46
10/31/16,11.47
11/1/16,11.51
11/2/16,11.47
11/3/16,11.53
11/4/16,11.51
11/5/16,11.51
11/6/16,11.51
11/7/16,11.48
11/8/16,11.5
11/9/16,11.43
11/10/16,11.45
11/11/16,11.49
11/12/16,11.49
11/13/16,11.49
11/14/16,11.43
11/15/16,11.4
11/16/16,11.37
11/17/16,11.4
11/18/16,11.33
11/19/16,11.33
11/20/16,11.33
11/21/16,11.37
11/22/16,11.39
11/23/16,11.39
11/24/16,11.41
11/25/16,11.47
11/26/16,11.47
11/27/16,11.47
11/28/16,11.54
11/29/16,11.65
11/30/16,11.58
12/1/16,11.65
12/2/16,11.65
12/3/16,11.65
12/4/16,11.65
12/5/16,11.51
12/6/16,11.49
12/7/16,11.47
12/8/16,11.47
12/9/16,11.48
12/10/16,11.48
12/11/16,11.48
12/12/16,11.3
12/13/16,11.29
12/14/16,11.28
12/15/16,11.1
12/16/16,10.88
12/17/16,10.88
12/18/16,10.88
12/19/16,10.85
12/20/16,10.8
12/21/16,10.88
12/22/16,10.88
12/23/16,10.8
12/24/16,10.8
12/25/16,10.8
12/26/16,10.8
12/27/16,10.8
12/28/16,10.78
12/29/16,10.78
12/30/16,10.82
12/31/16,10.82
1/1/17,10.82
1/2/17,10.82
1/3/17,10.89
1/4/17,11.03
1/5/17,11.17
1/6/17,11.13
1/7/17,11.13
1/8/17,11.13
1/9/17,11.09
1/10/17,11.05
1/11/17,10.97
1/12/17,11.02
1/13/17,11.04
1/14/17,11.04
1/15/17,11.04
1/16/17,11.05
1/17/17,11.16
1/18/17,11.18
1/19/17,11.12
1/20/17,11.15
1/21/17,11.15
1/22/17,11.15
1/23/17,11.23
1/24/17,11.27
1/25/17,11.28
1/26/17,11.28
1/27/17,11.28
1/28/17,11.28
1/29/17,11.28
1/30/17,11.28
1/31/17,11.28
2/1/17,11.28
2/2/17,11.28
2/3/17,11.27
2/4/17,11.27
2/5/17,11.27
2/6/17,11.3
2/7/17,11.26
2/8/17,11.26
2/9/17,11.29
2/10/17,11.31
2/11/17,11.31
2/12/17,11.31
2/13/17,11.36
2/14/17,11.39
2/15/17,11.38
2/16/17,11.44
2/17/17,11.38
2/18/17,11.38
2/19/17,11.38
2/20/17,11.5
2/21/17,11.5
2/22/17,11.54
2/23/17,11.51
2/24/17,11.51
2/25/17,11.51
2/26/17,11.51
2/27/17,11.43
2/28/17,11.45
3/1/17,11.44
3/2/17,11.38
3/3/17,11.34
3/4/17,11.34
3/5/17,11.34
3/6/17,11.38
3/7/17,11.4
3/8/17,11.35
3/9/17,11.33
3/10/17,11.32
3/11/17,11.32
3/12/17,11.32
3/13/17,11.44
3/14/17,11.43
3/15/17,11.48
3/16/17,11.53
3/17/17,11.44
3/18/17,11.44
3/19/17,11.44
3/20/17,11.46
3/21/17,11.44
3/22/17,11.44
3/23/17,11.46
3/24/17,11.53
3/25/17,11.53
3/26/17,11.53
3/27/17,11.55
3/28/17,11.51
3/29/17,11.5
3/30/17,11.45
3/31/17,11.51
4/1/17,11.51
4/2/17,11.51
4/3/17,11.51
4/4/17,11.51
4/5/17,11.6
4/6/17,11.6
4/7/17,11.6
4/8/17,11.6
4/9/17,11.6
4/10/17,11.57
4/11/17,11.59
4/12/17,11.59
4/13/17,11.65
4/14/17,11.65
4/15/17,11.65
4/16/17,11.65
4/17/17,11.65
4/18/17,11.58
4/19/17,11.58
4/20/17,11.64
4/21/17,11.64
4/22/17,11.64
4/23/17,11.64
4/24/17,11.57
4/25/17,11.63
4/26/17,11.65
4/27/17,11.64
4/28/17,11.62
4/29/17,11.62
4/30/17,11.62
5/1/17,11.62
5/2/17,11.59
5/3/17,11.59
5/4/17,11.54
5/5/17,11.48
5/6/17,11.48
5/7/17,11.48
5/8/17,11.44
5/9/17,11.42
5/10/17,11.45
5/11/17,11.51
5/12/17,11.6
5/13/17,11.6
5/14/17,11.6
5/15/17,11.66
5/16/17,11.73
5/17/17,11.67
5/18/17,11.65
5/19/17,11.68
5/20/17,11.68
5/21/17,11.68
5/22/17,11.75
5/23/17,11.8
5/24/17,11.79
5/25/17,11.92
5/26/17,12.0
5/27/17,12.0
5/28/17,12.0
5/29/17,12.0
5/30/17,12.0
5/31/17,12.11
6/1/17,12.15
6/2/17,12.06
6/3/17,12.06
6/4/17,12.06
6/5/17,12.01
6/6/17,12.12
6/7/17,12.18
6/8/17,12.27
6/9/17,12.29
6/10/17,12.29
6/11/17,12.29
6/12/17,12.33
6/13/17,12.35
6/14/17,12.27
6/15/17,12.19
6/16/17,12.16
6/17/17,12.16
6/18/17,12.16
6/19/17,12.23
6/20/17,12.05
6/21/17,12.14
6/22/17,12.12
6/23/17,12.17
6/24/17,12.17
6/25/17,12.17
6/26/17,12.23
6/27/17,12.32
6/28/17,12.29
6/29/17,12.38
6/30/17,12.41
7/1/17,12.41
7/2/17,12.41
7/3/17,12.35
7/4/17,12.26
7/5/17,12.34
7/6/17,12.34
7/7/17,12.34
7/8/17,12.34
7/9/17,12.34
7/10/17,12.34
7/11/17,12.38
7/12/17,12.37
7/13/17,12.43
7/14/17,12.46
7/15/17,12.46
7/16/17,12.46
7/17/17,12.44
7/18/17,12.45
7/19/17,12.55
7/20/17,12.57
7/21/17,12.56
7/22/17,12.56
7/23/17,12.56
7/24/17,12.64
7/25/17,12.6
7/26/17,12.58
7/27/17,12.59
7/28/17,12.6
7/29/17,12.6
7/30/17,12.6
7/31/17,12.65
8/1/17,12.72
8/2/17,12.71
8/3/17,12.65
8/4/17,12.63
8/5/17,12.63
8/6/17,12.63
8/7/17,12.64
8/8/17,12.7
8/9/17,12.74
8/10/17,12.77
8/11/17,12.66
8/12/17,12.66
8/13/17,12.66
8/14/17,12.72
8/15/17,12.76
8/16/17,12.72
8/17/17,12.77
8/18/17,12.78
8/19/17,12.78
8/20/17,12.78
8/21/17,12.82
8/22/17,12.87
8/23/17,12.87
8/24/17,12.85
8/25/17,12.98
8/26/17,12.98
8/27/17,12.98
8/28/17,13.12
8/29/17,13.17
8/30/17,13.17
8/31/17,13.12
9/1/17,13.18
9/2/17,13.18
9/3/17,13.18
9/4/17,13.28
9/5/17,13.29
9/6/17,13.29
9/7/17,13.31
9/8/17,13.35
9/9/17,13.35
9/10/17,13.35
9/11/17,13.22
9/12/17,13.23
9/13/17,13.26
9/14/17,13.19
9/15/17,13.21
9/16/17,13.21
9/17/17,13.21
9/18/17,13.19
9/19/17,12.84
9/20/17,12.88
9/21/17,12.89
9/22/17,12.94
9/23/17,12.94
9/24/17,12.94
9/25/17,12.89
9/26/17,12.85
9/27/17,12.81
9/28/17,12.8
9/29/17,12.87
9/30/17,12.87
10/1/17,12.87
10/2/17,12.87
10/3/17,12.87
10/4/17,12.87
10/5/17,12.87
10/6/17,12.87
10/7/17,12.87
10/8/17,12.87
10/9/17,12.98
10/10/17,13.09
10/11/17,13.13
10/12/17,13.17
10/13/17,13.16
10/14/17,13.16
10/15/17,13.16
10/16/17,13.17
10/17/17,13.09
10/18/17,13.18
10/19/17,13.23
10/20/17,13.19
10/21/17,13.19
10/22/17,13.19
10/23/17,13.16
10/24/17,13.23
10/25/17,13.22
10/26/17,13.24
10/27/17,13.28
10/28/17,13.28
10/29/17,13.28
10/30/17,13.22
10/31/17,13.23
11/1/17,13.22
11/2/17,13.23
11/3/17,13.22
11/4/17,13.22
11/5/17,13.22
11/6/17,13.29
11/7/17,13.33
11/8/17,13.3
11/9/17,13.36
11/10/17,13.47
11/11/17,13.47
11/12/17,13.47
11/13/17,13.54
11/14/17,13.45
11/15/17,13.45
11/16/17,13.52
11/17/17,13.55
11/18/17,13.55
11/19/17,13.55
11/20/17,13.59
11/21/17,13.78
11/22/17,13.78
11/23/17,13.56
11/24/17,13.53
11/25/17,13.53
11/26/17,13.53
11/27/17,13.42
11/28/17,13.44
11/29/17,13.43
11/30/17,13.29
12/1/17,13.31
12/2/17,13.31
12/3/17,13.31
12/4/17,13.33
12/5/17,13.4
12/6/17,13.35
12/7/17,13.23
12/8/17,13.28
12/9/17,13.28
12/10/17,13.28
12/11/17,13.46
12/12/17,13.34
12/13/17,13.42
12/14/17,13.42
12/15/17,13.03
12/16/17,13.03
12/17/17,13.03
12/18/17,13.04
12/19/17,13.2
12/20/17,13.26
12/21/17,13.38
12/22/17,13.34
12/23/17,13.34
12/24/17,13.34
12/25/17,13.34
12/26/17,13.34
12/27/17,13.26
12/28/17,13.4
12/29/17,13.46
12/30/17,13.46
12/31/17,13.46
1/1/18,13.46
1/2/18,13.66
1/3/18,13.68
1/4/18,13.72
1/5/18,13.78
1/6/18,13.78
1/7/18,13.78
1/8/18,13.83
1/9/18,13.81
1/10/18,13.92
1/11/18,13.88
1/12/18,14.06
1/13/18,14.06
1/14/18,14.06
1/15/18,14.18
1/16/18,14.26
1/17/18,14.2
1/18/18,14.3
1/19/18,14.35
1/20/18,14.35
1/21/18,14.35
1/22/18,14.48
1/23/18,14.6
1/24/18,14.7
1/25/18,14.74
1/26/18,14.79
1/27/18,14.79
1/28/18,14.79
1/29/18,14.55
1/30/18,14.45
1/31/18,14.64
2/1/18,14.63
2/2/18,14.75
2/3/18,14.75
2/4/18,14.75
2/5/18,14.77
2/6/18,14.5
2/7/18,14.18
2/8/18,13.9
2/9/18,13.57
2/10/18,13.57
2/11/18,13.57
2/12/18,13.66
2/13/18,13.8
2/14/18,13.92
2/15/18,13.92
2/16/18,13.92
2/17/18,13.92
2/18/18,13.92
2/19/18,13.92
2/20/18,13.92
2/21/18,13.92
2/22/18,14.11
2/23/18,14.17
2/24/18,14.17
2/25/18,14.17
2/26/18,14.36
2/27/18,14.19
2/28/18,14.04
3/1/18,14.04
3/2/18,13.95
3/3/18,13.95
3/4/18,13.95
3/5/18,13.97
3/6/18,14.1
3/7/18,14.07
3/8/18,14.18
3/9/18,14.25
3/10/18,14.25
3/11/18,14.25
3/12/18,14.31
3/13/18,14.19
3/14/18,14.2
3/15/18,14.26
3/16/18,14.14
3/17/18,14.14
3/18/18,14.14
3/19/18,14.2
3/20/18,14.12
3/21/18,14.07
3/22/18,13.92
3/23/18,13.7
3/24/18,13.7
3/25/18,13.7
3/26/18,13.73
3/27/18,13.78
3/28/18,13.56
3/29/18,13.69
3/30/18,13.69
3/31/18,13.69
4/1/18,13.69
4/2/18,13.69
4/3/18,13.66
4/4/18,13.55
4/5/18,13.55
4/6/18,13.55
4/7/18,13.55
4/8/18,13.55
4/9/18,13.56
4/10/18,13.8
4/11/18,13.83
4/12/18,13.75
4/13/18,13.68
4/14/18,13.68
4/15/18,13.68
4/16/18,13.53
4/17/18,13.36
4/18/18,13.4
4/19/18,13.55
4/20/18,13.37
4/21/18,13.37
4/22/18,13.37
4/23/18,13.31
4/24/18,13.53
4/25/18,13.47
4/26/18,13.3
4/27/18,13.27
4/28/18,13.27
4/29/18,13.27
4/30/18,13.27
5/1/18,13.27
5/2/18,13.27
5/3/18,13.36
5/4/18,13.32
5/5/18,13.32
5/6/18,13.32
5/7/18,13.47
5/8/18,13.59
5/9/18,13.58
5/10/18,13.7
5/11/18,13.68
5/12/18,13.68
5/13/18,13.68
5/14/18,13.77
5/15/18,13.77
5/16/18,13.68
5/17/18,13.61
5/18/18,13.69
5/19/18,13.69
5/20/18,13.69
5/21/18,13.73
5/22/18,13.73
5/23/18,13.54
5/24/18,13.47
5/25/18,13.47
5/26/18,13.47
5/27/18,13.47
5/28/18,13.5
5/29/18,13.36
5/30/18,13.19
5/31/18,13.45
6/1/18,13.32
6/2/18,13.32
6/3/18,13.32
6/4/18,13.45
6/5/18,13.57
6/6/18,13.58
6/7/18,13.55
6/8/18,13.42
6/9/18,13.42
6/10/18,13.42
6/11/18,13.43
6/12/18,13.57
6/13/18,13.5
6/14/18,13.48
6/15/18,13.37
6/16/18,13.37
6/17/18,13.37
6/18/18,13.37
6/19/18,12.98
6/20/18,12.88
6/21/18,12.74
6/22/18,12.8
6/23/18,12.8
6/24/18,12.8
6/25/18,12.6
6/26/18,12.44
6/27/18,12.18
6/28/18,12.03
6/29/18,12.25
6/30/18,12.25
7/1/18,12.25
7/2/18,12.25
7/3/18,11.94
7/4/18,11.86
7/5/18,11.83
7/6/18,11.86
7/7/18,11.86
7/8/18,11.86
7/9/18,12.19
7/10/18,12.18
7/11/18,11.97
7/12/18,12.16
7/13/18,12.16
7/14/18,12.16
7/15/18,12.16
7/16/18,12.17
7/17/18,12.06
7/18/18,11.96
7/19/18,11.91
7/20/18,12.04
7/21/18,12.04
7/22/18,12.04
7/23/18,12.13
7/24/18,12.23
7/25/18,12.31
7/26/18,12.15
7/27/18,12.04
7/28/18,12.04
7/29/18,12.04
7/30/18,12.02
7/31/18,12.0
8/1/18,11.89
8/2/18,11.63
8/3/18,11.45
8/4/18,11.45
8/5/18,11.45
8/6/18,11.4
8/7/18,11.69
8/8/18,11.54
8/9/18,11.78
8/10/18,11.72
8/11/18,11.72
8/12/18,11.72
8/13/18,11.62
8/14/18,11.59
8/15/18,11.31
8/16/18,11.31
8/17/18,11.22
8/18/18,11.22
8/19/18,11.22
8/20/18,11.3
8/21/18,11.49
8/22/18,11.46
8/23/18,11.45
8/24/18,11.52
8/25/18,11.52
8/26/18,11.52
8/27/18,11.78
8/28/18,11.8
8/29/18,11.69
8/30/18,11.62
8/31/18,11.51
9/1/18,11.51
9/2/18,11.51
9/3/18,11.52
9/4/18,11.6
9/5/18,11.45
9/6/18,11.37
9/7/18,11.4
9/8/18,11.4
9/9/18,11.4
9/10/18,11.23
9/11/18,11.18
9/12/18,11.11
9/13/18,11.23
9/14/18,11.24
9/15/18,11.24
9/16/18,11.24
9/17/18,11.11
9/18/18,11.08
9/19/18,11.24
9/20/18,11.26
9/21/18,11.47
9/22/18,11.47
9/23/18,11.47
9/24/18,11.47
9/25/18,11.47
9/26/18,11.44
9/27/18,11.42
9/28/18,11.52
9/29/18,11.52
9/30/18,11.52
10/1/18,11.52
10/2/18,11.52
10/3/18,11.52
10/4/18,11.52
10/5/18,11.52
10/6/18,11.52
10/7/18,11.52
10/8/18,11.07
10/9/18,11.07
10/10/18,11.05
10/11/18,10.75
10/12/18,10.92
10/13/18,10.92
10/14/18,10.92
10/15/18,10.81
10/16/18,10.74
10/17/18,10.74
10/18/18,10.54
10/19/18,10.78
10/20/18,10.78
10/21/18,10.78
10/22/18,11.11
10/23/18,10.88
10/24/18,10.85
10/25/18,10.83
10/26/18,10.73
10/27/18,10.73
10/28/18,10.73
10/29/18,10.45
10/30/18,10.5
10/31/18,10.61
11/1/18,10.71
11/2/18,11.13
11/3/18,11.13
11/4/18,11.13
11/5/18,10.97
11/6/18,10.94
11/7/18,10.9
11/8/18,10.84
11/9/18,10.72
11/10/18,10.72
11/11/18,10.72
11/12/18,10.79
11/13/18,10.88
11/14/18,10.81
11/15/18,10.9
11/16/18,10.92
11/17/18,10.92
11/18/18,10.92
11/19/18,11.01
11/20/18,10.82
11/21/18,10.85
11/22/18,10.85
11/23/18,10.66
11/24/18,10.66
11/25/18,10.66
11/26/18,10.67
11/27/18,10.65
11/28/18,10.73
11/29/18,10.67
11/30/18,10.75
12/1/18,10.75
12/2/18,10.75
12/3/18,11.06
12/4/18,11.14
12/5/18,11.07
12/6/18,10.8
12/7/18,10.8
12/8/18,10.8
12/9/18,10.8
12/10/18,10.66
12/11/18,10.71
12/12/18,10.77
12/13/18,10.89
12/14/18,10.59
12/15/18,10.59
12/16/18,10.59
12/17/18,10.58
12/18/18,10.51
12/19/18,10.42
12/20/18,10.38
12/21/18,10.26
12/22/18,10.26
12/23/18,10.26
12/24/18,10.32
12/25/18,10.32
12/26/18,10.32
12/27/18,10.28
12/28/18,10.31
12/29/18,10.31
12/30/18,10.31
12/31/18,10.31
1/1/19,10.31
1/2/19,10.24
1/3/19,10.2
1/4/19,10.35
1/5/19,10.35
1/6/19,10.35
1/7/19,10.42
1/8/19,10.41
1/9/19,10.53
1/10/19,10.61
1/11/19,10.74
1/12/19,10.74
1/13/19,10.74
1/14/19,10.62
1/15/19,10.78
1/16/19,10.8
1/17/19,10.76
1/18/19,10.88
1/19/19,10.88
1/20/19,10.88
1/21/19,10.9
1/22/19,10.78
1/23/19,10.83
1/24/19,10.87
1/25/19,10.98
1/26/19,10.98
1/27/19,10.98
1/28/19,11.01
1/29/19,11.07
1/30/19,11.05
1/31/19,11.16
2/1/19,11.22
2/2/19,11.22
2/3/19,11.22
2/4/19,11.22
2/5/19,11.22
2/6/19,11.22
2/7/19,11.22
2/8/19,11.22
2/9/19,11.22
2/10/19,11.22
2/11/19,11.26
2/12/19,11.32
2/13/19,11.45
2/14/19,11.44
2/15/19,11.28
2/16/19,11.28
2/17/19,11.28
2/18/19,11.52
2/19/19,11.5
2/20/19,11.62
2/21/19,11.58
2/22/19,11.69
2/23/19,11.69
2/24/19,11.69
2/25/19,12.18
2/26/19,12.02
2/27/19,12.01
2/28/19,12.01
3/1/19,12.14
3/2/19,12.14
3/3/19,12.14
3/4/19,12.23
3/5/19,12.23
3/6/19,12.24
3/7/19,12.11
3/8/19,11.84
3/9/19,11.84
3/10/19,11.84
3/11/19,11.96
3/12/19,12.07
3/13/19,12.01
3/14/19,11.96
3/15/19,12.08
3/16/19,12.08
3/17/19,12.08
3/18/19,12.3
3/19/19,12.17
3/20/19,12.2
3/21/19,12.18
3/22/19,12.13
3/23/19,12.13
3/24/19,12.13
3/25/19,11.95
3/26/19,11.88
3/27/19,11.96
3/28/19,11.92
3/29/19,12.24
3/30/19,12.24
3/31/19,12.24
4/1/19,12.42
4/2/19,12.39
4/3/19,12.49
4/4/19,12.55
4/5/19,12.55
4/6/19,12.55
4/7/19,12.55
4/8/19,12.52
4/9/19,12.59
4/10/19,12.65
4/11/19,12.5
4/12/19,12.48
4/13/19,12.48
4/14/19,12.48
4/15/19,12.49
4/16/19,12.68
4/17/19,12.75
4/18/19,12.7
4/19/19,12.7
4/20/19,12.7
4/21/19,12.7
4/22/19,12.7
4/23/19,12.59
4/24/19,12.61
4/25/19,12.4
4/26/19,12.33
4/27/19,12.33
4/28/19,12.33
4/29/19,12.42
4/30/19,12.44
5/1/19,12.44
5/2/19,12.44
5/3/19,12.44
5/4/19,12.44
5/5/19,12.44
5/6/19,11.91
5/7/19,11.98
5/8/19,11.82
5/9/19,11.6
5/10/19,11.9
5/11/19,11.9
5/12/19,11.9
5/13/19,11.9
5/14/19,11.6
5/15/19,11.79
5/16/19,11.82
5/17/19,11.57
5/18/19,11.57
5/19/19,11.57
5/20/19,11.5
5/21/19,11.61
5/22/19,11.6
5/23/19,11.43
5/24/19,11.5
5/25/19,11.5
5/26/19,11.5
5/27/19,11.59
5/28/19,11.64
5/29/19,11.65
5/30/19,11.62
5/31/19,11.57
6/1/19,11.57
6/2/19,11.57
6/3/19,11.59
6/4/19,11.52
6/5/19,11.52
6/6/19,11.45
6/7/19,11.45
6/8/19,11.45
6/9/19,11.45
6/10/19,11.52
6/11/19,11.77
6/12/19,11.68
6/13/19,11.66
6/14/19,11.61
6/15/19,11.61
6/16/19,11.61
6/17/19,11.61
6/18/19,11.64
6/19/19,11.82
6/20/19,12.14
6/21/19,12.14
6/22/19,12.14
6/23/19,12.14
6/24/19,12.15
6/25/19,12.06
6/26/19,12.09
6/27/19,12.19
6/28/19,12.18
6/29/19,12.18
6/30/19,12.18
7/1/19,12.18
7/2/19,12.3
7/3/19,12.18
7/4/19,12.15
7/5/19,12.21
7/6/19,12.21
7/7/19,12.21
7/8/19,12.02
7/9/19,12.01
7/10/19,12.01
7/11/19,12.05
7/12/19,12.08
7/13/19,12.08
7/14/19,12.08
7/15/19,12.08
7/16/19,12.0
7/17/19,11.98
7/18/19,11.86
7/19/19,11.96
7/20/19,11.96
7/21/19,11.96
7/22/19,11.98
7/23/19,12.0
7/24/19,12.11
7/25/19,12.19
7/26/19,12.21
7/27/19,12.21
7/28/19,12.21
7/29/19,12.17
7/30/19,12.23
7/31/19,12.23
8/1/19,12.05
8/2/19,11.85
8/3/19,11.85
8/4/19,11.85
8/5/19,11.51
8/6/19,11.48
8/7/19,11.43
8/8/19,11.55
8/9/19,11.43
8/10/19,11.43
8/11/19,11.43
8/12/19,11.58
8/13/19,11.53
8/14/19,11.68
8/15/19,11.68
8/16/19,11.75
8/17/19,11.75
8/18/19,11.75
8/19/19,11.92
8/20/19,11.87
8/21/19,11.84
8/22/19,11.84
8/23/19,11.93
8/24/19,11.93
8/25/19,11.93
8/26/19,11.71
8/27/19,11.8
8/28/19,11.75
8/29/19,11.75
8/30/19,11.76
8/31/19,11.76
9/1/19,11.76
9/2/19,11.82
9/3/19,11.82
9/4/19,11.93
9/5/19,12.02
9/6/19,12.14
9/7/19,12.14
9/8/19,12.14
9/9/19,12.19
9/10/19,12.17
9/11/19,12.08
9/12/19,12.2
9/13/19,12.2
9/14/19,12.2
9/15/19,12.2
9/16/19,12.2
9/17/19,11.82
9/18/19,11.89
9/19/19,11.9
9/20/19,11.94
9/21/19,11.94
9/22/19,11.94
9/23/19,11.79
9/24/19,11.85
9/25/19,11.73
9/26/19,11.68
9/27/19,11.71
9/28/19,11.71
9/29/19,11.71
9/30/19,11.59
10/1/19,11.59
10/2/19,11.59
10/3/19,11.59
10/4/19,11.59
10/5/19,11.59
10/6/19,11.59
10/7/19,11.59
10/8/19,11.64
10/9/19,11.67
10/10/19,11.76
10/11/19,11.88
10/12/19,11.88
10/13/19,11.88
10/14/19,12.01
10/15/19,11.95
10/16/19,11.91
10/17/19,11.97
10/18/19,11.84
10/19/19,11.84
10/20/19,11.84
10/21/19,11.89
10/22/19,11.92
10/23/19,11.87
10/24/19,11.85
10/25/19,11.9
10/26/19,11.9
10/27/19,11.9
10/28/19,11.99
10/29/19,11.97
10/30/19,11.93
10/31/19,11.92
11/1/19,12.07
11/2/19,12.07
11/3/19,12.07
11/4/19,12.16
11/5/19,12.29
11/6/19,12.22
11/7/19,12.31
11/8/19,12.29
11/9/19,12.29
11/10/19,12.29
11/11/19,12.11
11/12/19,12.1
11/13/19,12.09
11/14/19,12.1
11/15/19,12.05
11/16/19,12.05
11/17/19,12.05
11/18/19,12.12
11/19/19,12.2
11/20/19,12.09
11/21/19,12.03
11/22/19,11.92
11/23/19,11.92
11/24/19,11.92
11/25/19,11.97
11/26/19,11.96
11/27/19,11.99
11/28/19,11.93
11/29/19,11.86
11/30/19,11.86
12/1/19,11.86
12/2/19,11.87
12/3/19,11.64
12/4/19,11.65
12/5/19,11.76
12/6/19,11.83
12/7/19,11.83
12/8/19,11.83
12/9/19,11.81
12/10/19,11.81
12/11/19,11.81
12/12/19,11.78
12/13/19,12.04
12/14/19,12.04
12/15/19,12.04
12/16/19,11.75
12/17/19,11.89
12/18/19,11.86
12/19/19,11.83
12/20/19,11.8
12/21/19,11.8
12/22/19,11.8
12/23/19,11.68
12/24/19,11.75
12/25/19,11.75
12/26/19,11.75
12/27/19,11.83
12/28/19,11.83
12/29/19,11.83
12/30/19,12.0
12/31/19,12.06
1/1/20,12.06
1/2/20,12.16
1/3/20,12.11
1/4/20,12.11
1/5/20,12.11
1/6/20,12.06
1/7/20,12.21
1/8/20,12.13
1/9/20,12.31
1/10/20,12.31
1/11/20,12.31
1/12/20,12.31
1/13/20,12.49
1/14/20,12.46
1/15/20,12.42
1/16/20,12.43
1/17/20,12.49
1/18/20,12.49
1/19/20,12.49
1/20/20,12.54
1/21/20,12.32
1/22/20,12.4
1/23/20,12.07
1/24/20,12.07
1/25/20,12.07
1/26/20,12.07
1/27/20,12.07
1/28/20,12.07
1/29/20,12.07
1/30/20,12.07
1/31/20,12.07
2/1/20,12.07
2/2/20,12.07
2/3/20,11.3
2/4/20,11.61
2/5/20,11.76
2/6/20,11.89
2/7/20,11.84
2/8/20,11.84
2/9/20,11.84
2/10/20,11.91
2/11/20,11.99
2/12/20,12.08
2/13/20,11.97
2/14/20,12.01
2/15/20,12.01
2/16/20,12.01
2/17/20,12.21
2/18/20,12.13
2/19/20,12.11
2/20/20,12.24
2/21/20,12.24
2/22/20,12.24
2/23/20,12.24
2/24/20,12.2
2/25/20,12.19
2/26/20,12.03
2/27/20,12.11
2/28/20,11.87
2/29/20,11.87
3/1/20,11.87
3/2/20,12.13
3/3/20,12.18
3/4/20,12.29
3/5/20,12.48
3/6/20,12.35
3/7/20,12.35
3/8/20,12.35
3/9/20,11.98
3/10/20,12.16
3/11/20,12.04
3/12/20,11.79
3/13/20,11.67
3/14/20,11.67
3/15/20,11.67
3/16/20,11.26
3/17/20,11.03
3/18/20,10.87
3/19/20,10.56
3/20/20,10.76
3/21/20,10.76
3/22/20,10.76
3/23/20,10.4
3/24/20,10.68
3/25/20,10.85
3/26/20,10.89
3/27/20,10.91
3/28/20,10.91
3/29/20,10.91
3/30/20,10.8
3/31/20,10.86
4/1/20,10.82
4/2/20,10.95
4/3/20,10.93
4/4/20,10.93
4/5/20,10.93
4/6/20,10.93
4/7/20,11.18
4/8/20,11.14
4/9/20,11.18
4/10/20,11.18
4/11/20,11.18
4/12/20,11.18
4/13/20,11.18
4/14/20,11.27
4/15/20,11.16
4/16/20,11.18
4/17/20,11.26
4/18/20,11.26
4/19/20,11.26
4/20/20,11.31
4/21/20,11.18
4/22/20,11.27
4/23/20,11.27
4/24/20,11.21
4/25/20,11.21
4/26/20,11.21
4/27/20,11.3
4/28/20,11.41
4/29/20,11.45
4/30/20,11.45
5/1/20,11.45
5/2/20,11.45
5/3/20,11.45
5/4/20,11.45
5/5/20,11.45
5/6/20,11.55
5/7/20,11.54
5/8/20,11.68
5/9/20,11.68
5/10/20,11.68
5/11/20,11.61
5/12/20,11.67
5/13/20,11.68
5/14/20,11.56
5/15/20,11.51
5/16/20,11.51
5/17/20,11.51
5/18/20,11.54
5/19/20,11.69
5/20/20,11.62
5/21/20,11.58
5/22/20,11.33
5/23/20,11.33
5/24/20,11.33
5/25/20,11.36
5/26/20,11.5
5/27/20,11.4
5/28/20,11.41
5/29/20,11.5
5/30/20,11.5
5/31/20,11.5
6/1/20,11.75
6/2/20,11.78
6/3/20,11.8
6/4/20,11.79
6/5/20,11.87
6/6/20,11.87
6/7/20,11.87
6/8/20,11.92
6/9/20,11.95
6/10/20,11.98
6/11/20,11.88
6/12/20,11.93
6/13/20,11.93
6/14/20,11.93
6/15/20,11.8
6/16/20,11.99
6/17/20,11.98
6/18/20,12.04
6/19/20,12.19
6/20/20,12.19
6/21/20,12.19
6/22/20,12.19
6/23/20,12.3
6/24/20,12.35
6/25/20,12.35
6/26/20,12.35
6/27/20,12.35
6/28/20,12.35
6/29/20,12.3
6/30/20,12.33
7/1/20,12.33
7/2/20,12.58
7/3/20,12.72
7/4/20,12.72
7/5/20,12.72
7/6/20,13.26
7/7/20,13.34
7/8/20,13.51
7/9/20,13.73
7/10/20,13.58
7/11/20,13.58
7/12/20,13.58
7/13/20,13.77
7/14/20,13.67
7/15/20,13.71
7/16/20,13.35
7/17/20,13.46
7/18/20,13.46
7/19/20,13.46
7/20/20,13.68
7/21/20,13.75
7/22/20,13.87
7/23/20,13.87
7/24/20,13.32
7/25/20,13.32
7/26/20,13.32
7/27/20,13.38
7/28/20,13.56
7/29/20,13.75
7/30/20,13.69
7/31/20,13.88
8/1/20,13.88
8/2/20,13.88
8/3/20,14.01
8/4/20,13.97
8/5/20,14.09
8/6/20,14.02
8/7/20,13.86
8/8/20,13.86
8/9/20,13.86
8/10/20,13.87
8/11/20,13.9
8/12/20,13.86
8/13/20,13.87
8/14/20,14.05
8/15/20,14.05
8/16/20,14.05
8/17/20,14.24
8/18/20,14.34
8/19/20,14.34
8/20/20,14.05
8/21/20,14.18
8/22/20,14.18
8/23/20,14.18
8/24/20,14.3
8/25/20,14.3
8/26/20,14.23
8/27/20,14.35
8/28/20,14.64
8/29/20,14.64
8/30/20,14.64
8/31/20,14.58
9/1/20,14.67
9/2/20,14.71
9/3/20,14.57
9/4/20,14.42
9/5/20,14.42
9/6/20,14.42
9/7/20,14.2
9/8/20,14.21
9/9/20,13.98
9/10/20,14.02
9/11/20,14.17
9/12/20,14.17
9/13/20,14.17
9/14/20,14.33
9/15/20,14.3
9/16/20,14.21
9/17/20,14.19
9/18/20,14.42
9/19/20,14.42
9/20/20,14.42
9/21/20,14.26
9/22/20,14.16
9/23/20,14.18
9/24/20,13.89
9/25/20,13.88
9/26/20,13.88
9/27/20,13.88
9/28/20,13.95
9/29/20,14.01
9/30/20,14.04
10/1/20,14.04
10/2/20,14.04
10/3/20,14.04
10/4/20,14.04
10/5/20,14.04
10/6/20,14.04
10/7/20,14.04
10/8/20,14.04
10/9/20,14.53
10/10/20,14.53
10/11/20,14.53
10/12/20,14.73
10/13/20,14.73
10/14/20,14.8
10/15/20,14.81
10/16/20,14.84
10/17/20,14.84
10/18/20,14.84
10/19/20,14.83
10/20/20,14.92
10/21/20,14.98
10/22/20,14.85
10/23/20,14.73
10/24/20,14.73
10/25/20,14.73
10/26/20,14.73
10/27/20,14.64
10/28/20,14.72
10/29/20,14.8
10/30/20,14.63
10/31/20,14.63
11/1/20,14.63
11/2/20,14.73
11/3/20,14.9
11/4/20,15.0
