Date,Franklin Biotechnology Discv A(acc)HKD
2/26/13,10.0
2/27/13,10.12
2/28/13,10.16
3/1/13,10.28
3/2/13,10.28
3/3/13,10.28
3/4/13,10.36
3/5/13,10.46
3/6/13,10.54
3/7/13,10.53
3/8/13,10.65
3/9/13,10.65
3/10/13,10.65
3/11/13,10.69
3/12/13,10.73
3/13/13,10.71
3/14/13,10.78
3/15/13,10.72
3/16/13,10.72
3/17/13,10.72
3/18/13,10.61
3/19/13,10.57
3/20/13,10.66
3/21/13,10.6
3/22/13,10.65
3/23/13,10.65
3/24/13,10.65
3/25/13,10.58
3/26/13,10.61
3/27/13,10.75
3/28/13,10.89
3/29/13,10.89
3/30/13,10.89
3/31/13,10.89
4/1/13,10.84
4/2/13,10.96
4/3/13,10.78
4/4/13,10.83
4/5/13,10.81
4/6/13,10.81
4/7/13,10.81
4/8/13,10.84
4/9/13,10.89
4/10/13,11.13
4/11/13,11.26
4/12/13,11.34
4/13/13,11.34
4/14/13,11.34
4/15/13,11.05
4/16/13,11.2
4/17/13,11.2
4/18/13,11.1
4/19/13,11.54
4/20/13,11.54
4/21/13,11.54
4/22/13,11.66
4/23/13,11.75
4/24/13,11.44
4/25/13,11.58
4/26/13,11.6
4/27/13,11.6
4/28/13,11.6
4/29/13,11.63
4/30/13,11.56
5/1/13,11.32
5/2/13,11.52
5/3/13,11.62
5/4/13,11.62
5/5/13,11.62
5/6/13,11.61
5/7/13,11.49
5/8/13,11.44
5/9/13,11.48
5/10/13,11.72
5/11/13,11.72
5/12/13,11.72
5/13/13,11.96
5/14/13,12.19
5/15/13,12.03
5/16/13,11.81
5/17/13,11.9
5/18/13,11.9
5/19/13,11.9
5/20/13,11.76
5/21/13,11.87
5/22/13,11.81
5/23/13,11.89
5/24/13,11.9
5/25/13,11.9
5/26/13,11.9
5/27/13,11.9
5/28/13,12.05
5/29/13,11.93
5/30/13,12.08
5/31/13,11.88
6/1/13,11.88
6/2/13,11.88
6/3/13,11.86
6/4/13,11.67
6/5/13,11.4
6/6/13,11.64
6/7/13,11.93
6/8/13,11.93
6/9/13,11.93
6/10/13,11.89
6/11/13,11.92
6/12/13,11.71
6/13/13,11.85
6/14/13,11.78
6/15/13,11.78
6/16/13,11.78
6/17/13,11.69
6/18/13,11.82
6/19/13,11.63
6/20/13,11.34
6/21/13,11.39
6/22/13,11.39
6/23/13,11.39
6/24/13,11.33
6/25/13,11.37
6/26/13,11.69
6/27/13,11.75
6/28/13,11.76
6/29/13,11.76
6/30/13,11.76
7/1/13,12.16
7/2/13,12.23
7/3/13,12.25
7/4/13,12.25
7/5/13,12.49
7/6/13,12.49
7/7/13,12.49
7/8/13,12.44
7/9/13,12.5
7/10/13,12.68
7/11/13,12.93
7/12/13,13.26
7/13/13,13.26
7/14/13,13.26
7/15/13,13.28
7/16/13,13.14
7/17/13,13.22
7/18/13,13.21
7/19/13,13.39
7/20/13,13.39
7/21/13,13.39
7/22/13,13.42
7/23/13,13.2
7/24/13,13.19
7/25/13,13.39
7/26/13,13.4
7/27/13,13.4
7/28/13,13.4
7/29/13,13.3
7/30/13,13.45
7/31/13,13.49
8/1/13,13.65
8/2/13,13.69
8/3/13,13.69
8/4/13,13.69
8/5/13,13.68
8/6/13,13.38
8/7/13,13.37
8/8/13,13.3
8/9/13,13.31
8/10/13,13.31
8/11/13,13.31
8/12/13,13.24
8/13/13,13.22
8/14/13,13.19
8/15/13,12.92
8/16/13,12.86
8/17/13,12.86
8/18/13,12.86
8/19/13,12.8
8/20/13,12.95
8/21/13,13.08
8/22/13,13.24
8/23/13,13.24
8/24/13,13.24
8/25/13,13.24
8/26/13,13.53
8/27/13,13.1
8/28/13,13.25
8/29/13,13.41
8/30/13,13.27
8/31/13,13.27
9/1/13,13.27
9/2/13,13.26
9/3/13,13.53
9/4/13,13.83
9/5/13,13.91
9/6/13,13.92
9/7/13,13.92
9/8/13,13.92
9/9/13,14.18
9/10/13,14.17
9/11/13,14.09
9/12/13,14.1
9/13/13,14.14
9/14/13,14.14
9/15/13,14.14
9/16/13,14.17
9/17/13,14.29
9/18/13,14.46
9/19/13,14.55
9/20/13,14.43
9/21/13,14.43
9/22/13,14.43
9/23/13,14.34
9/24/13,14.36
9/25/13,14.26
9/26/13,14.53
9/27/13,14.58
9/28/13,14.58
9/29/13,14.58
9/30/13,14.52
10/1/13,14.79
10/2/13,14.73
10/3/13,14.5
10/4/13,14.69
10/5/13,14.69
10/6/13,14.69
10/7/13,14.37
10/8/13,13.7
10/9/13,13.06
10/10/13,13.55
10/11/13,13.49
10/12/13,13.49
10/13/13,13.49
10/14/13,13.59
10/15/13,13.49
10/16/13,13.91
10/17/13,14.03
10/18/13,13.86
10/19/13,13.86
10/20/13,13.86
10/21/13,13.66
10/22/13,13.9
10/23/13,13.98
10/24/13,14.17
10/25/13,14.13
10/26/13,14.13
10/27/13,14.13
10/28/13,14.14
10/29/13,14.16
10/30/13,13.85
10/31/13,13.65
11/1/13,13.79
11/2/13,13.79
11/3/13,13.79
11/4/13,13.72
11/5/13,13.73
11/6/13,13.28
11/7/13,13.03
11/8/13,13.41
11/9/13,13.41
11/10/13,13.41
11/11/13,13.48
11/12/13,13.43
11/13/13,13.58
11/14/13,13.61
11/15/13,13.76
11/16/13,13.76
11/17/13,13.76
11/18/13,13.56
11/19/13,13.6
11/20/13,13.68
11/21/13,13.92
11/22/13,14.34
11/23/13,14.34
11/24/13,14.34
11/25/13,14.41
11/26/13,14.45
11/27/13,14.5
11/28/13,14.49
11/29/13,14.56
11/30/13,14.56
12/1/13,14.56
12/2/13,14.62
12/3/13,14.41
12/4/13,14.38
12/5/13,14.43
12/6/13,14.56
12/7/13,14.56
12/8/13,14.56
12/9/13,14.56
12/10/13,14.5
12/11/13,14.1
12/12/13,14.22
12/13/13,14.24
12/14/13,14.24
12/15/13,14.24
12/16/13,14.31
12/17/13,14.19
12/18/13,14.54
12/19/13,14.55
12/20/13,14.87
12/21/13,14.87
12/22/13,14.87
12/23/13,15.03
12/24/13,15.03
12/25/13,15.03
12/26/13,15.12
12/27/13,15.0
12/28/13,15.0
12/29/13,15.0
12/30/13,15.02
12/31/13,15.06
1/1/14,15.06
1/2/14,15.13
1/3/14,15.07
1/4/14,15.07
1/5/14,15.07
1/6/14,14.9
1/7/14,15.14
1/8/14,15.41
1/9/14,15.69
1/10/14,16.02
1/11/14,16.02
1/12/14,16.02
1/13/14,15.9
1/14/14,16.44
1/15/14,16.48
1/16/14,16.76
1/17/14,16.88
1/18/14,16.88
1/19/14,16.88
1/20/14,16.88
1/21/14,17.22
1/22/14,17.31
1/23/14,17.28
1/24/14,16.81
1/25/14,16.81
1/26/14,16.81
1/27/14,16.35
1/28/14,16.75
1/29/14,16.7
1/30/14,17.09
1/31/14,16.85
2/1/14,16.85
2/2/14,16.85
2/3/14,16.33
2/4/14,16.52
2/5/14,16.15
2/6/14,16.15
2/7/14,16.79
2/8/14,16.79
2/9/14,16.79
2/10/14,17.08
2/11/14,17.31
2/12/14,17.4
2/13/14,17.59
2/14/14,17.43
2/15/14,17.43
2/16/14,17.43
2/17/14,17.43
2/18/14,17.8
2/19/14,17.62
2/20/14,17.9
2/21/14,18.21
2/22/14,18.21
2/23/14,18.21
2/24/14,18.4
2/25/14,18.64
2/26/14,18.52
2/27/14,18.59
2/28/14,17.98
3/1/14,17.98
3/2/14,17.98
3/3/14,17.86
3/4/14,18.28
3/5/14,18.34
3/6/14,17.92
3/7/14,17.76
3/8/14,17.76
3/9/14,17.76
3/10/14,17.91
3/11/14,17.86
3/12/14,17.98
3/13/14,17.63
3/14/14,17.52
3/15/14,17.52
3/16/14,17.52
3/17/14,17.58
3/18/14,18.01
3/19/14,17.87
3/20/14,17.72
3/21/14,16.98
3/22/14,16.98
3/23/14,16.98
3/24/14,16.45
3/25/14,16.42
3/26/14,16.12
3/27/14,16.21
3/28/14,15.7
3/29/14,15.7
3/30/14,15.7
3/31/14,16.18
4/1/14,16.55
4/2/14,16.5
4/3/14,16.01
4/4/14,15.35
4/5/14,15.35
4/6/14,15.35
4/7/14,15.32
4/8/14,15.2
4/9/14,15.82
4/10/14,14.88
4/11/14,14.39
4/12/14,14.39
4/13/14,14.39
4/14/14,14.33
4/15/14,14.34
4/16/14,14.65
4/17/14,14.64
4/18/14,14.64
4/19/14,14.64
4/20/14,14.64
4/21/14,14.96
4/22/14,15.53
4/23/14,15.24
4/24/14,15.09
4/25/14,14.63
4/26/14,14.63
4/27/14,14.63
4/28/14,14.57
4/29/14,14.96
4/30/14,15.01
5/1/14,15.13
5/2/14,14.92
5/3/14,14.92
5/4/14,14.92
5/5/14,15.17
5/6/14,14.87
5/7/14,14.71
5/8/14,14.36
5/9/14,14.64
5/10/14,14.64
5/11/14,14.64
5/12/14,15.0
5/13/14,14.87
5/14/14,14.97
5/15/14,14.73
5/16/14,14.71
5/17/14,14.71
5/18/14,14.71
5/19/14,14.9
5/20/14,14.66
5/21/14,14.68
5/22/14,14.98
5/23/14,15.02
5/24/14,15.02
5/25/14,15.02
5/26/14,15.01
5/27/14,15.42
5/28/14,15.36
5/29/14,15.48
5/30/14,15.42
5/31/14,15.42
6/1/14,15.42
6/2/14,15.33
6/3/14,15.34
6/4/14,15.5
6/5/14,15.64
6/6/14,15.69
6/7/14,15.69
6/8/14,15.69
6/9/14,15.86
6/10/14,16.01
6/11/14,15.98
6/12/14,15.92
6/13/14,16.03
6/14/14,16.03
6/15/14,16.03
6/16/14,16.09
6/17/14,16.1
6/18/14,16.29
6/19/14,16.28
6/20/14,16.57
6/21/14,16.57
6/22/14,16.57
6/23/14,16.43
6/24/14,16.46
6/25/14,16.53
6/26/14,16.58
6/27/14,16.61
6/28/14,16.61
6/29/14,16.61
6/30/14,16.66
7/1/14,17.05
7/2/14,17.16
7/3/14,17.17
7/4/14,17.17
7/5/14,17.17
7/6/14,17.17
7/7/14,16.72
7/8/14,16.22
7/9/14,16.39
7/10/14,16.31
7/11/14,16.4
7/12/14,16.4
7/13/14,16.4
7/14/14,16.42
7/15/14,15.97
7/16/14,15.75
7/17/14,15.31
7/18/14,15.77
7/19/14,15.77
7/20/14,15.77
7/21/14,15.81
7/22/14,15.99
7/23/14,16.9
7/24/14,16.64
7/25/14,16.54
7/26/14,16.54
7/27/14,16.54
7/28/14,16.42
7/29/14,16.73
7/30/14,16.95
7/31/14,16.51
8/1/14,16.48
8/2/14,16.48
8/3/14,16.48
8/4/14,16.63
8/5/14,16.63
8/6/14,16.62
8/7/14,16.44
8/8/14,16.79
8/9/14,16.79
8/10/14,16.79
8/11/14,16.97
8/12/14,16.91
8/13/14,17.31
8/14/14,17.53
8/15/14,17.67
8/16/14,17.67
8/17/14,17.67
8/18/14,17.87
8/19/14,17.87
8/20/14,17.78
8/21/14,17.58
8/22/14,17.73
8/23/14,17.73
8/24/14,17.73
8/25/14,18.29
8/26/14,18.62
8/27/14,18.56
8/28/14,18.49
8/29/14,18.64
8/30/14,18.64
8/31/14,18.64
9/1/14,18.64
9/2/14,18.66
9/3/14,18.61
9/4/14,18.39
9/5/14,18.3
9/6/14,18.3
9/7/14,18.3
9/8/14,18.5
9/9/14,18.28
9/10/14,18.64
9/11/14,18.6
9/12/14,18.39
9/13/14,18.39
9/14/14,18.39
9/15/14,18.04
9/16/14,18.31
9/17/14,18.46
9/18/14,18.57
9/19/14,18.48
9/20/14,18.48
9/21/14,18.48
9/22/14,18.23
9/23/14,18.18
9/24/14,18.69
9/25/14,18.3
9/26/14,18.53
9/27/14,18.53
9/28/14,18.53
9/29/14,18.53
9/30/14,18.25
10/1/14,18.04
10/2/14,18.06
10/3/14,18.48
10/4/14,18.48
10/5/14,18.48
10/6/14,18.13
10/7/14,17.75
10/8/14,18.22
10/9/14,17.76
10/10/14,17.36
10/11/14,17.36
10/12/14,17.36
10/13/14,17.09
10/14/14,16.98
10/15/14,17.01
10/16/14,17.33
10/17/14,17.49
10/18/14,17.49
10/19/14,17.49
10/20/14,17.81
10/21/14,18.3
10/22/14,18.14
10/23/14,18.65
10/24/14,19.03
10/25/14,19.03
10/26/14,19.03
10/27/14,19.11
10/28/14,19.46
10/29/14,19.31
10/30/14,19.73
10/31/14,19.73
11/1/14,19.73
11/2/14,19.73
11/3/14,19.68
11/4/14,19.45
11/5/14,19.1
11/6/14,19.45
11/7/14,19.11
11/8/14,19.11
11/9/14,19.11
11/10/14,19.51
11/11/14,19.49
11/12/14,19.53
11/13/14,19.37
11/14/14,18.95
11/15/14,18.95
11/16/14,18.95
11/17/14,19.03
11/18/14,19.38
11/19/14,19.3
11/20/14,19.39
11/21/14,19.48
11/22/14,19.48
11/23/14,19.48
11/24/14,19.84
11/25/14,19.73
11/26/14,19.98
11/27/14,19.98
11/28/14,19.95
11/29/14,19.95
11/30/14,19.95
12/1/14,19.63
12/2/14,20.06
12/3/14,20.09
12/4/14,19.94
12/5/14,20.16
12/6/14,20.16
12/7/14,20.16
12/8/14,20.35
12/9/14,20.56
12/10/14,20.18
12/11/14,20.24
12/12/14,20.12
12/13/14,20.12
12/14/14,20.12
12/15/14,19.55
12/16/14,19.32
12/17/14,20.08
12/18/14,20.79
12/19/14,21.11
12/20/14,21.11
12/21/14,21.11
12/22/14,20.67
12/23/14,19.63
12/24/14,19.98
12/25/14,19.98
12/26/14,20.44
12/27/14,20.44
12/28/14,20.44
12/29/14,20.52
12/30/14,20.29
12/31/14,20.29
1/1/15,20.29
1/2/15,20.5
1/3/15,20.5
1/4/15,20.5
1/5/15,20.51
1/6/15,20.16
1/7/15,20.79
1/8/15,21.0
1/9/15,20.96
1/10/15,20.96
1/11/15,20.96
1/12/15,21.12
1/13/15,21.02
1/14/15,21.07
1/15/15,20.5
1/16/15,21.13
1/17/15,21.13
1/18/15,21.13
1/19/15,21.13
1/20/15,21.36
1/21/15,21.03
1/22/15,21.15
1/23/15,21.34
1/24/15,21.34
1/25/15,21.34
1/26/15,21.7
1/27/15,21.7
1/28/15,21.21
1/29/15,21.44
1/30/15,21.39
1/31/15,21.39
2/1/15,21.39
2/2/15,21.21
2/3/15,21.1
2/4/15,20.65
2/5/15,21.17
2/6/15,20.9
2/7/15,20.9
2/8/15,20.9
2/9/15,20.75
2/10/15,21.05
2/11/15,21.04
2/12/15,21.3
2/13/15,21.51
2/14/15,21.51
2/15/15,21.51
2/16/15,21.51
2/17/15,21.7
2/18/15,21.91
2/19/15,22.07
2/20/15,22.34
2/21/15,22.34
2/22/15,22.34
2/23/15,22.57
2/24/15,22.36
2/25/15,22.56
2/26/15,22.73
2/27/15,22.54
2/28/15,22.54
3/1/15,22.54
3/2/15,22.75
3/3/15,22.7
3/4/15,22.95
3/5/15,23.5
3/6/15,23.12
3/7/15,23.12
3/8/15,23.12
3/9/15,23.12
3/10/15,23.16
3/11/15,23.32
3/12/15,23.37
3/13/15,23.46
3/14/15,23.46
3/15/15,23.46
3/16/15,23.94
3/17/15,24.09
3/18/15,24.13
3/19/15,24.69
3/20/15,24.69
3/21/15,24.69
3/22/15,24.69
3/23/15,24.05
3/24/15,23.89
3/25/15,22.85
3/26/15,22.77
3/27/15,23.13
3/28/15,23.13
3/29/15,23.13
3/30/15,23.6
3/31/15,23.15
4/1/15,22.93
4/2/15,22.84
4/3/15,22.84
4/4/15,22.84
4/5/15,22.84
4/6/15,22.74
4/7/15,22.87
4/8/15,23.34
4/9/15,23.38
4/10/15,23.66
4/11/15,23.66
4/12/15,23.66
4/13/15,23.8
4/14/15,23.79
4/15/15,24.04
4/16/15,24.13
4/17/15,23.71
4/18/15,23.71
4/19/15,23.71
4/20/15,23.91
4/21/15,24.19
4/22/15,24.11
4/23/15,24.39
4/24/15,24.06
4/25/15,24.06
4/26/15,24.06
4/27/15,23.06
4/28/15,22.72
4/29/15,22.65
4/30/15,21.91
5/1/15,22.46
5/2/15,22.46
5/3/15,22.46
5/4/15,22.62
5/5/15,22.06
5/6/15,22.2
5/7/15,22.43
5/8/15,22.84
5/9/15,22.84
5/10/15,22.84
5/11/15,22.89
5/12/15,22.93
5/13/15,22.9
5/14/15,22.98
5/15/15,23.08
5/16/15,23.08
5/17/15,23.08
5/18/15,23.38
5/19/15,23.28
5/20/15,23.48
5/21/15,23.5
5/22/15,23.54
5/23/15,23.54
5/24/15,23.54
5/25/15,23.54
5/26/15,23.42
5/27/15,23.88
5/28/15,23.83
5/29/15,24.04
5/30/15,24.04
5/31/15,24.04
6/1/15,23.95
6/2/15,23.74
6/3/15,23.95
6/4/15,23.7
6/5/15,24.01
6/6/15,24.01
6/7/15,24.01
6/8/15,23.82
6/9/15,23.64
6/10/15,23.94
6/11/15,24.09
6/12/15,23.92
6/13/15,23.92
6/14/15,23.92
6/15/15,23.93
6/16/15,23.95
6/17/15,24.03
6/18/15,24.65
6/19/15,24.62
6/20/15,24.62
6/21/15,24.62
6/22/15,25.05
6/23/15,25.01
6/24/15,24.59
6/25/15,24.45
6/26/15,24.23
6/27/15,24.23
6/28/15,24.23
6/29/15,23.47
6/30/15,24.12
7/1/15,24.13
7/2/15,24.08
7/3/15,24.09
7/4/15,24.09
7/5/15,24.09
7/6/15,24.26
7/7/15,24.32
7/8/15,23.64
7/9/15,23.85
7/10/15,24.24
7/11/15,24.24
7/12/15,24.24
7/13/15,24.63
7/14/15,25.22
7/15/15,25.41
7/16/15,25.77
7/17/15,25.9
7/18/15,25.9
7/19/15,25.9
7/20/15,25.81
7/21/15,25.51
7/22/15,25.54
7/23/15,25.46
7/24/15,24.41
7/25/15,24.41
7/26/15,24.41
7/27/15,24.22
7/28/15,24.79
7/29/15,24.34
7/30/15,24.33
7/31/15,24.6
8/1/15,24.6
8/2/15,24.6
8/3/15,24.58
8/4/15,24.64
8/5/15,24.84
8/6/15,23.85
8/7/15,23.53
8/8/15,23.53
8/9/15,23.53
8/10/15,23.64
8/11/15,23.27
8/12/15,23.38
8/13/15,23.21
8/14/15,23.05
8/15/15,23.05
8/16/15,23.05
8/17/15,23.61
8/18/15,23.33
8/19/15,23.16
8/20/15,22.3
8/21/15,21.84
8/22/15,21.84
8/23/15,21.84
8/24/15,20.8
8/25/15,20.9
8/26/15,21.84
8/27/15,22.42
8/28/15,22.67
8/29/15,22.67
8/30/15,22.67
8/31/15,22.17
9/1/15,21.64
9/2/15,22.45
9/3/15,21.88
9/4/15,21.92
9/5/15,21.92
9/6/15,21.92
9/7/15,21.92
9/8/15,22.84
9/9/15,22.44
9/10/15,22.89
9/11/15,23.24
9/12/15,23.24
9/13/15,23.24
9/14/15,23.1
9/15/15,23.34
9/16/15,23.26
9/17/15,23.71
9/18/15,23.53
9/19/15,23.53
9/20/15,23.53
9/21/15,22.44
9/22/15,21.98
9/23/15,22.01
9/24/15,21.57
9/25/15,20.26
9/26/15,20.26
9/27/15,20.26
9/28/15,18.85
9/29/15,18.6
9/30/15,19.4
10/1/15,19.55
10/2/15,20.24
10/3/15,20.24
10/4/15,20.24
10/5/15,20.18
10/6/15,19.36
10/7/15,19.82
10/8/15,19.69
10/9/15,19.83
10/10/15,19.83
10/11/15,19.83
10/12/15,19.77
10/13/15,19.08
10/14/15,19.23
10/15/15,20.16
10/16/15,20.04
10/17/15,20.04
10/18/15,20.04
10/19/15,20.15
10/20/15,19.52
10/21/15,19.44
10/22/15,19.49
10/23/15,19.93
10/24/15,19.93
10/25/15,19.93
10/26/15,20.04
10/27/15,20.51
10/28/15,20.93
10/29/15,20.72
10/30/15,20.57
10/31/15,20.57
11/1/15,20.57
11/2/15,21.4
11/3/15,21.55
11/4/15,21.52
11/5/15,21.11
11/6/15,20.92
11/7/15,20.92
11/8/15,20.92
11/9/15,21.06
11/10/15,21.14
11/11/15,20.8
11/12/15,20.32
11/13/15,20.42
11/14/15,20.42
11/15/15,20.42
11/16/15,20.49
11/17/15,20.7
11/18/15,21.31
11/19/15,20.89
11/20/15,20.88
11/21/15,20.88
11/22/15,20.88
11/23/15,21.21
11/24/15,21.26
11/25/15,21.59
11/26/15,21.59
11/27/15,21.72
11/28/15,21.72
11/29/15,21.72
11/30/15,21.42
12/1/15,21.46
12/2/15,21.28
12/3/15,20.47
12/4/15,20.97
12/5/15,20.97
12/6/15,20.97
12/7/15,20.36
12/8/15,20.78
12/9/15,20.4
12/10/15,20.67
12/11/15,20.05
12/12/15,20.05
12/13/15,20.05
12/14/15,20.04
12/15/15,20.53
12/16/15,21.21
12/17/15,20.94
12/18/15,20.81
12/19/15,20.81
12/20/15,20.81
12/21/15,20.99
12/22/15,21.0
12/23/15,21.35
12/24/15,21.43
12/25/15,21.43
12/26/15,21.43
12/27/15,21.43
12/28/15,21.25
12/29/15,21.59
12/30/15,21.43
12/31/15,21.29
1/1/16,21.29
1/2/16,21.29
1/3/16,21.29
1/4/16,20.59
1/5/16,20.63
1/6/16,20.11
1/7/16,19.21
1/8/16,18.87
1/9/16,18.87
1/10/16,18.87
1/11/16,18.09
1/12/16,18.36
1/13/16,17.31
1/14/16,18.01
1/15/16,17.63
1/16/16,17.63
1/17/16,17.63
1/18/16,17.65
1/19/16,17.2
1/20/16,17.75
1/21/16,17.51
1/22/16,18.01
1/23/16,18.01
1/24/16,18.01
1/25/16,17.68
1/26/16,17.57
1/27/16,16.99
1/28/16,16.35
1/29/16,16.51
1/30/16,16.51
1/31/16,16.51
2/1/16,16.59
2/2/16,16.04
2/3/16,16.2
2/4/16,16.33
2/5/16,15.72
2/6/16,15.72
2/7/16,15.72
2/8/16,15.08
2/9/16,15.16
2/10/16,15.27
2/11/16,15.08
2/12/16,15.46
2/13/16,15.46
2/14/16,15.46
2/15/16,15.45
2/16/16,15.94
2/17/16,16.36
2/18/16,15.89
2/19/16,16.0
2/20/16,16.0
2/21/16,16.0
2/22/16,16.19
2/23/16,15.65
2/24/16,15.76
2/25/16,15.7
2/26/16,15.85
2/27/16,15.85
2/28/16,15.85
2/29/16,15.47
3/1/16,16.04
3/2/16,16.3
3/3/16,16.17
3/4/16,16.14
3/5/16,16.14
3/6/16,16.14
3/7/16,16.49
3/8/16,15.88
3/9/16,15.7
3/10/16,15.51
3/11/16,15.92
3/12/16,15.92
3/13/16,15.92
3/14/16,16.02
3/15/16,15.37
3/16/16,15.21
3/17/16,15.05
3/18/16,15.37
3/19/16,15.37
3/20/16,15.37
3/21/16,15.71
3/22/16,16.07
3/23/16,15.45
3/24/16,15.53
3/25/16,15.53
3/26/16,15.53
3/27/16,15.53
3/28/16,15.38
3/29/16,15.71
3/30/16,15.63
3/31/16,16.12
4/1/16,16.53
4/2/16,16.53
4/3/16,16.53
4/4/16,16.75
4/5/16,16.72
4/6/16,17.7
4/7/16,17.42
4/8/16,17.24
4/9/16,17.24
4/10/16,17.24
4/11/16,16.9
4/12/16,17.07
4/13/16,17.42
4/14/16,17.47
4/15/16,17.46
4/16/16,17.46
4/17/16,17.46
4/18/16,17.68
4/19/16,17.37
4/20/16,17.36
4/21/16,17.78
4/22/16,17.88
4/23/16,17.88
4/24/16,17.88
4/25/16,17.77
4/26/16,17.48
4/27/16,17.26
4/28/16,17.2
4/29/16,16.73
4/30/16,16.73
5/1/16,16.73
5/2/16,16.95
5/3/16,16.64
5/4/16,16.11
5/5/16,16.06
5/6/16,15.9
5/7/16,15.9
5/8/16,15.9
5/9/16,16.35
5/10/16,16.46
5/11/16,15.97
5/12/16,15.68
5/13/16,15.84
5/14/16,15.84
5/15/16,15.84
5/16/16,16.44
5/17/16,16.28
5/18/16,16.47
5/19/16,16.29
5/20/16,16.66
5/21/16,16.66
5/22/16,16.66
5/23/16,16.81
5/24/16,17.18
5/25/16,17.38
5/26/16,17.23
5/27/16,17.42
5/28/16,17.42
5/29/16,17.42
5/30/16,17.42
5/31/16,17.75
6/1/16,17.79
6/2/16,18.12
6/3/16,17.85
6/4/16,17.85
6/5/16,17.85
6/6/16,18.11
6/7/16,17.7
6/8/16,17.67
6/9/16,17.37
6/10/16,17.01
6/11/16,17.01
6/12/16,17.01
6/13/16,16.71
6/14/16,16.59
6/15/16,16.59
6/16/16,16.58
6/17/16,16.23
6/18/16,16.23
6/19/16,16.23
6/20/16,16.4
6/21/16,16.1
6/22/16,16.16
6/23/16,16.55
6/24/16,15.84
6/25/16,15.84
6/26/16,15.84
6/27/16,15.38
6/28/16,15.92
6/29/16,16.31
6/30/16,16.38
7/1/16,16.68
7/2/16,16.68
7/3/16,16.68
7/4/16,16.68
7/5/16,16.52
7/6/16,16.87
7/7/16,16.95
7/8/16,17.18
7/9/16,17.18
7/10/16,17.18
7/11/16,17.15
7/12/16,17.29
7/13/16,16.89
7/14/16,16.89
7/15/16,17.14
7/16/16,17.14
7/17/16,17.14
7/18/16,17.18
7/19/16,16.88
7/20/16,17.3
7/21/16,17.55
7/22/16,17.61
7/23/16,17.61
7/24/16,17.61
7/25/16,17.62
7/26/16,17.49
7/27/16,17.94
7/28/16,17.93
7/29/16,18.01
7/30/16,18.01
7/31/16,18.01
8/1/16,18.24
8/2/16,18.27
8/3/16,18.5
8/4/16,18.3
8/5/16,18.45
8/6/16,18.45
8/7/16,18.45
8/8/16,18.25
8/9/16,18.25
8/10/16,17.85
8/11/16,18.04
8/12/16,18.14
8/13/16,18.14
8/14/16,18.14
8/15/16,18.34
8/16/16,18.11
8/17/16,18.12
8/18/16,18.15
8/19/16,18.08
8/20/16,18.08
8/21/16,18.08
8/22/16,18.58
8/23/16,18.6
8/24/16,18.05
8/25/16,17.82
8/26/16,17.98
8/27/16,17.98
8/28/16,17.98
8/29/16,17.9
8/30/16,17.9
8/31/16,17.72
9/1/16,17.9
9/2/16,17.81
9/3/16,17.81
9/4/16,17.81
9/5/16,17.81
9/6/16,18.05
9/7/16,18.2
9/8/16,18.41
9/9/16,17.85
9/10/16,17.85
9/11/16,17.85
9/12/16,18.36
9/13/16,18.1
9/14/16,18.35
9/15/16,18.62
9/16/16,18.61
9/17/16,18.61
9/18/16,18.61
9/19/16,18.64
9/20/16,19.05
9/21/16,19.15
9/22/16,19.29
9/23/16,19.17
9/24/16,19.17
9/25/16,19.17
9/26/16,18.98
9/27/16,19.17
9/28/16,19.04
9/29/16,18.48
9/30/16,18.68
10/1/16,18.68
10/2/16,18.68
10/3/16,18.66
10/4/16,18.55
10/5/16,18.77
10/6/16,18.29
10/7/16,18.26
10/8/16,18.26
10/9/16,18.26
10/10/16,18.63
10/11/16,18.02
10/12/16,17.59
10/13/16,17.6
10/14/16,17.24
10/15/16,17.24
10/16/16,17.24
10/17/16,17.2
10/18/16,17.39
10/19/16,17.21
10/20/16,17.45
10/21/16,17.32
10/22/16,17.32
10/23/16,17.32
10/24/16,17.21
10/25/16,17.13
10/26/16,17.11
10/27/16,17.04
10/28/16,16.85
10/29/16,16.85
10/30/16,16.85
10/31/16,16.66
11/1/16,16.78
11/2/16,16.49
11/3/16,16.01
11/4/16,16.38
11/5/16,16.38
11/6/16,16.38
11/7/16,16.98
11/8/16,17.13
11/9/16,18.67
11/10/16,19.02
11/11/16,19.12
11/12/16,19.12
11/13/16,19.12
11/14/16,19.42
11/15/16,19.2
11/16/16,18.89
11/17/16,19.06
11/18/16,18.84
11/19/16,18.84
11/20/16,18.84
11/21/16,18.96
11/22/16,18.61
11/23/16,18.84
11/24/16,18.84
11/25/16,18.88
11/26/16,18.88
11/27/16,18.88
11/28/16,18.49
11/29/16,18.48
11/30/16,18.08
12/1/16,17.78
12/2/16,17.9
12/3/16,17.9
12/4/16,17.9
12/5/16,18.1
12/6/16,18.32
12/7/16,17.83
12/8/16,17.86
12/9/16,17.89
12/10/16,17.89
12/11/16,17.89
12/12/16,17.66
12/13/16,17.61
12/14/16,17.65
12/15/16,17.81
12/16/16,17.92
12/17/16,17.92
12/18/16,17.92
12/19/16,17.68
12/20/16,17.94
12/21/16,17.69
12/22/16,17.62
12/23/16,18.09
12/24/16,18.09
12/25/16,18.09
12/26/16,18.09
12/27/16,17.97
12/28/16,17.72
12/29/16,17.63
12/30/16,17.49
12/31/16,17.49
1/1/17,17.49
1/2/17,17.49
1/3/17,17.74
1/4/17,18.24
1/5/17,18.34
1/6/17,18.55
1/7/17,18.55
1/8/17,18.55
1/9/17,18.89
1/10/17,18.92
1/11/17,18.39
1/12/17,18.52
1/13/17,18.67
1/14/17,18.67
1/15/17,18.67
1/16/17,18.67
1/17/17,18.24
1/18/17,18.38
1/19/17,18.24
1/20/17,18.12
1/21/17,18.12
1/22/17,18.12
1/23/17,17.93
1/24/17,17.9
1/25/17,18.04
1/26/17,18.07
1/27/17,18.2
1/28/17,18.2
1/29/17,18.2
1/30/17,17.96
1/31/17,18.47
2/1/17,18.62
2/2/17,18.51
2/3/17,18.74
2/4/17,18.74
2/5/17,18.74
2/6/17,18.7
2/7/17,18.64
2/8/17,18.83
2/9/17,19.07
2/10/17,18.98
2/11/17,18.98
2/12/17,18.98
2/13/17,19.08
2/14/17,19.29
2/15/17,19.56
2/16/17,19.38
2/17/17,19.55
2/18/17,19.55
2/19/17,19.55
2/20/17,19.55
2/21/17,19.46
2/22/17,19.3
2/23/17,19.19
2/24/17,19.32
2/25/17,19.32
2/26/17,19.32
2/27/17,19.96
2/28/17,19.9
3/1/17,20.1
3/2/17,19.98
3/3/17,20.18
3/4/17,20.18
3/5/17,20.18
3/6/17,20.04
3/7/17,19.75
3/8/17,19.96
3/9/17,20.07
3/10/17,20.26
3/11/17,20.26
3/12/17,20.26
3/13/17,20.31
3/14/17,20.04
3/15/17,20.36
3/16/17,20.09
3/17/17,19.94
3/18/17,19.94
3/19/17,19.94
3/20/17,19.98
3/21/17,19.3
3/22/17,19.4
3/23/17,19.36
3/24/17,19.5
3/25/17,19.5
3/26/17,19.5
3/27/17,19.68
3/28/17,19.54
3/29/17,19.72
3/30/17,19.61
3/31/17,19.67
4/1/17,19.67
4/2/17,19.67
4/3/17,19.51
4/4/17,19.5
4/5/17,19.2
4/6/17,19.19
4/7/17,19.28
4/8/17,19.28
4/9/17,19.28
4/10/17,19.18
4/11/17,19.11
4/12/17,19.19
4/13/17,19.43
4/14/17,19.43
4/15/17,19.43
4/16/17,19.43
4/17/17,19.4
4/18/17,19.2
4/19/17,19.31
4/20/17,19.31
4/21/17,19.13
4/22/17,19.13
4/23/17,19.13
4/24/17,19.4
4/25/17,19.67
4/26/17,19.73
4/27/17,19.78
4/28/17,19.79
4/29/17,19.79
4/30/17,19.79
5/1/17,19.92
5/2/17,19.71
5/3/17,19.55
5/4/17,19.6
5/5/17,19.42
5/6/17,19.42
5/7/17,19.42
5/8/17,18.96
5/9/17,19.13
5/10/17,19.07
5/11/17,18.99
5/12/17,19.14
5/13/17,19.14
5/14/17,19.14
5/15/17,19.19
5/16/17,19.23
5/17/17,18.76
5/18/17,19.17
5/19/17,19.06
5/20/17,19.06
5/21/17,19.06
5/22/17,19.13
5/23/17,19.08
5/24/17,19.04
5/25/17,18.97
5/26/17,18.73
5/27/17,18.73
5/28/17,18.73
5/29/17,18.73
5/30/17,18.36
5/31/17,18.44
6/1/17,18.8
6/2/17,19.16
6/3/17,19.16
6/4/17,19.16
6/5/17,18.91
6/6/17,18.8
6/7/17,18.77
6/8/17,18.87
6/9/17,18.82
6/10/17,18.82
6/11/17,18.82
6/12/17,18.83
6/13/17,18.98
6/14/17,19.1
6/15/17,18.93
6/16/17,18.95
6/17/17,18.95
6/18/17,18.95
6/19/17,19.55
6/20/17,19.76
6/21/17,20.53
6/22/17,20.78
6/23/17,20.82
6/24/17,20.82
6/25/17,20.82
6/26/17,20.76
6/27/17,20.12
6/28/17,20.6
6/29/17,20.29
6/30/17,20.11
7/1/17,20.11
7/2/17,20.11
7/3/17,20.25
7/4/17,20.24
7/5/17,20.47
7/6/17,20.11
7/7/17,20.25
7/8/17,20.25
7/9/17,20.25
7/10/17,20.05
7/11/17,20.17
7/12/17,20.37
7/13/17,20.46
7/14/17,20.49
7/15/17,20.49
7/16/17,20.49
7/17/17,20.3
7/18/17,20.32
7/19/17,20.6
7/20/17,20.8
7/21/17,20.9
7/22/17,20.9
7/23/17,20.9
7/24/17,21.13
7/25/17,20.87
7/26/17,21.05
7/27/17,20.73
7/28/17,20.99
7/29/17,20.99
7/30/17,20.99
7/31/17,20.67
8/1/17,20.43
8/2/17,20.58
8/3/17,20.41
8/4/17,20.66
8/5/17,20.66
8/6/17,20.66
8/7/17,20.76
8/8/17,20.53
8/9/17,20.43
8/10/17,19.77
8/11/17,20.04
8/12/17,20.04
8/13/17,20.04
8/14/17,20.26
8/15/17,20.27
8/16/17,20.26
8/17/17,19.91
8/18/17,19.88
8/19/17,19.88
8/20/17,19.88
8/21/17,19.89
8/22/17,20.27
8/23/17,20.23
8/24/17,20.55
8/25/17,20.37
8/26/17,20.37
8/27/17,20.37
8/28/17,20.73
8/29/17,20.79
8/30/17,21.21
8/31/17,21.71
9/1/17,21.87
9/2/17,21.87
9/3/17,21.87
9/4/17,21.87
9/5/17,21.78
9/6/17,21.87
9/7/17,21.93
9/8/17,21.76
9/9/17,21.76
9/10/17,21.76
9/11/17,21.7
9/12/17,21.62
9/13/17,21.61
9/14/17,21.46
9/15/17,21.56
9/16/17,21.56
9/17/17,21.56
9/18/17,21.67
9/19/17,21.55
9/20/17,21.62
9/21/17,21.61
9/22/17,21.55
9/23/17,21.55
9/24/17,21.55
9/25/17,21.61
9/26/17,21.21
9/27/17,21.46
9/28/17,21.53
9/29/17,21.87
9/30/17,21.87
10/1/17,21.87
10/2/17,22.1
10/3/17,22.05
10/4/17,22.17
10/5/17,22.18
10/6/17,22.11
10/7/17,22.11
10/8/17,22.11
10/9/17,22.0
10/10/17,22.1
10/11/17,21.96
10/12/17,21.92
10/13/17,21.78
10/14/17,21.78
10/15/17,21.78
10/16/17,21.81
10/17/17,21.8
10/18/17,21.56
10/19/17,21.4
10/20/17,21.17
10/21/17,21.17
10/22/17,21.17
10/23/17,20.84
10/24/17,20.73
10/25/17,20.51
10/26/17,20.0
10/27/17,20.26
10/28/17,20.26
10/29/17,20.26
10/30/17,20.26
10/31/17,20.12
11/1/17,19.84
11/2/17,20.0
11/3/17,20.29
11/4/17,20.29
11/5/17,20.29
11/6/17,20.25
11/7/17,20.2
11/8/17,19.94
11/9/17,19.9
11/10/17,19.89
11/11/17,19.89
11/12/17,19.89
11/13/17,19.69
11/14/17,19.4
11/15/17,19.44
11/16/17,19.74
11/17/17,19.75
11/18/17,19.75
11/19/17,19.75
11/20/17,19.55
11/21/17,19.65
11/22/17,19.73
11/23/17,19.74
11/24/17,19.73
11/25/17,19.73
11/26/17,19.73
11/27/17,19.65
11/28/17,19.64
11/29/17,19.62
11/30/17,19.96
12/1/17,19.89
12/2/17,19.89
12/3/17,19.89
12/4/17,19.56
12/5/17,19.44
12/6/17,19.35
12/7/17,19.65
12/8/17,20.08
12/9/17,20.08
12/10/17,20.08
12/11/17,20.12
12/12/17,20.05
12/13/17,20.28
12/14/17,20.02
12/15/17,20.23
12/16/17,20.23
12/17/17,20.23
12/18/17,20.24
12/19/17,20.16
12/20/17,20.28
12/21/17,20.36
12/22/17,20.47
12/23/17,20.47
12/24/17,20.47
12/25/17,20.47
12/26/17,20.58
12/27/17,20.67
12/28/17,20.79
12/29/17,20.6
12/30/17,20.6
12/31/17,20.6
1/1/18,20.6
1/2/18,21.06
1/3/18,21.31
1/4/18,21.18
1/5/18,21.13
1/6/18,21.13
1/7/18,21.13
1/8/18,20.68
1/9/18,21.01
1/10/18,21.22
1/11/18,21.29
1/12/18,21.37
1/13/18,21.37
1/14/18,21.37
1/15/18,21.37
1/16/18,20.96
1/17/18,21.05
1/18/18,21.12
1/19/18,21.34
1/20/18,21.34
1/21/18,21.34
1/22/18,21.97
1/23/18,22.36
1/24/18,22.11
1/25/18,22.29
1/26/18,22.52
1/27/18,22.52
1/28/18,22.52
1/29/18,22.65
1/30/18,22.22
1/31/18,21.87
2/1/18,21.83
2/2/18,21.39
2/3/18,21.39
2/4/18,21.39
2/5/18,20.53
2/6/18,21.05
2/7/18,21.17
2/8/18,20.25
2/9/18,20.36
2/10/18,20.36
2/11/18,20.36
2/12/18,20.8
2/13/18,20.92
2/14/18,21.42
2/15/18,21.62
2/16/18,21.55
2/17/18,21.55
2/18/18,21.55
2/19/18,21.55
2/20/18,21.33
2/21/18,21.41
2/22/18,21.39
2/23/18,21.82
2/24/18,21.82
2/25/18,21.82
2/26/18,21.95
2/27/18,21.66
2/28/18,21.16
3/1/18,21.05
3/2/18,21.69
3/3/18,21.69
3/4/18,21.69
3/5/18,21.94
3/6/18,21.81
3/7/18,22.11
3/8/18,22.22
3/9/18,22.6
3/10/18,22.6
3/11/18,22.6
3/12/18,22.6
3/13/18,22.36
3/14/18,22.26
3/15/18,21.98
3/16/18,21.93
3/17/18,21.93
3/18/18,21.93
3/19/18,21.64
3/20/18,21.66
3/21/18,21.75
3/22/18,21.23
3/23/18,20.85
3/24/18,20.85
3/25/18,20.85
3/26/18,21.37
3/27/18,20.57
3/28/18,20.48
3/29/18,20.66
3/30/18,20.66
3/31/18,20.66
4/1/18,20.66
4/2/18,19.84
4/3/18,19.87
4/4/18,20.5
4/5/18,20.15
4/6/18,19.56
4/7/18,19.56
4/8/18,19.56
4/9/18,19.94
4/10/18,20.55
4/11/18,20.54
4/12/18,20.8
4/13/18,20.66
4/14/18,20.66
4/15/18,20.66
4/16/18,20.47
4/17/18,20.91
4/18/18,20.89
4/19/18,20.57
4/20/18,20.33
4/21/18,20.33
4/22/18,20.33
4/23/18,20.22
4/24/18,19.93
4/25/18,19.98
4/26/18,20.46
4/27/18,20.52
4/28/18,20.52
4/29/18,20.52
4/30/18,20.07
5/1/18,20.29
5/2/18,20.13
5/3/18,19.85
5/4/18,20.13
5/5/18,20.13
5/6/18,20.13
5/7/18,20.34
5/8/18,20.15
5/9/18,20.39
5/10/18,20.38
5/11/18,20.81
5/12/18,20.81
5/13/18,20.81
5/14/18,21.04
5/15/18,20.94
5/16/18,21.15
5/17/18,21.24
5/18/18,21.26
5/19/18,21.26
5/20/18,21.26
5/21/18,20.93
5/22/18,20.98
5/23/18,21.04
5/24/18,21.04
5/25/18,21.1
5/26/18,21.1
5/27/18,21.1
5/28/18,21.1
5/29/18,20.9
5/30/18,21.11
5/31/18,21.04
6/1/18,21.35
6/2/18,21.35
6/3/18,21.35
6/4/18,21.11
6/5/18,21.19
6/6/18,21.41
6/7/18,21.11
6/8/18,21.22
6/9/18,21.22
6/10/18,21.22
6/11/18,21.03
6/12/18,21.25
6/13/18,21.22
6/14/18,21.39
6/15/18,21.44
6/16/18,21.44
6/17/18,21.44
6/18/18,21.29
6/19/18,21.67
6/20/18,22.1
6/21/18,22.03
6/22/18,21.98
6/23/18,21.98
6/24/18,21.98
6/25/18,21.48
6/26/18,21.51
6/27/18,20.92
6/28/18,20.94
6/29/18,21.27
6/30/18,21.27
7/1/18,21.27
7/2/18,21.41
7/3/18,21.51
7/4/18,21.51
7/5/18,21.74
7/6/18,22.44
7/7/18,22.44
7/8/18,22.44
7/9/18,22.44
7/10/18,22.39
7/11/18,22.31
7/12/18,22.63
7/13/18,22.69
7/14/18,22.69
7/15/18,22.69
7/16/18,22.43
7/17/18,22.63
7/18/18,22.5
7/19/18,22.58
7/20/18,22.55
7/21/18,22.55
7/22/18,22.55
7/23/18,22.55
7/24/18,22.25
7/25/18,22.42
7/26/18,22.14
7/27/18,21.54
7/28/18,21.54
7/29/18,21.54
7/30/18,21.26
7/31/18,21.7
8/1/18,21.92
8/2/18,22.01
8/3/18,21.66
8/4/18,21.66
8/5/18,21.66
8/6/18,21.72
8/7/18,21.98
8/8/18,21.82
8/9/18,21.79
8/10/18,21.71
8/11/18,21.71
8/12/18,21.71
8/13/18,21.57
8/14/18,21.64
8/15/18,21.23
8/16/18,21.44
8/17/18,21.4
8/18/18,21.4
8/19/18,21.4
8/20/18,21.28
8/21/18,21.57
8/22/18,21.81
8/23/18,21.68
8/24/18,21.74
8/25/18,21.74
8/26/18,21.74
8/27/18,22.0
8/28/18,22.18
8/29/18,22.5
8/30/18,22.61
8/31/18,22.65
9/1/18,22.65
9/2/18,22.65
9/3/18,22.65
9/4/18,22.44
9/5/18,22.37
9/6/18,21.81
9/7/18,21.76
9/8/18,21.76
9/9/18,21.76
9/10/18,21.83
9/11/18,21.81
9/12/18,21.69
9/13/18,21.82
9/14/18,21.72
9/15/18,21.72
9/16/18,21.72
9/17/18,21.35
9/18/18,21.64
9/19/18,21.61
9/20/18,21.95
9/21/18,21.68
9/22/18,21.68
9/23/18,21.68
9/24/18,21.93
9/25/18,21.89
9/26/18,21.89
9/27/18,22.08
9/28/18,22.2
9/29/18,22.2
9/30/18,22.2
10/1/18,21.91
10/2/18,21.68
10/3/18,21.94
10/4/18,21.24
10/5/18,21.02
10/6/18,21.02
10/7/18,21.02
10/8/18,20.79
10/9/18,20.7
10/10/18,19.91
10/11/18,19.61
10/12/18,20.1
10/13/18,20.1
10/14/18,20.1
10/15/18,19.9
10/16/18,20.79
10/17/18,20.8
10/18/18,20.5
10/19/18,20.18
10/20/18,20.18
10/21/18,20.18
10/22/18,19.77
10/23/18,19.69
10/24/18,18.47
10/25/18,18.93
10/26/18,18.89
10/27/18,18.89
10/28/18,18.89
10/29/18,18.57
10/30/18,18.82
10/31/18,18.95
11/1/18,19.89
11/2/18,19.96
11/3/18,19.96
11/4/18,19.96
11/5/18,19.9
11/6/18,19.85
11/7/18,20.37
11/8/18,20.2
11/9/18,19.7
11/10/18,19.7
11/11/18,19.7
11/12/18,19.03
11/13/18,18.87
11/14/18,18.42
11/15/18,18.87
11/16/18,18.95
11/17/18,18.95
11/18/18,18.95
11/19/18,18.37
11/20/18,18.25
11/21/18,18.52
11/22/18,18.52
11/23/18,18.63
11/24/18,18.63
11/25/18,18.63
11/26/18,18.92
11/27/18,18.8
11/28/18,19.34
11/29/18,19.26
11/30/18,19.53
12/1/18,19.53
12/2/18,19.53
12/3/18,19.92
12/4/18,19.23
12/5/18,19.25
12/6/18,19.26
12/7/18,18.68
12/8/18,18.68
12/9/18,18.68
12/10/18,18.81
12/11/18,18.8
12/12/18,18.95
12/13/18,18.58
12/14/18,18.28
12/15/18,18.28
12/16/18,18.28
12/17/18,17.94
12/18/18,17.55
12/19/18,17.19
12/20/18,16.76
12/21/18,16.12
12/22/18,16.12
12/23/18,16.12
12/24/18,15.97
12/25/18,15.97
12/26/18,16.89
12/27/18,16.85
12/28/18,16.88
12/29/18,16.88
12/30/18,16.88
12/31/18,17.28
1/1/19,17.28
1/2/19,17.46
1/3/19,17.55
1/4/19,18.48
1/5/19,18.48
1/6/19,18.48
1/7/19,19.2
1/8/19,19.28
1/9/19,19.36
1/10/19,19.59
1/11/19,19.56
1/12/19,19.56
1/13/19,19.56
1/14/19,19.19
1/15/19,19.55
1/16/19,19.47
1/17/19,19.67
1/18/19,19.79
1/19/19,19.79
1/20/19,19.79
1/21/19,19.79
1/22/19,19.41
1/23/19,19.21
1/24/19,19.25
1/25/19,19.53
1/26/19,19.53
1/27/19,19.53
1/28/19,19.11
1/29/19,19.11
1/30/19,19.37
1/31/19,19.71
2/1/19,19.81
2/2/19,19.81
2/3/19,19.81
2/4/19,19.83
2/5/19,19.89
2/6/19,19.83
2/7/19,19.4
2/8/19,19.6
2/9/19,19.6
2/10/19,19.6
2/11/19,19.59
2/12/19,19.89
2/13/19,19.87
2/14/19,19.94
2/15/19,20.37
2/16/19,20.37
2/17/19,20.37
2/18/19,20.36
2/19/19,20.24
2/20/19,20.16
2/21/19,19.82
2/22/19,20.11
2/23/19,20.11
2/24/19,20.11
2/25/19,20.5
2/26/19,20.5
2/27/19,20.83
2/28/19,20.66
3/1/19,21.16
3/2/19,21.16
3/3/19,21.16
3/4/19,21.22
3/5/19,21.05
3/6/19,20.23
3/7/19,20.14
3/8/19,20.04
3/9/19,20.04
3/10/19,20.04
3/11/19,20.46
3/12/19,20.68
3/13/19,20.93
3/14/19,20.79
3/15/19,20.98
3/16/19,20.98
3/17/19,20.98
3/18/19,21.1
3/19/19,21.08
3/20/19,20.95
3/21/19,20.8
3/22/19,20.01
3/23/19,20.01
3/24/19,20.01
3/25/19,20.03
3/26/19,20.44
3/27/19,20.09
3/28/19,20.25
3/29/19,20.59
3/30/19,20.59
3/31/19,20.59
4/1/19,20.64
4/2/19,20.89
4/3/19,21.06
4/4/19,20.95
4/5/19,21.32
4/6/19,21.32
4/7/19,21.32
4/8/19,21.13
4/9/19,20.71
4/10/19,20.99
4/11/19,20.53
4/12/19,20.36
4/13/19,20.36
4/14/19,20.36
4/15/19,20.17
4/16/19,20.04
4/17/19,19.12
4/18/19,19.11
4/19/19,19.11
4/20/19,19.11
4/21/19,19.11
4/22/19,19.18
4/23/19,19.64
4/24/19,19.42
4/25/19,19.65
4/26/19,19.77
4/27/19,19.77
4/28/19,19.77
4/29/19,19.77
4/30/19,19.51
5/1/19,19.2
5/2/19,19.32
5/3/19,19.66
5/4/19,19.66
5/5/19,19.66
5/6/19,19.9
5/7/19,19.38
5/8/19,19.47
5/9/19,19.39
5/10/19,19.43
5/11/19,19.43
5/12/19,19.43
5/13/19,18.79
5/14/19,19.14
5/15/19,19.35
5/16/19,19.72
5/17/19,19.5
5/18/19,19.5
5/19/19,19.5
5/20/19,19.22
5/21/19,19.82
5/22/19,19.8
5/23/19,19.67
5/24/19,19.87
5/25/19,19.87
5/26/19,19.87
5/27/19,19.86
5/28/19,19.7
5/29/19,19.47
5/30/19,19.44
5/31/19,19.01
6/1/19,19.01
6/2/19,19.01
6/3/19,19.3
6/4/19,19.67
6/5/19,19.64
6/6/19,19.37
6/7/19,19.7
6/8/19,19.7
6/9/19,19.7
6/10/19,19.59
6/11/19,19.31
6/12/19,19.45
6/13/19,19.63
6/14/19,19.43
6/15/19,19.43
6/16/19,19.43
6/17/19,20.58
6/18/19,20.82
6/19/19,20.9
6/20/19,20.99
6/21/19,21.1
6/22/19,21.1
6/23/19,21.1
6/24/19,20.67
6/25/19,20.65
6/26/19,20.36
6/27/19,20.71
6/28/19,21.22
6/29/19,21.22
6/30/19,21.22
7/1/19,21.36
7/2/19,21.18
7/3/19,21.45
7/4/19,21.41
7/5/19,21.11
7/6/19,21.11
7/7/19,21.11
7/8/19,20.81
7/9/19,21.1
7/10/19,21.03
7/11/19,20.79
7/12/19,20.58
7/13/19,20.58
7/14/19,20.58
7/15/19,20.69
7/16/19,20.57
7/17/19,20.56
7/18/19,20.78
7/19/19,20.44
7/20/19,20.44
7/21/19,20.44
7/22/19,20.52
7/23/19,20.45
7/24/19,20.48
7/25/19,20.1
7/26/19,20.36
7/27/19,20.36
7/28/19,20.36
7/29/19,20.3
7/30/19,20.45
7/31/19,20.3
8/1/19,20.4
8/2/19,20.03
8/3/19,20.03
8/4/19,20.03
8/5/19,19.4
8/6/19,19.65
8/7/19,19.74
8/8/19,20.15
8/9/19,20.06
8/10/19,20.06
8/11/19,20.06
8/12/19,19.82
8/13/19,19.99
8/14/19,19.49
8/15/19,19.41
8/16/19,19.77
8/17/19,19.77
8/18/19,19.77
8/19/19,19.94
8/20/19,19.71
8/21/19,19.9
8/22/19,19.69
8/23/19,19.17
8/24/19,19.17
8/25/19,19.17
8/26/19,19.29
8/27/19,19.03
8/28/19,19.21
8/29/19,19.46
8/30/19,19.28
8/31/19,19.28
9/1/19,19.28
9/2/19,19.28
9/3/19,18.89
9/4/19,19.0
9/5/19,19.23
9/6/19,19.22
9/7/19,19.22
9/8/19,19.22
9/9/19,19.18
9/10/19,19.46
9/11/19,19.8
9/12/19,19.59
9/13/19,19.63
9/14/19,19.63
9/15/19,19.63
9/16/19,19.82
9/17/19,19.87
9/18/19,19.65
9/19/19,19.7
9/20/19,19.79
9/21/19,19.79
9/22/19,19.79
9/23/19,19.58
9/24/19,19.16
9/25/19,19.02
9/26/19,18.58
9/27/19,18.36
9/28/19,18.36
9/29/19,18.36
9/30/19,18.21
10/1/19,17.81
10/2/19,17.8
10/3/19,18.11
10/4/19,18.17
10/5/19,18.17
10/6/19,18.17
10/7/19,18.17
10/8/19,17.87
10/9/19,17.79
10/10/19,18.01
10/11/19,18.24
10/12/19,18.24
10/13/19,18.24
10/14/19,18.34
10/15/19,18.91
10/16/19,18.86
10/17/19,19.08
10/18/19,18.94
10/19/19,18.94
10/20/19,18.94
10/21/19,19.24
10/22/19,19.53
10/23/19,19.61
10/24/19,19.64
10/25/19,19.74
10/26/19,19.74
10/27/19,19.74
10/28/19,20.03
10/29/19,20.15
10/30/19,20.2
10/31/19,20.19
11/1/19,20.69
11/2/19,20.69
11/3/19,20.69
11/4/19,20.56
11/5/19,20.67
11/6/19,20.17
11/7/19,20.25
11/8/19,20.83
11/9/19,20.83
11/10/19,20.83
11/11/19,20.78
11/12/19,20.64
11/13/19,20.67
11/14/19,20.56
11/15/19,20.92
11/16/19,20.92
11/17/19,20.92
11/18/19,20.92
11/19/19,21.38
11/20/19,21.42
11/21/19,21.38
11/22/19,21.6
11/23/19,21.6
11/24/19,21.6
11/25/19,22.09
11/26/19,22.08
11/27/19,22.26
11/28/19,22.25
11/29/19,22.31
11/30/19,22.31
12/1/19,22.31
12/2/19,22.17
12/3/19,22.51
12/4/19,22.67
12/5/19,22.28
12/6/19,22.53
12/7/19,22.53
12/8/19,22.53
12/9/19,22.33
12/10/19,22.57
12/11/19,22.45
12/12/19,22.66
12/13/19,22.8
12/14/19,22.8
12/15/19,22.8
12/16/19,23.05
12/17/19,23.08
12/18/19,22.94
12/19/19,23.01
12/20/19,23.3
12/21/19,23.3
12/22/19,23.3
12/23/19,23.45
12/24/19,23.57
12/25/19,23.57
12/26/19,23.43
12/27/19,23.13
12/28/19,23.13
12/29/19,23.13
12/30/19,22.83
12/31/19,22.96
1/1/20,22.96
1/2/20,22.75
1/3/20,22.48
1/4/20,22.48
1/5/20,22.48
1/6/20,22.61
1/7/20,22.69
1/8/20,23.07
1/9/20,23.29
1/10/20,23.07
1/11/20,23.07
1/12/20,23.07
1/13/20,22.82
1/14/20,23.19
1/15/20,23.29
1/16/20,23.33
1/17/20,23.24
1/18/20,23.24
1/19/20,23.24
1/20/20,23.25
1/21/20,23.04
1/22/20,22.93
1/23/20,22.72
1/24/20,22.23
1/25/20,22.23
1/26/20,22.23
1/27/20,22.13
1/28/20,22.34
1/29/20,22.35
1/30/20,21.98
1/31/20,21.79
2/1/20,21.79
2/2/20,21.79
2/3/20,22.37
2/4/20,22.97
2/5/20,23.39
2/6/20,23.52
2/7/20,23.48
2/8/20,23.48
2/9/20,23.48
2/10/20,23.74
2/11/20,23.72
2/12/20,23.83
2/13/20,23.51
2/14/20,23.51
2/15/20,23.51
2/16/20,23.51
2/17/20,23.51
2/18/20,23.59
2/19/20,23.83
2/20/20,23.77
2/21/20,23.78
2/22/20,23.78
2/23/20,23.78
2/24/20,23.06
2/25/20,22.58
2/26/20,22.79
2/27/20,21.82
2/28/20,22.01
2/29/20,22.01
3/1/20,22.01
3/2/20,22.84
3/3/20,22.33
3/4/20,23.31
3/5/20,22.8
3/6/20,22.49
3/7/20,22.49
3/8/20,22.49
3/9/20,20.81
3/10/20,21.25
3/11/20,20.04
3/12/20,18.12
3/13/20,19.27
3/14/20,19.27
3/15/20,19.27
3/16/20,16.98
3/17/20,18.14
3/18/20,17.83
3/19/20,18.43
3/20/20,17.9
3/21/20,17.9
3/22/20,17.9
3/23/20,17.92
3/24/20,19.21
3/25/20,19.05
3/26/20,19.85
3/27/20,19.38
3/28/20,19.38
3/29/20,19.38
3/30/20,20.01
3/31/20,19.85
4/1/20,18.99
4/2/20,19.59
4/3/20,19.37
4/4/20,19.37
4/5/20,19.37
4/6/20,20.42
4/7/20,20.27
4/8/20,20.83
4/9/20,21.04
4/10/20,21.04
4/11/20,21.04
4/12/20,21.04
4/13/20,21.08
4/14/20,21.85
4/15/20,21.29
4/16/20,21.72
4/17/20,22.52
4/18/20,22.52
4/19/20,22.52
4/20/20,22.94
4/21/20,22.26
4/22/20,22.52
4/23/20,22.37
4/24/20,22.87
4/25/20,22.87
4/26/20,22.87
4/27/20,23.13
4/28/20,22.7
4/29/20,22.89
4/30/20,22.55
5/1/20,21.94
5/2/20,21.94
5/3/20,21.94
5/4/20,22.52
5/5/20,22.9
5/6/20,22.93
5/7/20,23.05
5/8/20,23.25
5/9/20,23.25
5/10/20,23.25
5/11/20,24.06
5/12/20,23.89
5/13/20,23.44
5/14/20,23.44
5/15/20,24.13
5/16/20,24.13
5/17/20,24.13
5/18/20,24.56
5/19/20,24.18
5/20/20,24.72
5/21/20,24.59
5/22/20,24.82
5/23/20,24.82
5/24/20,24.82
5/25/20,24.81
5/26/20,24.65
5/27/20,24.7
5/28/20,24.5
5/29/20,24.77
5/30/20,24.77
5/31/20,24.77
6/1/20,24.85
6/2/20,24.97
6/3/20,24.57
6/4/20,24.31
6/5/20,24.33
6/6/20,24.33
6/7/20,24.33
6/8/20,24.73
6/9/20,24.77
6/10/20,24.77
6/11/20,23.78
6/12/20,23.98
6/13/20,23.98
6/14/20,23.98
6/15/20,24.54
6/16/20,25.02
6/17/20,25.18
6/18/20,25.31
6/19/20,26.11
6/20/20,26.11
6/21/20,26.11
6/22/20,26.14
6/23/20,26.27
6/24/20,25.78
6/25/20,26.16
6/26/20,25.4
6/27/20,25.4
6/28/20,25.4
6/29/20,25.2
6/30/20,25.55
7/1/20,25.81
7/2/20,25.94
7/3/20,25.9
7/4/20,25.9
7/5/20,25.9
7/6/20,26.06
7/7/20,26.46
7/8/20,26.57
7/9/20,26.43
7/10/20,26.18
7/11/20,26.18
7/12/20,26.18
7/13/20,25.86
7/14/20,26.43
7/15/20,26.74
7/16/20,26.68
7/17/20,27.29
7/18/20,27.29
7/19/20,27.29
7/20/20,27.7
7/21/20,27.0
7/22/20,26.97
7/23/20,26.42
7/24/20,25.92
7/25/20,25.92
7/26/20,25.92
7/27/20,26.61
7/28/20,26.19
7/29/20,25.94
7/30/20,26.06
7/31/20,25.62
8/1/20,25.62
8/2/20,25.62
8/3/20,26.52
8/4/20,26.4
8/5/20,26.61
8/6/20,26.36
8/7/20,26.27
8/8/20,26.27
8/9/20,26.27
8/10/20,25.95
8/11/20,25.36
8/12/20,25.43
8/13/20,25.61
8/14/20,25.51
8/15/20,25.51
8/16/20,25.51
8/17/20,26.08
8/18/20,25.87
8/19/20,25.69
8/20/20,25.6
8/21/20,25.38
8/22/20,25.38
8/23/20,25.38
8/24/20,24.9
8/25/20,25.22
8/26/20,25.06
8/27/20,25.02
8/28/20,25.22
8/29/20,25.22
8/30/20,25.22
8/31/20,25.68
9/1/20,25.24
9/2/20,25.45
9/3/20,24.64
9/4/20,24.47
9/5/20,24.47
9/6/20,24.47
9/7/20,24.49
9/8/20,24.19
9/9/20,24.67
9/10/20,24.29
9/11/20,24.45
9/12/20,24.45
9/13/20,24.45
9/14/20,26.38
9/15/20,26.59
9/16/20,26.67
9/17/20,26.57
9/18/20,26.66
9/19/20,26.66
9/20/20,26.66
9/21/20,25.99
9/22/20,26.21
9/23/20,25.84
9/24/20,25.58
9/25/20,26.08
9/26/20,26.08
9/27/20,26.08
9/28/20,26.24
9/29/20,26.23
9/30/20,26.36
10/1/20,26.53
10/2/20,25.95
10/3/20,25.95
10/4/20,25.95
10/5/20,26.88
10/6/20,26.58
10/7/20,27.17
10/8/20,27.23
10/9/20,27.33
10/10/20,27.33
10/11/20,27.33
10/12/20,27.47
10/13/20,27.67
10/14/20,27.27
10/15/20,26.76
10/16/20,27.01
10/17/20,27.01
10/18/20,27.01
10/19/20,26.6
10/20/20,26.39
10/21/20,25.92
10/22/20,26.23
10/23/20,26.31
10/24/20,26.31
10/25/20,26.31
10/26/20,26.01
10/27/20,26.15
10/28/20,25.4
10/29/20,25.63
10/30/20,25.24
10/31/20,25.24
11/1/20,25.24
11/2/20,25.23
11/3/20,25.78
11/4/20,27.37
