Date,Franklin US Government A(acc)HKD
4/30/10,10.0
5/1/10,10.0
5/2/10,10.0
5/3/10,9.99
5/4/10,10.01
5/5/10,10.03
5/6/10,10.07
5/7/10,10.07
5/8/10,10.07
5/9/10,10.07
5/10/10,10.06
5/11/10,10.07
5/12/10,10.09
5/13/10,10.1
5/14/10,10.13
5/15/10,10.13
5/16/10,10.13
5/17/10,10.15
5/18/10,10.16
5/19/10,10.17
5/20/10,10.19
5/21/10,10.19
5/22/10,10.19
5/23/10,10.19
5/24/10,10.18
5/25/10,10.2
5/26/10,10.16
5/27/10,10.15
5/28/10,10.15
5/29/10,10.15
5/30/10,10.15
5/31/10,10.16
6/1/10,10.17
6/2/10,10.18
6/3/10,10.18
6/4/10,10.21
6/5/10,10.21
6/6/10,10.21
6/7/10,10.23
6/8/10,10.24
6/9/10,10.24
6/10/10,10.19
6/11/10,10.21
6/12/10,10.21
6/13/10,10.21
6/14/10,10.21
6/15/10,10.2
6/16/10,10.21
6/17/10,10.23
6/18/10,10.22
6/19/10,10.22
6/20/10,10.22
6/21/10,10.22
6/22/10,10.24
6/23/10,10.24
6/24/10,10.23
6/25/10,10.24
6/26/10,10.24
6/27/10,10.24
6/28/10,10.27
6/29/10,10.27
6/30/10,10.26
7/1/10,10.27
7/2/10,10.27
7/3/10,10.27
7/4/10,10.27
7/5/10,10.27
7/6/10,10.29
7/7/10,10.29
7/8/10,10.28
7/9/10,10.25
7/10/10,10.25
7/11/10,10.25
7/12/10,10.28
7/13/10,10.28
7/14/10,10.28
7/15/10,10.27
7/16/10,10.3
7/17/10,10.3
7/18/10,10.3
7/19/10,10.3
7/20/10,10.31
7/21/10,10.32
7/22/10,10.32
7/23/10,10.31
7/24/10,10.31
7/25/10,10.31
7/26/10,10.32
7/27/10,10.32
7/28/10,10.33
7/29/10,10.33
7/30/10,10.34
7/31/10,10.34
8/1/10,10.34
8/2/10,10.33
8/3/10,10.35
8/4/10,10.34
8/5/10,10.34
8/6/10,10.35
8/7/10,10.35
8/8/10,10.35
8/9/10,10.33
8/10/10,10.33
8/11/10,10.34
8/12/10,10.31
8/13/10,10.34
8/14/10,10.34
8/15/10,10.34
8/16/10,10.35
8/17/10,10.33
8/18/10,10.3
8/19/10,10.31
8/20/10,10.3
8/21/10,10.3
8/22/10,10.3
8/23/10,10.31
8/24/10,10.32
8/25/10,10.33
8/26/10,10.35
8/27/10,10.33
8/28/10,10.33
8/29/10,10.33
8/30/10,10.35
8/31/10,10.36
9/1/10,10.35
9/2/10,10.34
9/3/10,10.32
9/4/10,10.32
9/5/10,10.32
9/6/10,10.32
9/7/10,10.34
9/8/10,10.33
9/9/10,10.29
9/10/10,10.29
9/11/10,10.29
9/12/10,10.29
9/13/10,10.3
9/14/10,10.31
9/15/10,10.3
9/16/10,10.29
9/17/10,10.28
9/18/10,10.28
9/19/10,10.28
9/20/10,10.28
9/21/10,10.3
9/22/10,10.29
9/23/10,10.28
9/24/10,10.27
9/25/10,10.27
9/26/10,10.27
9/27/10,10.29
9/28/10,10.29
9/29/10,10.28
9/30/10,10.29
10/1/10,10.29
10/2/10,10.29
10/3/10,10.29
10/4/10,10.31
10/5/10,10.31
10/6/10,10.33
10/7/10,10.36
10/8/10,10.37
10/9/10,10.37
10/10/10,10.37
10/11/10,10.37
10/12/10,10.39
10/13/10,10.42
10/14/10,10.4
10/15/10,10.36
10/16/10,10.36
10/17/10,10.36
10/18/10,10.38
10/19/10,10.4
10/20/10,10.41
10/21/10,10.41
10/22/10,10.41
10/23/10,10.41
10/24/10,10.41
10/25/10,10.39
10/26/10,10.39
10/27/10,10.38
10/28/10,10.38
10/29/10,10.39
10/30/10,10.39
10/31/10,10.39
11/1/10,10.39
11/2/10,10.4
11/3/10,10.42
11/4/10,10.44
11/5/10,10.42
11/6/10,10.42
11/7/10,10.42
11/8/10,10.41
11/9/10,10.39
11/10/10,10.39
11/11/10,10.39
11/12/10,10.36
11/13/10,10.36
11/14/10,10.36
11/15/10,10.34
11/16/10,10.36
11/17/10,10.38
11/18/10,10.38
11/19/10,10.4
11/20/10,10.4
11/21/10,10.4
11/22/10,10.42
11/23/10,10.44
11/24/10,10.41
11/25/10,10.41
11/26/10,10.41
11/27/10,10.41
11/28/10,10.41
11/29/10,10.42
11/30/10,10.4
12/1/10,10.36
12/2/10,10.34
12/3/10,10.36
12/4/10,10.36
12/5/10,10.36
12/6/10,10.39
12/7/10,10.33
12/8/10,10.3
12/9/10,10.32
12/10/10,10.3
12/11/10,10.3
12/12/10,10.3
12/13/10,10.31
12/14/10,10.25
12/15/10,10.22
12/16/10,10.23
12/17/10,10.3
12/18/10,10.3
12/19/10,10.3
12/20/10,10.3
12/21/10,10.31
12/22/10,10.32
12/23/10,10.3
12/24/10,10.3
12/25/10,10.3
12/26/10,10.3
12/27/10,10.32
12/28/10,10.27
12/29/10,10.34
12/30/10,10.33
12/31/10,10.34
1/1/11,10.34
1/2/11,10.34
1/3/11,10.33
1/4/11,10.34
1/5/11,10.29
1/6/11,10.31
1/7/11,10.34
1/8/11,10.34
1/9/11,10.34
1/10/11,10.35
1/11/11,10.34
1/12/11,10.34
1/13/11,10.36
1/14/11,10.35
1/15/11,10.35
1/16/11,10.35
1/17/11,10.36
1/18/11,10.34
1/19/11,10.36
1/20/11,10.33
1/21/11,10.35
1/22/11,10.35
1/23/11,10.35
1/24/11,10.37
1/25/11,10.38
1/26/11,10.34
1/27/11,10.37
1/28/11,10.38
1/29/11,10.38
1/30/11,10.38
1/31/11,10.38
2/1/11,10.35
2/2/11,10.33
2/3/11,10.3
2/4/11,10.28
2/5/11,10.28
2/6/11,10.28
2/7/11,10.27
2/8/11,10.23
2/9/11,10.25
2/10/11,10.24
2/11/11,10.25
2/12/11,10.25
2/13/11,10.25
2/14/11,10.28
2/15/11,10.29
2/16/11,10.29
2/17/11,10.31
2/18/11,10.3
2/19/11,10.3
2/20/11,10.3
2/21/11,10.3
2/22/11,10.35
2/23/11,10.35
2/24/11,10.37
2/25/11,10.37
2/26/11,10.37
2/27/11,10.37
2/28/11,10.38
3/1/11,10.38
3/2/11,10.37
3/3/11,10.33
3/4/11,10.37
3/5/11,10.37
3/6/11,10.37
3/7/11,10.38
3/8/11,10.36
3/9/11,10.38
3/10/11,10.4
3/11/11,10.39
3/12/11,10.39
3/13/11,10.39
3/14/11,10.41
3/15/11,10.42
3/16/11,10.46
3/17/11,10.44
3/18/11,10.44
3/19/11,10.44
3/20/11,10.44
3/21/11,10.41
3/22/11,10.39
3/23/11,10.39
3/24/11,10.38
3/25/11,10.37
3/26/11,10.37
3/27/11,10.37
3/28/11,10.38
3/29/11,10.36
3/30/11,10.37
3/31/11,10.36
4/1/11,10.36
4/2/11,10.36
4/3/11,10.36
4/4/11,10.35
4/5/11,10.33
4/6/11,10.32
4/7/11,10.32
4/8/11,10.32
4/9/11,10.32
4/10/11,10.32
4/11/11,10.32
4/12/11,10.35
4/13/11,10.37
4/14/11,10.37
4/15/11,10.4
4/16/11,10.4
4/17/11,10.4
4/18/11,10.42
4/19/11,10.42
4/20/11,10.41
4/21/11,10.41
4/22/11,10.41
4/23/11,10.41
4/24/11,10.41
4/25/11,10.44
4/26/11,10.45
4/27/11,10.43
4/28/11,10.46
4/29/11,10.46
4/30/11,10.46
5/1/11,10.46
5/2/11,10.46
5/3/11,10.47
5/4/11,10.48
5/5/11,10.51
5/6/11,10.52
5/7/11,10.52
5/8/11,10.52
5/9/11,10.53
5/10/11,10.52
5/11/11,10.52
5/12/11,10.51
5/13/11,10.53
5/14/11,10.53
5/15/11,10.53
5/16/11,10.56
5/17/11,10.57
5/18/11,10.57
5/19/11,10.56
5/20/11,10.57
5/21/11,10.57
5/22/11,10.57
5/23/11,10.58
5/24/11,10.58
5/25/11,10.59
5/26/11,10.61
5/27/11,10.6
5/28/11,10.6
5/29/11,10.6
5/30/11,10.6
5/31/11,10.6
6/1/11,10.64
6/2/11,10.63
6/3/11,10.64
6/4/11,10.64
6/5/11,10.64
6/6/11,10.65
6/7/11,10.67
6/8/11,10.68
6/9/11,10.66
6/10/11,10.65
6/11/11,10.65
6/12/11,10.65
6/13/11,10.65
6/14/11,10.62
6/15/11,10.65
6/16/11,10.65
6/17/11,10.63
6/18/11,10.63
6/19/11,10.63
6/20/11,10.63
6/21/11,10.63
6/22/11,10.64
6/23/11,10.66
6/24/11,10.66
6/25/11,10.66
6/26/11,10.66
6/27/11,10.65
6/28/11,10.63
6/29/11,10.63
6/30/11,10.63
7/1/11,10.62
7/2/11,10.62
7/3/11,10.62
7/4/11,10.62
7/5/11,10.64
7/6/11,10.64
7/7/11,10.61
7/8/11,10.65
7/9/11,10.65
7/10/11,10.65
7/11/11,10.67
7/12/11,10.68
7/13/11,10.67
7/14/11,10.67
7/15/11,10.68
7/16/11,10.68
7/17/11,10.68
7/18/11,10.68
7/19/11,10.67
7/20/11,10.67
7/21/11,10.66
7/22/11,10.68
7/23/11,10.68
7/24/11,10.68
7/25/11,10.68
7/26/11,10.7
7/27/11,10.68
7/28/11,10.69
7/29/11,10.74
7/30/11,10.74
7/31/11,10.74
8/1/11,10.76
8/2/11,10.79
8/3/11,10.8
8/4/11,10.82
8/5/11,10.79
8/6/11,10.79
8/7/11,10.79
8/8/11,10.8
8/9/11,10.83
8/10/11,10.93
8/11/11,10.9
8/12/11,10.93
8/13/11,10.93
8/14/11,10.93
8/15/11,10.91
8/16/11,10.91
8/17/11,10.9
8/18/11,10.92
8/19/11,10.9
8/20/11,10.9
8/21/11,10.9
8/22/11,10.88
8/23/11,10.86
8/24/11,10.83
8/25/11,10.83
8/26/11,10.85
8/27/11,10.85
8/28/11,10.85
8/29/11,10.84
8/30/11,10.88
8/31/11,10.87
9/1/11,10.89
9/2/11,10.9
9/3/11,10.9
9/4/11,10.9
9/5/11,10.91
9/6/11,10.92
9/7/11,10.92
9/8/11,10.92
9/9/11,10.93
9/10/11,10.93
9/11/11,10.93
9/12/11,10.93
9/13/11,10.93
9/14/11,10.93
9/15/11,10.91
9/16/11,10.91
9/17/11,10.91
9/18/11,10.91
9/19/11,10.93
9/20/11,10.91
9/21/11,10.93
9/22/11,10.95
9/23/11,10.91
9/24/11,10.91
9/25/11,10.91
9/26/11,10.88
9/27/11,10.85
9/28/11,10.85
9/29/11,10.86
9/30/11,10.87
10/1/11,10.87
10/2/11,10.87
10/3/11,10.9
10/4/11,10.88
10/5/11,10.86
10/6/11,10.83
10/7/11,10.82
10/8/11,10.82
10/9/11,10.82
10/10/11,10.82
10/11/11,10.81
10/12/11,10.8
10/13/11,10.81
10/14/11,10.8
10/15/11,10.8
10/16/11,10.8
10/17/11,10.82
10/18/11,10.81
10/19/11,10.82
10/20/11,10.82
10/21/11,10.82
10/22/11,10.82
10/23/11,10.82
10/24/11,10.81
10/25/11,10.84
10/26/11,10.83
10/27/11,10.8
10/28/11,10.83
10/29/11,10.83
10/30/11,10.83
10/31/11,10.87
11/1/11,10.91
11/2/11,10.9
11/3/11,10.87
11/4/11,10.88
11/5/11,10.88
11/6/11,10.88
11/7/11,10.88
11/8/11,10.86
11/9/11,10.88
11/10/11,10.87
11/11/11,10.87
11/12/11,10.87
11/13/11,10.87
11/14/11,10.86
11/15/11,10.88
11/16/11,10.9
11/17/11,10.91
11/18/11,10.9
11/19/11,10.9
11/20/11,10.9
11/21/11,10.91
11/22/11,10.91
11/23/11,10.91
11/24/11,10.92
11/25/11,10.91
11/26/11,10.91
11/27/11,10.91
11/28/11,10.93
11/29/11,10.93
11/30/11,10.91
12/1/11,10.9
12/2/11,10.91
12/3/11,10.91
12/4/11,10.91
12/5/11,10.92
12/6/11,10.92
12/7/11,10.95
12/8/11,10.96
12/9/11,10.95
12/10/11,10.95
12/11/11,10.95
12/12/11,10.96
12/13/11,10.96
12/14/11,10.98
12/15/11,10.97
12/16/11,10.97
12/17/11,10.97
12/18/11,10.97
12/19/11,10.97
12/20/11,10.96
12/21/11,10.95
12/22/11,10.95
12/23/11,10.93
12/24/11,10.93
12/25/11,10.93
12/26/11,10.93
12/27/11,10.94
12/28/11,10.96
12/29/11,10.97
12/30/11,10.97
12/31/11,10.97
1/1/12,10.97
1/2/12,10.97
1/3/12,10.97
1/4/12,10.97
1/5/12,10.97
1/6/12,10.97
1/7/12,10.97
1/8/12,10.97
1/9/12,10.98
1/10/12,10.98
1/11/12,10.99
1/12/12,11.0
1/13/12,11.01
1/14/12,11.01
1/15/12,11.01
1/16/12,11.01
1/17/12,11.01
1/18/12,10.98
1/19/12,10.97
1/20/12,10.95
1/21/12,10.95
1/22/12,10.95
1/23/12,10.95
1/24/12,10.95
1/25/12,10.95
1/26/12,10.98
1/27/12,10.96
1/28/12,10.96
1/29/12,10.96
1/30/12,10.97
1/31/12,10.97
2/1/12,10.97
2/2/12,10.97
2/3/12,10.96
2/4/12,10.96
2/5/12,10.96
2/6/12,10.97
2/7/12,10.97
2/8/12,10.96
2/9/12,10.95
2/10/12,10.97
2/11/12,10.97
2/12/12,10.97
2/13/12,10.98
2/14/12,11.0
2/15/12,11.0
2/16/12,10.98
2/17/12,10.97
2/18/12,10.97
2/19/12,10.97
2/20/12,10.97
2/21/12,10.96
2/22/12,10.97
2/23/12,10.97
2/24/12,10.96
2/25/12,10.96
2/26/12,10.96
2/27/12,10.96
2/28/12,10.97
2/29/12,10.96
3/1/12,10.96
3/2/12,10.97
3/3/12,10.97
3/4/12,10.97
3/5/12,10.98
3/6/12,10.98
3/7/12,10.98
3/8/12,10.97
3/9/12,10.97
3/10/12,10.97
3/11/12,10.97
3/12/12,10.98
3/13/12,10.97
3/14/12,10.94
3/15/12,10.95
3/16/12,10.96
3/17/12,10.96
3/18/12,10.96
3/19/12,10.94
3/20/12,10.94
3/21/12,10.96
3/22/12,10.97
3/23/12,10.97
3/24/12,10.97
3/25/12,10.97
3/26/12,10.98
3/27/12,10.98
3/28/12,10.98
3/29/12,10.99
3/30/12,10.98
3/31/12,10.98
4/1/12,10.98
4/2/12,10.99
4/3/12,10.97
4/4/12,10.98
4/5/12,11.0
4/6/12,11.0
4/7/12,11.0
4/8/12,11.0
4/9/12,11.05
4/10/12,11.04
4/11/12,11.03
4/12/12,11.02
4/13/12,11.03
4/14/12,11.03
4/15/12,11.03
4/16/12,11.03
4/17/12,11.02
4/18/12,11.03
4/19/12,11.04
4/20/12,11.02
4/21/12,11.02
4/22/12,11.02
4/23/12,11.03
4/24/12,11.02
4/25/12,11.02
4/26/12,11.02
4/27/12,11.02
4/28/12,11.02
4/29/12,11.02
4/30/12,11.03
5/1/12,11.03
5/2/12,11.04
5/3/12,11.05
5/4/12,11.05
5/5/12,11.05
5/6/12,11.05
5/7/12,11.06
5/8/12,11.05
5/9/12,11.04
5/10/12,11.03
5/11/12,11.04
5/12/12,11.04
5/13/12,11.04
5/14/12,11.04
5/15/12,11.04
5/16/12,11.05
5/17/12,11.06
5/18/12,11.05
5/19/12,11.05
5/20/12,11.05
5/21/12,11.05
5/22/12,11.05
5/23/12,11.05
5/24/12,11.05
5/25/12,11.05
5/26/12,11.05
5/27/12,11.05
5/28/12,11.05
5/29/12,11.05
5/30/12,11.07
5/31/12,11.06
6/1/12,11.06
6/2/12,11.06
6/3/12,11.06
6/4/12,11.05
6/5/12,11.04
6/6/12,11.04
6/7/12,11.06
6/8/12,11.06
6/9/12,11.06
6/10/12,11.06
6/11/12,11.06
6/12/12,11.06
6/13/12,11.07
6/14/12,11.06
6/15/12,11.05
6/16/12,11.05
6/17/12,11.05
6/18/12,11.05
6/19/12,11.05
6/20/12,11.03
6/21/12,11.05
6/22/12,11.04
6/23/12,11.04
6/24/12,11.04
6/25/12,11.05
6/26/12,11.04
6/27/12,11.04
6/28/12,11.06
6/29/12,11.05
6/30/12,11.05
7/1/12,11.05
7/2/12,11.07
7/3/12,11.06
7/4/12,11.06
7/5/12,11.07
7/6/12,11.08
7/7/12,11.08
7/8/12,11.08
7/9/12,11.09
7/10/12,11.09
7/11/12,11.09
7/12/12,11.1
7/13/12,11.1
7/14/12,11.1
7/15/12,11.1
7/16/12,11.11
7/17/12,11.1
7/18/12,11.11
7/19/12,11.11
7/20/12,11.12
7/21/12,11.12
7/22/12,11.12
7/23/12,11.13
7/24/12,11.13
7/25/12,11.13
7/26/12,11.13
7/27/12,11.11
7/28/12,11.11
7/29/12,11.11
7/30/12,11.12
7/31/12,11.13
8/1/12,11.13
8/2/12,11.13
8/3/12,11.13
8/4/12,11.13
8/5/12,11.13
8/6/12,11.14
8/7/12,11.12
8/8/12,11.11
8/9/12,11.11
8/10/12,11.11
8/11/12,11.11
8/12/12,11.11
8/13/12,11.1
8/14/12,11.09
8/15/12,11.07
8/16/12,11.06
8/17/12,11.06
8/18/12,11.06
8/19/12,11.06
8/20/12,11.06
8/21/12,11.06
8/22/12,11.11
8/23/12,11.13
8/24/12,11.12
8/25/12,11.12
8/26/12,11.12
8/27/12,11.13
8/28/12,11.13
8/29/12,11.12
8/30/12,11.13
8/31/12,11.14
9/1/12,11.14
9/2/12,11.14
9/3/12,11.15
9/4/12,11.15
9/5/12,11.15
9/6/12,11.14
9/7/12,11.14
9/8/12,11.14
9/9/12,11.14
9/10/12,11.13
9/11/12,11.12
9/12/12,11.1
9/13/12,11.14
9/14/12,11.12
9/15/12,11.12
9/16/12,11.12
9/17/12,11.12
9/18/12,11.11
9/19/12,11.12
9/20/12,11.13
9/21/12,11.14
9/22/12,11.14
9/23/12,11.14
9/24/12,11.16
9/25/12,11.17
9/26/12,11.17
9/27/12,11.15
9/28/12,11.15
9/29/12,11.15
9/30/12,11.15
10/1/12,11.15
10/2/12,11.14
10/3/12,11.14
10/4/12,11.12
10/5/12,11.11
10/6/12,11.11
10/7/12,11.11
10/8/12,11.11
10/9/12,11.08
10/10/12,11.09
10/11/12,11.09
10/12/12,11.09
10/13/12,11.09
10/14/12,11.09
10/15/12,11.08
10/16/12,11.08
10/17/12,11.07
10/18/12,11.05
10/19/12,11.07
10/20/12,11.07
10/21/12,11.07
10/22/12,11.07
10/23/12,11.07
10/24/12,11.07
10/25/12,11.06
10/26/12,11.07
10/27/12,11.07
10/28/12,11.07
10/29/12,11.08
10/30/12,11.08
10/31/12,11.08
11/1/12,11.07
11/2/12,11.08
11/3/12,11.08
11/4/12,11.08
11/5/12,11.09
11/6/12,11.07
11/7/12,11.06
11/8/12,11.05
11/9/12,11.04
11/10/12,11.04
11/11/12,11.04
11/12/12,11.03
11/13/12,11.01
11/14/12,11.0
11/15/12,11.02
11/16/12,11.03
11/17/12,11.03
11/18/12,11.03
11/19/12,11.04
11/20/12,11.04
11/21/12,11.04
11/22/12,11.04
11/23/12,11.04
11/24/12,11.04
11/25/12,11.04
11/26/12,11.05
11/27/12,11.05
11/28/12,11.05
11/29/12,11.05
11/30/12,11.06
12/1/12,11.06
12/2/12,11.06
12/3/12,11.06
12/4/12,11.08
12/5/12,11.07
12/6/12,11.06
12/7/12,11.06
12/8/12,11.06
12/9/12,11.06
12/10/12,11.07
12/11/12,11.05
12/12/12,11.05
12/13/12,11.04
12/14/12,11.04
12/15/12,11.04
12/16/12,11.04
12/17/12,11.04
12/18/12,11.03
12/19/12,11.04
12/20/12,11.04
12/21/12,11.05
12/22/12,11.05
12/23/12,11.05
12/24/12,11.05
12/25/12,11.05
12/26/12,11.05
12/27/12,11.06
12/28/12,11.06
12/29/12,11.06
12/30/12,11.06
12/31/12,11.06
1/1/13,11.06
1/2/13,11.06
1/3/13,11.06
1/4/13,11.05
1/5/13,11.05
1/6/13,11.05
1/7/13,11.06
1/8/13,11.05
1/9/13,11.04
1/10/13,11.02
1/11/13,11.03
1/12/13,11.03
1/13/13,11.03
1/14/13,11.03
1/15/13,11.03
1/16/13,11.03
1/17/13,11.02
1/18/13,11.02
1/19/13,11.02
1/20/13,11.02
1/21/13,11.02
1/22/13,11.03
1/23/13,11.03
1/24/13,11.03
1/25/13,11.01
1/26/13,11.01
1/27/13,11.01
1/28/13,11.01
1/29/13,11.01
1/30/13,11.01
1/31/13,11.02
2/1/13,11.02
2/2/13,11.02
2/3/13,11.02
2/4/13,11.03
2/5/13,11.03
2/6/13,11.03
2/7/13,11.02
2/8/13,11.01
2/9/13,11.01
2/10/13,11.01
2/11/13,11.0
2/12/13,10.99
2/13/13,11.0
2/14/13,11.0
2/15/13,11.01
2/16/13,11.01
2/17/13,11.01
2/18/13,11.02
2/19/13,11.02
2/20/13,11.02
2/21/13,11.01
2/22/13,11.01
2/23/13,11.01
2/24/13,11.01
2/25/13,11.03
2/26/13,11.03
2/27/13,11.04
2/28/13,11.04
3/1/13,11.04
3/2/13,11.04
3/3/13,11.04
3/4/13,11.04
3/5/13,11.04
3/6/13,11.03
3/7/13,11.02
3/8/13,11.0
3/9/13,11.0
3/10/13,11.0
3/11/13,10.99
3/12/13,11.0
3/13/13,11.01
3/14/13,11.01
3/15/13,11.02
3/16/13,11.02
3/17/13,11.02
3/18/13,11.02
3/19/13,11.03
3/20/13,11.02
3/21/13,11.02
3/22/13,11.02
3/23/13,11.02
3/24/13,11.02
3/25/13,11.03
3/26/13,11.03
3/27/13,11.05
3/28/13,11.04
3/29/13,11.04
3/30/13,11.04
3/31/13,11.04
4/1/13,11.06
4/2/13,11.05
4/3/13,11.06
4/4/13,11.08
4/5/13,11.09
4/6/13,11.09
4/7/13,11.09
4/8/13,11.07
4/9/13,11.06
4/10/13,11.05
4/11/13,11.05
4/12/13,11.06
4/13/13,11.06
4/14/13,11.06
4/15/13,11.07
4/16/13,11.07
4/17/13,11.07
4/18/13,11.07
4/19/13,11.08
4/20/13,11.08
4/21/13,11.08
4/22/13,11.08
4/23/13,11.08
4/24/13,11.08
4/25/13,11.08
4/26/13,11.09
4/27/13,11.09
4/28/13,11.09
4/29/13,11.09
4/30/13,11.09
5/1/13,11.08
5/2/13,11.08
5/3/13,11.06
5/4/13,11.06
5/5/13,11.06
5/6/13,11.06
5/7/13,11.06
5/8/13,11.05
5/9/13,11.04
5/10/13,11.01
5/11/13,11.01
5/12/13,11.01
5/13/13,11.01
5/14/13,11.0
5/15/13,10.99
5/16/13,11.01
5/17/13,10.97
5/18/13,10.97
5/19/13,10.97
5/20/13,10.96
5/21/13,10.96
5/22/13,10.95
5/23/13,10.95
5/24/13,10.96
5/25/13,10.96
5/26/13,10.96
5/27/13,10.96
5/28/13,10.92
5/29/13,10.92
5/30/13,10.91
5/31/13,10.9
6/1/13,10.9
6/2/13,10.9
6/3/13,10.9
6/4/13,10.87
6/5/13,10.88
6/6/13,10.9
6/7/13,10.89
6/8/13,10.89
6/9/13,10.89
6/10/13,10.88
6/11/13,10.88
6/12/13,10.85
6/13/13,10.88
6/14/13,10.9
6/15/13,10.9
6/16/13,10.9
6/17/13,10.89
6/18/13,10.9
6/19/13,10.87
6/20/13,10.81
6/21/13,10.76
6/22/13,10.76
6/23/13,10.76
6/24/13,10.72
6/25/13,10.71
6/26/13,10.74
6/27/13,10.79
6/28/13,10.8
6/29/13,10.8
6/30/13,10.8
7/1/13,10.83
7/2/13,10.83
7/3/13,10.8
7/4/13,10.8
7/5/13,10.68
7/6/13,10.68
7/7/13,10.68
7/8/13,10.73
7/9/13,10.75
7/10/13,10.7
7/11/13,10.73
7/12/13,10.73
7/13/13,10.73
7/14/13,10.73
7/15/13,10.76
7/16/13,10.76
7/17/13,10.77
7/18/13,10.76
7/19/13,10.79
7/20/13,10.79
7/21/13,10.79
7/22/13,10.79
7/23/13,10.79
7/24/13,10.76
7/25/13,10.77
7/26/13,10.78
7/27/13,10.78
7/28/13,10.78
7/29/13,10.77
7/30/13,10.75
7/31/13,10.75
8/1/13,10.74
8/2/13,10.79
8/3/13,10.79
8/4/13,10.79
8/5/13,10.79
8/6/13,10.79
8/7/13,10.8
8/8/13,10.79
8/9/13,10.8
8/10/13,10.8
8/11/13,10.8
8/12/13,10.79
8/13/13,10.75
8/14/13,10.75
8/15/13,10.73
8/16/13,10.7
8/17/13,10.7
8/18/13,10.7
8/19/13,10.67
8/20/13,10.69
8/21/13,10.68
8/22/13,10.66
8/23/13,10.71
8/24/13,10.71
8/25/13,10.71
8/26/13,10.73
8/27/13,10.76
8/28/13,10.72
8/29/13,10.74
8/30/13,10.74
8/31/13,10.74
9/1/13,10.74
9/2/13,10.74
9/3/13,10.72
9/4/13,10.7
9/5/13,10.65
9/6/13,10.68
9/7/13,10.68
9/8/13,10.68
9/9/13,10.73
9/10/13,10.7
9/11/13,10.73
9/12/13,10.73
9/13/13,10.74
9/14/13,10.74
9/15/13,10.74
9/16/13,10.75
9/17/13,10.75
9/18/13,10.83
9/19/13,10.82
9/20/13,10.82
9/21/13,10.82
9/22/13,10.82
9/23/13,10.83
9/24/13,10.86
9/25/13,10.87
9/26/13,10.87
9/27/13,10.87
9/28/13,10.87
9/29/13,10.87
9/30/13,10.87
10/1/13,10.87
10/2/13,10.88
10/3/13,10.89
10/4/13,10.88
10/5/13,10.88
10/6/13,10.88
10/7/13,10.88
10/8/13,10.88
10/9/13,10.87
10/10/13,10.86
10/11/13,10.87
10/12/13,10.87
10/13/13,10.87
10/14/13,10.87
10/15/13,10.86
10/16/13,10.88
10/17/13,10.91
10/18/13,10.91
10/19/13,10.91
10/20/13,10.91
10/21/13,10.91
10/22/13,10.93
10/23/13,10.93
10/24/13,10.92
10/25/13,10.92
10/26/13,10.92
10/27/13,10.92
10/28/13,10.92
10/29/13,10.92
10/30/13,10.91
10/31/13,10.91
11/1/13,10.92
11/2/13,10.92
11/3/13,10.92
11/4/13,10.93
11/5/13,10.91
11/6/13,10.92
11/7/13,10.93
11/8/13,10.87
11/9/13,10.87
11/10/13,10.87
11/11/13,10.86
11/12/13,10.86
11/13/13,10.89
11/14/13,10.91
11/15/13,10.92
11/16/13,10.92
11/17/13,10.92
11/18/13,10.93
11/19/13,10.93
11/20/13,10.91
11/21/13,10.9
11/22/13,10.9
11/23/13,10.9
11/24/13,10.9
11/25/13,10.9
11/26/13,10.9
11/27/13,10.88
11/28/13,10.88
11/29/13,10.88
11/30/13,10.88
12/1/13,10.88
12/2/13,10.87
12/3/13,10.87
12/4/13,10.84
12/5/13,10.84
12/6/13,10.86
12/7/13,10.86
12/8/13,10.86
12/9/13,10.86
12/10/13,10.87
12/11/13,10.86
12/12/13,10.84
12/13/13,10.84
12/14/13,10.84
12/15/13,10.84
12/16/13,10.85
12/17/13,10.86
12/18/13,10.85
12/19/13,10.84
12/20/13,10.85
12/21/13,10.85
12/22/13,10.85
12/23/13,10.83
12/24/13,10.81
12/25/13,10.81
12/26/13,10.81
12/27/13,10.82
12/28/13,10.82
12/29/13,10.82
12/30/13,10.84
12/31/13,10.83
1/1/14,10.83
1/2/14,10.85
1/3/14,10.85
1/4/14,10.85
1/5/14,10.85
1/6/14,10.87
1/7/14,10.88
1/8/14,10.86
1/9/14,10.87
1/10/14,10.91
1/11/14,10.91
1/12/14,10.91
1/13/14,10.92
1/14/14,10.89
1/15/14,10.88
1/16/14,10.9
1/17/14,10.91
1/18/14,10.91
1/19/14,10.91
1/20/14,10.91
1/21/14,10.92
1/22/14,10.91
1/23/14,10.93
1/24/14,10.96
1/25/14,10.96
1/26/14,10.96
1/27/14,10.96
1/28/14,10.97
1/29/14,10.99
1/30/14,10.99
1/31/14,11.0
2/1/14,11.0
2/2/14,11.0
2/3/14,11.03
2/4/14,11.01
2/5/14,11.0
2/6/14,11.0
2/7/14,11.02
2/8/14,11.02
2/9/14,11.02
2/10/14,11.02
2/11/14,10.99
2/12/14,10.98
2/13/14,10.99
2/14/14,10.98
2/15/14,10.98
2/16/14,10.98
2/17/14,10.98
2/18/14,10.98
2/19/14,10.98
2/20/14,10.97
2/21/14,10.97
2/22/14,10.97
2/23/14,10.97
2/24/14,10.98
2/25/14,11.0
2/26/14,11.01
2/27/14,11.03
2/28/14,11.03
3/1/14,11.03
3/2/14,11.03
3/3/14,11.05
3/4/14,11.01
3/5/14,11.02
3/6/14,11.01
3/7/14,10.99
3/8/14,10.99
3/9/14,10.99
3/10/14,11.0
3/11/14,11.0
3/12/14,11.01
3/13/14,11.03
3/14/14,11.03
3/15/14,11.03
3/16/14,11.03
3/17/14,11.0
3/18/14,11.01
3/19/14,10.98
3/20/14,10.96
3/21/14,10.96
3/22/14,10.96
3/23/14,10.96
3/24/14,10.97
3/25/14,10.96
3/26/14,10.98
3/27/14,10.99
3/28/14,10.98
3/29/14,10.98
3/30/14,10.98
3/31/14,10.97
4/1/14,10.97
4/2/14,10.96
4/3/14,10.97
4/4/14,11.0
4/5/14,11.0
4/6/14,11.0
4/7/14,11.01
4/8/14,11.01
4/9/14,11.0
4/10/14,11.02
4/11/14,11.02
4/12/14,11.02
4/13/14,11.02
4/14/14,11.01
4/15/14,11.01
4/16/14,11.0
4/17/14,10.97
4/18/14,10.97
4/19/14,10.97
4/20/14,10.97
4/21/14,10.98
4/22/14,10.98
4/23/14,11.0
4/24/14,11.0
4/25/14,11.01
4/26/14,11.01
4/27/14,11.01
4/28/14,11.01
4/29/14,11.01
4/30/14,11.03
5/1/14,11.06
5/2/14,11.06
5/3/14,11.06
5/4/14,11.06
5/5/14,11.06
5/6/14,11.07
5/7/14,11.08
5/8/14,11.07
5/9/14,11.06
5/10/14,11.06
5/11/14,11.06
5/12/14,11.04
5/13/14,11.05
5/14/14,11.07
5/15/14,11.07
5/16/14,11.06
5/17/14,11.06
5/18/14,11.06
5/19/14,11.06
5/20/14,11.08
5/21/14,11.08
5/22/14,11.09
5/23/14,11.09
5/24/14,11.09
5/25/14,11.09
5/26/14,11.09
5/27/14,11.09
5/28/14,11.11
5/29/14,11.1
5/30/14,11.09
5/31/14,11.09
6/1/14,11.09
6/2/14,11.09
6/3/14,11.08
6/4/14,11.08
6/5/14,11.1
6/6/14,11.09
6/7/14,11.09
6/8/14,11.09
6/9/14,11.08
6/10/14,11.06
6/11/14,11.07
6/12/14,11.08
6/13/14,11.07
6/14/14,11.07
6/15/14,11.07
6/16/14,11.09
6/17/14,11.06
6/18/14,11.07
6/19/14,11.09
6/20/14,11.09
6/21/14,11.09
6/22/14,11.09
6/23/14,11.09
6/24/14,11.09
6/25/14,11.09
6/26/14,11.1
6/27/14,11.1
6/28/14,11.1
6/29/14,11.1
6/30/14,11.11
7/1/14,11.11
7/2/14,11.1
7/3/14,11.09
7/4/14,11.09
7/5/14,11.09
7/6/14,11.09
7/7/14,11.09
7/8/14,11.09
7/9/14,11.09
7/10/14,11.09
7/11/14,11.09
7/12/14,11.09
7/13/14,11.09
7/14/14,11.08
7/15/14,11.07
7/16/14,11.07
7/17/14,11.09
7/18/14,11.08
7/19/14,11.08
7/20/14,11.08
7/21/14,11.09
7/22/14,11.09
7/23/14,11.08
7/24/14,11.06
7/25/14,11.07
7/26/14,11.07
7/27/14,11.07
7/28/14,11.07
7/29/14,11.08
7/30/14,11.05
7/31/14,11.05
8/1/14,11.09
8/2/14,11.09
8/3/14,11.09
8/4/14,11.1
8/5/14,11.1
8/6/14,11.09
8/7/14,11.11
8/8/14,11.1
8/9/14,11.1
8/10/14,11.1
8/11/14,11.09
8/12/14,11.09
8/13/14,11.11
8/14/14,11.11
8/15/14,11.11
8/16/14,11.11
8/17/14,11.11
8/18/14,11.1
8/19/14,11.09
8/20/14,11.1
8/21/14,11.11
8/22/14,11.11
8/23/14,11.11
8/24/14,11.11
8/25/14,11.11
8/26/14,11.11
8/27/14,11.11
8/28/14,11.11
8/29/14,11.12
8/30/14,11.12
8/31/14,11.12
9/1/14,11.12
9/2/14,11.12
9/3/14,11.13
9/4/14,11.13
9/5/14,11.13
9/6/14,11.13
9/7/14,11.13
9/8/14,11.13
9/9/14,11.12
9/10/14,11.1
9/11/14,11.1
9/12/14,11.08
9/13/14,11.08
9/14/14,11.08
9/15/14,11.09
9/16/14,11.09
9/17/14,11.09
9/18/14,11.09
9/19/14,11.1
9/20/14,11.1
9/21/14,11.1
9/22/14,11.11
9/23/14,11.11
9/24/14,11.11
9/25/14,11.12
9/26/14,11.12
9/27/14,11.12
9/28/14,11.12
9/29/14,11.15
9/30/14,11.14
10/1/14,11.19
10/2/14,11.18
10/3/14,11.17
10/4/14,11.17
10/5/14,11.17
10/6/14,11.18
10/7/14,11.19
10/8/14,11.19
10/9/14,11.17
10/10/14,11.17
10/11/14,11.17
10/12/14,11.17
10/13/14,11.18
10/14/14,11.19
10/15/14,11.2
10/16/14,11.19
10/17/14,11.2
10/18/14,11.2
10/19/14,11.2
10/20/14,11.21
10/21/14,11.2
10/22/14,11.21
10/23/14,11.19
10/24/14,11.2
10/25/14,11.2
10/26/14,11.2
10/27/14,11.21
10/28/14,11.2
10/29/14,11.19
10/30/14,11.19
10/31/14,11.2
11/1/14,11.2
11/2/14,11.2
11/3/14,11.2
11/4/14,11.2
11/5/14,11.21
11/6/14,11.2
11/7/14,11.21
11/8/14,11.21
11/9/14,11.21
11/10/14,11.19
11/11/14,11.19
11/12/14,11.19
11/13/14,11.2
11/14/14,11.21
11/15/14,11.21
11/16/14,11.21
11/17/14,11.2
11/18/14,11.21
11/19/14,11.2
11/20/14,11.22
11/21/14,11.22
11/22/14,11.22
11/23/14,11.22
11/24/14,11.23
11/25/14,11.24
11/26/14,11.23
11/27/14,11.23
11/28/14,11.24
11/29/14,11.24
11/30/14,11.24
12/1/14,11.26
12/2/14,11.24
12/3/14,11.24
12/4/14,11.24
12/5/14,11.23
12/6/14,11.23
12/7/14,11.23
12/8/14,11.23
12/9/14,11.22
12/10/14,11.23
12/11/14,11.22
12/12/14,11.23
12/13/14,11.23
12/14/14,11.23
12/15/14,11.22
12/16/14,11.22
12/17/14,11.23
12/18/14,11.23
12/19/14,11.23
12/20/14,11.23
12/21/14,11.23
12/22/14,11.23
12/23/14,11.22
12/24/14,11.23
12/25/14,11.23
12/26/14,11.23
12/27/14,11.23
12/28/14,11.23
12/29/14,11.24
12/30/14,11.24
12/31/14,11.24
1/1/15,11.24
1/2/15,11.26
1/3/15,11.26
1/4/15,11.26
1/5/15,11.27
1/6/15,11.28
1/7/15,11.26
1/8/15,11.24
1/9/15,11.25
1/10/15,11.25
1/11/15,11.25
1/12/15,11.24
1/13/15,11.23
1/14/15,11.24
1/15/15,11.24
1/16/15,11.22
1/17/15,11.22
1/18/15,11.22
1/19/15,11.23
1/20/15,11.22
1/21/15,11.22
1/22/15,11.23
1/23/15,11.26
1/24/15,11.26
1/25/15,11.26
1/26/15,11.25
1/27/15,11.26
1/28/15,11.27
1/29/15,11.26
1/30/15,11.28
1/31/15,11.28
2/1/15,11.28
2/2/15,11.29
2/3/15,11.29
2/4/15,11.28
2/5/15,11.29
2/6/15,11.28
2/7/15,11.28
2/8/15,11.28
2/9/15,11.29
2/10/15,11.27
2/11/15,11.27
2/12/15,11.28
2/13/15,11.29
2/14/15,11.29
2/15/15,11.29
2/16/15,11.3
2/17/15,11.26
2/18/15,11.27
2/19/15,11.26
2/20/15,11.26
2/21/15,11.26
2/22/15,11.26
2/23/15,11.26
2/24/15,11.28
2/25/15,11.28
2/26/15,11.27
2/27/15,11.29
2/28/15,11.29
3/1/15,11.29
3/2/15,11.29
3/3/15,11.28
3/4/15,11.29
3/5/15,11.3
3/6/15,11.27
3/7/15,11.27
3/8/15,11.27
3/9/15,11.28
3/10/15,11.29
3/11/15,11.3
3/12/15,11.29
3/13/15,11.28
3/14/15,11.28
3/15/15,11.28
3/16/15,11.29
3/17/15,11.29
3/18/15,11.31
3/19/15,11.3
3/20/15,11.3
3/21/15,11.3
3/22/15,11.3
3/23/15,11.31
3/24/15,11.32
3/25/15,11.31
3/26/15,11.3
3/27/15,11.31
3/28/15,11.31
3/29/15,11.31
3/30/15,11.31
3/31/15,11.32
4/1/15,11.35
4/2/15,11.34
4/3/15,11.34
4/4/15,11.34
4/5/15,11.34
4/6/15,11.36
4/7/15,11.35
4/8/15,11.35
4/9/15,11.33
4/10/15,11.32
4/11/15,11.32
4/12/15,11.32
4/13/15,11.34
4/14/15,11.35
4/15/15,11.34
4/16/15,11.34
4/17/15,11.34
4/18/15,11.34
4/19/15,11.34
4/20/15,11.33
4/21/15,11.34
4/22/15,11.34
4/23/15,11.33
4/24/15,11.34
4/25/15,11.34
4/26/15,11.34
4/27/15,11.34
4/28/15,11.32
4/29/15,11.32
4/30/15,11.32
5/1/15,11.32
5/2/15,11.32
5/3/15,11.32
5/4/15,11.32
5/5/15,11.31
5/6/15,11.3
5/7/15,11.32
5/8/15,11.33
5/9/15,11.33
5/10/15,11.33
5/11/15,11.28
5/12/15,11.28
5/13/15,11.28
5/14/15,11.29
5/15/15,11.29
5/16/15,11.29
5/17/15,11.29
5/18/15,11.28
5/19/15,11.27
5/20/15,11.28
5/21/15,11.29
5/22/15,11.29
5/23/15,11.29
5/24/15,11.29
5/25/15,11.29
5/26/15,11.3
5/27/15,11.3
5/28/15,11.3
5/29/15,11.3
5/30/15,11.3
5/31/15,11.3
6/1/15,11.31
6/2/15,11.29
6/3/15,11.26
6/4/15,11.27
6/5/15,11.25
6/6/15,11.25
6/7/15,11.25
6/8/15,11.25
6/9/15,11.23
6/10/15,11.21
6/11/15,11.23
6/12/15,11.22
6/13/15,11.22
6/14/15,11.22
6/15/15,11.21
6/16/15,11.23
6/17/15,11.24
6/18/15,11.24
6/19/15,11.25
6/20/15,11.25
6/21/15,11.25
6/22/15,11.22
6/23/15,11.22
6/24/15,11.22
6/25/15,11.21
6/26/15,11.2
6/27/15,11.2
6/28/15,11.2
6/29/15,11.23
6/30/15,11.23
7/1/15,11.22
7/2/15,11.24
7/3/15,11.24
7/4/15,11.24
7/5/15,11.24
7/6/15,11.26
7/7/15,11.26
7/8/15,11.27
7/9/15,11.23
7/10/15,11.2
7/11/15,11.2
7/12/15,11.2
7/13/15,11.2
7/14/15,11.21
7/15/15,11.22
7/16/15,11.23
7/17/15,11.23
7/18/15,11.23
7/19/15,11.23
7/20/15,11.23
7/21/15,11.23
7/22/15,11.24
7/23/15,11.24
7/24/15,11.24
7/25/15,11.24
7/26/15,11.24
7/27/15,11.25
7/28/15,11.24
7/29/15,11.23
7/30/15,11.24
7/31/15,11.26
8/1/15,11.26
8/2/15,11.26
8/3/15,11.27
8/4/15,11.25
8/5/15,11.24
8/6/15,11.25
8/7/15,11.25
8/8/15,11.25
8/9/15,11.25
8/10/15,11.23
8/11/15,11.26
8/12/15,11.25
8/13/15,11.24
8/14/15,11.22
8/15/15,11.22
8/16/15,11.22
8/17/15,11.22
8/18/15,11.23
8/19/15,11.25
8/20/15,11.25
8/21/15,11.26
8/22/15,11.26
8/23/15,11.26
8/24/15,11.26
8/25/15,11.25
8/26/15,11.24
8/27/15,11.24
8/28/15,11.23
8/29/15,11.23
8/30/15,11.23
8/31/15,11.23
9/1/15,11.25
9/2/15,11.24
9/3/15,11.26
9/4/15,11.26
9/5/15,11.26
9/6/15,11.26
9/7/15,11.26
9/8/15,11.25
9/9/15,11.25
9/10/15,11.24
9/11/15,11.24
9/12/15,11.24
9/13/15,11.24
9/14/15,11.24
9/15/15,11.22
9/16/15,11.22
9/17/15,11.26
9/18/15,11.28
9/19/15,11.28
9/20/15,11.28
9/21/15,11.25
9/22/15,11.27
9/23/15,11.26
9/24/15,11.25
9/25/15,11.24
9/26/15,11.24
9/27/15,11.24
9/28/15,11.25
9/29/15,11.27
9/30/15,11.27
10/1/15,11.29
10/2/15,11.31
10/3/15,11.31
10/4/15,11.31
10/5/15,11.3
10/6/15,11.3
10/7/15,11.29
10/8/15,11.28
10/9/15,11.27
10/10/15,11.27
10/11/15,11.27
10/12/15,11.27
10/13/15,11.28
10/14/15,11.3
10/15/15,11.29
10/16/15,11.29
10/17/15,11.29
10/18/15,11.29
10/19/15,11.3
10/20/15,11.29
10/21/15,11.29
10/22/15,11.3
10/23/15,11.29
10/24/15,11.29
10/25/15,11.29
10/26/15,11.3
10/27/15,11.3
10/28/15,11.28
10/29/15,11.26
10/30/15,11.28
10/31/15,11.28
11/1/15,11.28
11/2/15,11.29
11/3/15,11.28
11/4/15,11.27
11/5/15,11.27
11/6/15,11.26
11/7/15,11.26
11/8/15,11.26
11/9/15,11.25
11/10/15,11.24
11/11/15,11.24
11/12/15,11.24
11/13/15,11.25
11/14/15,11.25
11/15/15,11.25
11/16/15,11.26
11/17/15,11.26
11/18/15,11.26
11/19/15,11.26
11/20/15,11.25
11/21/15,11.25
11/22/15,11.25
11/23/15,11.24
11/24/15,11.24
11/25/15,11.25
11/26/15,11.24
11/27/15,11.24
11/28/15,11.24
11/29/15,11.24
11/30/15,11.26
12/1/15,11.29
12/2/15,11.27
12/3/15,11.24
12/4/15,11.26
12/5/15,11.26
12/6/15,11.26
12/7/15,11.28
12/8/15,11.27
12/9/15,11.27
12/10/15,11.26
12/11/15,11.28
12/12/15,11.28
12/13/15,11.28
12/14/15,11.25
12/15/15,11.24
12/16/15,11.24
12/17/15,11.25
12/18/15,11.27
12/19/15,11.27
12/20/15,11.27
12/21/15,11.26
12/22/15,11.25
12/23/15,11.24
12/24/15,11.24
12/25/15,11.24
12/26/15,11.24
12/27/15,11.24
12/28/15,11.24
12/29/15,11.23
12/30/15,11.23
12/31/15,11.24
1/1/16,11.24
1/2/16,11.24
1/3/16,11.24
1/4/16,11.27
1/5/16,11.27
1/6/16,11.28
1/7/16,11.3
1/8/16,11.32
1/9/16,11.32
1/10/16,11.32
1/11/16,11.3
1/12/16,11.3
1/13/16,11.3
1/14/16,11.33
1/15/16,11.36
1/16/16,11.36
1/17/16,11.36
1/18/16,11.37
1/19/16,11.39
1/20/16,11.4
1/21/16,11.4
1/22/16,11.36
1/23/16,11.36
1/24/16,11.36
1/25/16,11.37
1/26/16,11.37
1/27/16,11.38
1/28/16,11.38
1/29/16,11.37
1/30/16,11.37
1/31/16,11.37
2/1/16,11.37
2/2/16,11.42
2/3/16,11.41
2/4/16,11.4
2/5/16,11.39
2/6/16,11.39
2/7/16,11.39
2/8/16,11.4
2/9/16,11.4
2/10/16,11.4
2/11/16,11.4
2/12/16,11.38
2/13/16,11.38
2/14/16,11.38
2/15/16,11.38
2/16/16,11.39
2/17/16,11.38
2/18/16,11.4
2/19/16,11.38
2/20/16,11.38
2/21/16,11.38
2/22/16,11.38
2/23/16,11.38
2/24/16,11.38
2/25/16,11.38
2/26/16,11.38
2/27/16,11.38
2/28/16,11.38
2/29/16,11.4
3/1/16,11.39
3/2/16,11.39
3/3/16,11.39
3/4/16,11.38
3/5/16,11.38
3/6/16,11.38
3/7/16,11.37
3/8/16,11.38
3/9/16,11.35
3/10/16,11.35
3/11/16,11.34
3/12/16,11.34
3/13/16,11.34
3/14/16,11.35
3/15/16,11.34
3/16/16,11.36
3/17/16,11.36
3/18/16,11.37
3/19/16,11.37
3/20/16,11.37
3/21/16,11.35
3/22/16,11.34
3/23/16,11.35
3/24/16,11.35
3/25/16,11.35
3/26/16,11.35
3/27/16,11.35
3/28/16,11.34
3/29/16,11.36
3/30/16,11.36
3/31/16,11.38
4/1/16,11.39
4/2/16,11.39
4/3/16,11.39
4/4/16,11.39
4/5/16,11.39
4/6/16,11.38
4/7/16,11.39
4/8/16,11.39
4/9/16,11.39
4/10/16,11.39
4/11/16,11.38
4/12/16,11.37
4/13/16,11.37
4/14/16,11.37
4/15/16,11.37
4/16/16,11.37
4/17/16,11.37
4/18/16,11.38
4/19/16,11.38
4/20/16,11.37
4/21/16,11.37
4/22/16,11.36
4/23/16,11.36
4/24/16,11.36
4/25/16,11.36
4/26/16,11.35
4/27/16,11.36
4/28/16,11.37
4/29/16,11.37
4/30/16,11.37
5/1/16,11.37
5/2/16,11.39
5/3/16,11.41
5/4/16,11.4
5/5/16,11.41
5/6/16,11.41
5/7/16,11.41
5/8/16,11.41
5/9/16,11.41
5/10/16,11.41
5/11/16,11.41
5/12/16,11.41
5/13/16,11.42
5/14/16,11.42
5/15/16,11.42
5/16/16,11.41
5/17/16,11.4
5/18/16,11.39
5/19/16,11.41
5/20/16,11.41
5/21/16,11.41
5/22/16,11.41
5/23/16,11.41
5/24/16,11.41
5/25/16,11.4
5/26/16,11.41
5/27/16,11.4
5/28/16,11.4
5/29/16,11.4
5/30/16,11.41
5/31/16,11.41
6/1/16,11.42
6/2/16,11.43
6/3/16,11.44
6/4/16,11.44
6/5/16,11.44
6/6/16,11.44
6/7/16,11.43
6/8/16,11.42
6/9/16,11.41
6/10/16,11.41
6/11/16,11.41
6/12/16,11.41
6/13/16,11.42
6/14/16,11.41
6/15/16,11.42
6/16/16,11.42
6/17/16,11.42
6/18/16,11.42
6/19/16,11.42
6/20/16,11.42
6/21/16,11.42
6/22/16,11.43
6/23/16,11.42
6/24/16,11.45
6/25/16,11.45
6/26/16,11.45
6/27/16,11.46
6/28/16,11.45
6/29/16,11.45
6/30/16,11.45
7/1/16,11.47
7/2/16,11.47
7/3/16,11.47
7/4/16,11.47
7/5/16,11.47
7/6/16,11.47
7/7/16,11.47
7/8/16,11.46
7/9/16,11.46
7/10/16,11.46
7/11/16,11.45
7/12/16,11.44
7/13/16,11.44
7/14/16,11.44
7/15/16,11.43
7/16/16,11.43
7/17/16,11.43
7/18/16,11.44
7/19/16,11.44
7/20/16,11.44
7/21/16,11.44
7/22/16,11.44
7/23/16,11.44
7/24/16,11.44
7/25/16,11.42
7/26/16,11.42
7/27/16,11.43
7/28/16,11.43
7/29/16,11.44
7/30/16,11.44
7/31/16,11.44
8/1/16,11.45
8/2/16,11.44
8/3/16,11.44
8/4/16,11.45
8/5/16,11.44
8/6/16,11.44
8/7/16,11.44
8/8/16,11.44
8/9/16,11.44
8/10/16,11.44
8/11/16,11.43
8/12/16,11.44
8/13/16,11.44
8/14/16,11.44
8/15/16,11.43
8/16/16,11.44
8/17/16,11.45
8/18/16,11.45
8/19/16,11.44
8/20/16,11.44
8/21/16,11.44
8/22/16,11.45
8/23/16,11.45
8/24/16,11.45
8/25/16,11.45
8/26/16,11.44
8/27/16,11.44
8/28/16,11.44
8/29/16,11.45
8/30/16,11.45
8/31/16,11.45
9/1/16,11.46
9/2/16,11.46
9/3/16,11.46
9/4/16,11.46
9/5/16,11.46
9/6/16,11.47
9/7/16,11.48
9/8/16,11.47
9/9/16,11.46
9/10/16,11.46
9/11/16,11.46
9/12/16,11.46
9/13/16,11.46
9/14/16,11.46
9/15/16,11.46
9/16/16,11.46
9/17/16,11.46
9/18/16,11.46
9/19/16,11.46
9/20/16,11.46
9/21/16,11.46
9/22/16,11.46
9/23/16,11.46
9/24/16,11.46
9/25/16,11.46
9/26/16,11.48
9/27/16,11.48
9/28/16,11.47
9/29/16,11.47
9/30/16,11.47
10/1/16,11.47
10/2/16,11.47
10/3/16,11.48
10/4/16,11.48
10/5/16,11.48
10/6/16,11.48
10/7/16,11.48
10/8/16,11.48
10/9/16,11.48
10/10/16,11.46
10/11/16,11.45
10/12/16,11.45
10/13/16,11.45
10/14/16,11.44
10/15/16,11.44
10/16/16,11.44
10/17/16,11.45
10/18/16,11.46
10/19/16,11.46
10/20/16,11.47
10/21/16,11.47
10/22/16,11.47
10/23/16,11.47
10/24/16,11.46
10/25/16,11.46
10/26/16,11.45
10/27/16,11.44
10/28/16,11.45
10/29/16,11.45
10/30/16,11.45
10/31/16,11.45
11/1/16,11.46
11/2/16,11.46
11/3/16,11.46
11/4/16,11.47
11/5/16,11.47
11/6/16,11.47
11/7/16,11.47
11/8/16,11.45
11/9/16,11.41
11/10/16,11.39
11/11/16,11.39
11/12/16,11.39
11/13/16,11.39
11/14/16,11.35
11/15/16,11.37
11/16/16,11.37
11/17/16,11.35
11/18/16,11.32
11/19/16,11.32
11/20/16,11.32
11/21/16,11.31
11/22/16,11.32
11/23/16,11.3
11/24/16,11.3
11/25/16,11.29
11/26/16,11.29
11/27/16,11.29
11/28/16,11.32
11/29/16,11.33
11/30/16,11.3
12/1/16,11.3
12/2/16,11.32
12/3/16,11.32
12/4/16,11.32
12/5/16,11.31
12/6/16,11.32
12/7/16,11.33
12/8/16,11.32
12/9/16,11.3
12/10/16,11.3
12/11/16,11.3
12/12/16,11.31
12/13/16,11.31
12/14/16,11.25
12/15/16,11.22
12/16/16,11.22
12/17/16,11.22
12/18/16,11.22
12/19/16,11.25
12/20/16,11.24
12/21/16,11.25
12/22/16,11.24
12/23/16,11.24
12/24/16,11.24
12/25/16,11.24
12/26/16,11.24
12/27/16,11.23
12/28/16,11.24
12/29/16,11.27
12/30/16,11.28
12/31/16,11.28
1/1/17,11.28
1/2/17,11.28
1/3/17,11.29
1/4/17,11.29
1/5/17,11.31
1/6/17,11.29
1/7/17,11.29
1/8/17,11.29
1/9/17,11.28
1/10/17,11.27
1/11/17,11.27
1/12/17,11.28
1/13/17,11.25
1/14/17,11.25
1/15/17,11.25
1/16/17,11.26
1/17/17,11.28
1/18/17,11.25
1/19/17,11.24
1/20/17,11.26
1/21/17,11.26
1/22/17,11.26
1/23/17,11.28
1/24/17,11.26
1/25/17,11.25
1/26/17,11.25
1/27/17,11.26
1/28/17,11.26
1/29/17,11.26
1/30/17,11.26
1/31/17,11.27
2/1/17,11.27
2/2/17,11.27
2/3/17,11.27
2/4/17,11.27
2/5/17,11.27
2/6/17,11.29
2/7/17,11.3
2/8/17,11.32
2/9/17,11.29
2/10/17,11.29
2/11/17,11.29
2/12/17,11.29
2/13/17,11.29
2/14/17,11.28
2/15/17,11.27
2/16/17,11.29
2/17/17,11.3
2/18/17,11.3
2/19/17,11.3
2/20/17,11.3
2/21/17,11.3
2/22/17,11.3
2/23/17,11.31
2/24/17,11.34
2/25/17,11.34
2/26/17,11.34
2/27/17,11.32
2/28/17,11.32
3/1/17,11.29
3/2/17,11.27
3/3/17,11.27
3/4/17,11.27
3/5/17,11.27
3/6/17,11.28
3/7/17,11.27
3/8/17,11.24
3/9/17,11.21
3/10/17,11.21
3/11/17,11.21
3/12/17,11.21
3/13/17,11.19
3/14/17,11.19
3/15/17,11.25
3/16/17,11.24
3/17/17,11.25
3/18/17,11.25
3/19/17,11.25
3/20/17,11.26
3/21/17,11.28
3/22/17,11.29
3/23/17,11.28
3/24/17,11.29
3/25/17,11.29
3/26/17,11.29
3/27/17,11.3
3/28/17,11.28
3/29/17,11.3
3/30/17,11.29
3/31/17,11.31
4/1/17,11.31
4/2/17,11.31
4/3/17,11.34
4/4/17,11.33
4/5/17,11.34
4/6/17,11.34
4/7/17,11.32
4/8/17,11.32
4/9/17,11.32
4/10/17,11.32
4/11/17,11.34
4/12/17,11.35
4/13/17,11.36
4/14/17,11.36
4/15/17,11.36
4/16/17,11.36
4/17/17,11.36
4/18/17,11.38
4/19/17,11.36
4/20/17,11.35
4/21/17,11.36
4/22/17,11.36
4/23/17,11.36
4/24/17,11.35
4/25/17,11.32
4/26/17,11.33
4/27/17,11.34
4/28/17,11.35
4/29/17,11.35
4/30/17,11.35
5/1/17,11.35
5/2/17,11.37
5/3/17,11.36
5/4/17,11.36
5/5/17,11.37
5/6/17,11.37
5/7/17,11.37
5/8/17,11.36
5/9/17,11.35
5/10/17,11.34
5/11/17,11.34
5/12/17,11.38
5/13/17,11.38
5/14/17,11.38
5/15/17,11.37
5/16/17,11.37
5/17/17,11.4
5/18/17,11.39
5/19/17,11.39
5/20/17,11.39
5/21/17,11.39
5/22/17,11.39
5/23/17,11.39
5/24/17,11.4
5/25/17,11.4
5/26/17,11.4
5/27/17,11.4
5/28/17,11.4
5/29/17,11.41
5/30/17,11.41
5/31/17,11.41
6/1/17,11.41
6/2/17,11.42
6/3/17,11.42
6/4/17,11.42
6/5/17,11.42
6/6/17,11.43
6/7/17,11.43
6/8/17,11.43
6/9/17,11.4
6/10/17,11.4
6/11/17,11.4
6/12/17,11.4
6/13/17,11.4
6/14/17,11.41
6/15/17,11.4
6/16/17,11.39
6/17/17,11.39
6/18/17,11.39
6/19/17,11.39
6/20/17,11.39
6/21/17,11.39
6/22/17,11.39
6/23/17,11.39
6/24/17,11.39
6/25/17,11.39
6/26/17,11.39
6/27/17,11.38
6/28/17,11.39
6/29/17,11.38
6/30/17,11.37
7/1/17,11.37
7/2/17,11.37
7/3/17,11.38
7/4/17,11.37
7/5/17,11.38
7/6/17,11.38
7/7/17,11.37
7/8/17,11.37
7/9/17,11.37
7/10/17,11.38
7/11/17,11.38
7/12/17,11.39
7/13/17,11.38
7/14/17,11.38
7/15/17,11.38
7/16/17,11.38
7/17/17,11.38
7/18/17,11.4
7/19/17,11.4
7/20/17,11.39
7/21/17,11.4
7/22/17,11.4
7/23/17,11.4
7/24/17,11.4
7/25/17,11.39
7/26/17,11.4
7/27/17,11.39
7/28/17,11.4
7/29/17,11.4
7/30/17,11.4
7/31/17,11.41
8/1/17,11.43
8/2/17,11.43
8/3/17,11.44
8/4/17,11.43
8/5/17,11.43
8/6/17,11.43
8/7/17,11.43
8/8/17,11.43
8/9/17,11.42
8/10/17,11.42
8/11/17,11.43
8/12/17,11.43
8/13/17,11.43
8/14/17,11.43
8/15/17,11.43
8/16/17,11.43
8/17/17,11.44
8/18/17,11.44
8/19/17,11.44
8/20/17,11.44
8/21/17,11.44
8/22/17,11.43
8/23/17,11.44
8/24/17,11.44
8/25/17,11.43
8/26/17,11.43
8/27/17,11.43
8/28/17,11.44
8/29/17,11.45
8/30/17,11.45
8/31/17,11.46
9/1/17,11.47
9/2/17,11.47
9/3/17,11.47
9/4/17,11.47
9/5/17,11.48
9/6/17,11.48
9/7/17,11.48
9/8/17,11.47
9/9/17,11.47
9/10/17,11.47
9/11/17,11.45
9/12/17,11.44
9/13/17,11.44
9/14/17,11.45
9/15/17,11.45
9/16/17,11.45
9/17/17,11.45
9/18/17,11.45
9/19/17,11.43
9/20/17,11.41
9/21/17,11.41
9/22/17,11.43
9/23/17,11.43
9/24/17,11.43
9/25/17,11.44
9/26/17,11.45
9/27/17,11.43
9/28/17,11.44
9/29/17,11.44
9/30/17,11.44
10/1/17,11.44
10/2/17,11.45
10/3/17,11.45
10/4/17,11.45
10/5/17,11.44
10/6/17,11.43
10/7/17,11.43
10/8/17,11.43
10/9/17,11.43
10/10/17,11.41
10/11/17,11.43
10/12/17,11.43
10/13/17,11.44
10/14/17,11.44
10/15/17,11.44
10/16/17,11.44
10/17/17,11.43
10/18/17,11.41
10/19/17,11.4
10/20/17,11.39
10/21/17,11.39
10/22/17,11.39
10/23/17,11.4
10/24/17,11.39
10/25/17,11.39
10/26/17,11.37
10/27/17,11.39
10/28/17,11.39
10/29/17,11.39
10/30/17,11.4
10/31/17,11.4
11/1/17,11.4
11/2/17,11.41
11/3/17,11.42
11/4/17,11.42
11/5/17,11.42
11/6/17,11.42
11/7/17,11.42
11/8/17,11.4
11/9/17,11.39
11/10/17,11.38
11/11/17,11.38
11/12/17,11.38
11/13/17,11.38
11/14/17,11.39
11/15/17,11.4
11/16/17,11.4
11/17/17,11.4
11/18/17,11.4
11/19/17,11.4
11/20/17,11.4
11/21/17,11.4
11/22/17,11.41
11/23/17,11.41
11/24/17,11.41
11/25/17,11.41
11/26/17,11.41
11/27/17,11.39
11/28/17,11.39
11/29/17,11.39
11/30/17,11.38
12/1/17,11.41
12/2/17,11.41
12/3/17,11.41
12/4/17,11.42
12/5/17,11.42
12/6/17,11.42
12/7/17,11.4
12/8/17,11.4
12/9/17,11.4
12/10/17,11.4
12/11/17,11.38
12/12/17,11.37
12/13/17,11.39
12/14/17,11.39
12/15/17,11.39
12/16/17,11.39
12/17/17,11.39
12/18/17,11.39
12/19/17,11.38
12/20/17,11.38
12/21/17,11.37
12/22/17,11.37
12/23/17,11.37
12/24/17,11.37
12/25/17,11.37
12/26/17,11.36
12/27/17,11.38
12/28/17,11.37
12/29/17,11.38
12/30/17,11.38
12/31/17,11.38
1/1/18,11.38
1/2/18,11.38
1/3/18,11.39
1/4/18,11.39
1/5/18,11.38
1/6/18,11.38
1/7/18,11.38
1/8/18,11.38
1/9/18,11.36
1/10/18,11.36
1/11/18,11.36
1/12/18,11.36
1/13/18,11.36
1/14/18,11.36
1/15/18,11.36
1/16/18,11.36
1/17/18,11.34
1/18/18,11.33
1/19/18,11.31
1/20/18,11.31
1/21/18,11.31
1/22/18,11.31
1/23/18,11.32
1/24/18,11.31
1/25/18,11.33
1/26/18,11.31
1/27/18,11.31
1/28/18,11.31
1/29/18,11.3
1/30/18,11.29
1/31/18,11.29
2/1/18,11.27
2/2/18,11.26
2/3/18,11.26
2/4/18,11.26
2/5/18,11.29
2/6/18,11.27
2/7/18,11.25
2/8/18,11.26
2/9/18,11.24
2/10/18,11.24
2/11/18,11.24
2/12/18,11.24
2/13/18,11.25
2/14/18,11.21
2/15/18,11.22
2/16/18,11.24
2/17/18,11.24
2/18/18,11.24
2/19/18,11.25
2/20/18,11.24
2/21/18,11.22
2/22/18,11.22
2/23/18,11.23
2/24/18,11.23
2/25/18,11.23
2/26/18,11.24
2/27/18,11.24
2/28/18,11.24
3/1/18,11.27
3/2/18,11.26
3/3/18,11.26
3/4/18,11.26
3/5/18,11.24
3/6/18,11.24
3/7/18,11.25
3/8/18,11.27
3/9/18,11.26
3/10/18,11.26
3/11/18,11.26
3/12/18,11.27
3/13/18,11.28
3/14/18,11.28
3/15/18,11.28
3/16/18,11.28
3/17/18,11.28
3/18/18,11.28
3/19/18,11.27
3/20/18,11.26
3/21/18,11.27
3/22/18,11.29
3/23/18,11.29
3/24/18,11.29
3/25/18,11.29
3/26/18,11.28
3/27/18,11.3
3/28/18,11.31
3/29/18,11.31
3/30/18,11.31
3/31/18,11.31
4/1/18,11.31
4/2/18,11.32
4/3/18,11.31
4/4/18,11.32
4/5/18,11.31
4/6/18,11.32
4/7/18,11.32
4/8/18,11.32
4/9/18,11.33
4/10/18,11.31
4/11/18,11.32
4/12/18,11.31
4/13/18,11.31
4/14/18,11.31
4/15/18,11.31
4/16/18,11.32
4/17/18,11.31
4/18/18,11.3
4/19/18,11.28
4/20/18,11.26
4/21/18,11.26
4/22/18,11.26
4/23/18,11.25
4/24/18,11.24
4/25/18,11.23
4/26/18,11.25
4/27/18,11.26
4/28/18,11.26
4/29/18,11.26
4/30/18,11.27
5/1/18,11.27
5/2/18,11.26
5/3/18,11.27
5/4/18,11.28
5/5/18,11.28
5/6/18,11.28
5/7/18,11.28
5/8/18,11.27
5/9/18,11.25
5/10/18,11.26
5/11/18,11.27
5/12/18,11.27
5/13/18,11.27
5/14/18,11.26
5/15/18,11.23
5/16/18,11.21
5/17/18,11.21
5/18/18,11.23
5/19/18,11.23
5/20/18,11.23
5/21/18,11.23
5/22/18,11.23
5/23/18,11.25
5/24/18,11.26
5/25/18,11.28
5/26/18,11.28
5/27/18,11.28
5/28/18,11.28
5/29/18,11.33
5/30/18,11.32
5/31/18,11.3
6/1/18,11.3
6/2/18,11.3
6/3/18,11.3
6/4/18,11.29
6/5/18,11.3
6/6/18,11.28
6/7/18,11.29
6/8/18,11.28
6/9/18,11.28
6/10/18,11.28
6/11/18,11.27
6/12/18,11.27
6/13/18,11.27
6/14/18,11.29
6/15/18,11.29
6/16/18,11.29
6/17/18,11.29
6/18/18,11.29
6/19/18,11.3
6/20/18,11.28
6/21/18,11.29
6/22/18,11.28
6/23/18,11.28
6/24/18,11.28
6/25/18,11.28
6/26/18,11.29
6/27/18,11.3
6/28/18,11.3
6/29/18,11.3
6/30/18,11.3
7/1/18,11.3
7/2/18,11.29
7/3/18,11.31
7/4/18,11.31
7/5/18,11.31
7/6/18,11.32
7/7/18,11.32
7/8/18,11.32
7/9/18,11.31
7/10/18,11.31
7/11/18,11.32
7/12/18,11.31
7/13/18,11.32
7/14/18,11.32
7/15/18,11.32
7/16/18,11.32
7/17/18,11.32
7/18/18,11.31
7/19/18,11.33
7/20/18,11.31
7/21/18,11.31
7/22/18,11.31
7/23/18,11.29
7/24/18,11.29
7/25/18,11.29
7/26/18,11.29
7/27/18,11.29
7/28/18,11.29
7/29/18,11.29
7/30/18,11.29
7/31/18,11.3
8/1/18,11.3
8/2/18,11.3
8/3/18,11.31
8/4/18,11.31
8/5/18,11.31
8/6/18,11.32
8/7/18,11.31
8/8/18,11.31
8/9/18,11.33
8/10/18,11.34
8/11/18,11.34
8/12/18,11.34
8/13/18,11.34
8/14/18,11.33
8/15/18,11.34
8/16/18,11.34
8/17/18,11.34
8/18/18,11.34
8/19/18,11.34
8/20/18,11.35
8/21/18,11.35
8/22/18,11.35
8/23/18,11.35
8/24/18,11.35
8/25/18,11.35
8/26/18,11.35
8/27/18,11.35
8/28/18,11.34
8/29/18,11.33
8/30/18,11.34
8/31/18,11.34
9/1/18,11.34
9/2/18,11.34
9/3/18,11.34
9/4/18,11.33
9/5/18,11.33
9/6/18,11.34
9/7/18,11.32
9/8/18,11.32
9/9/18,11.32
9/10/18,11.32
9/11/18,11.3
9/12/18,11.31
9/13/18,11.31
9/14/18,11.3
9/15/18,11.3
9/16/18,11.3
9/17/18,11.29
9/18/18,11.27
9/19/18,11.26
9/20/18,11.26
9/21/18,11.21
9/22/18,11.21
9/23/18,11.21
9/24/18,11.21
9/25/18,11.2
9/26/18,11.23
9/27/18,11.23
9/28/18,11.25
9/29/18,11.25
9/30/18,11.25
10/1/18,11.24
10/2/18,11.26
10/3/18,11.23
10/4/18,11.19
10/5/18,11.17
10/6/18,11.17
10/7/18,11.17
10/8/18,11.16
10/9/18,11.18
10/10/18,11.19
10/11/18,11.2
10/12/18,11.19
10/13/18,11.19
10/14/18,11.19
10/15/18,11.19
10/16/18,11.2
10/17/18,11.19
10/18/18,11.19
10/19/18,11.18
10/20/18,11.18
10/21/18,11.18
10/22/18,11.17
10/23/18,11.18
10/24/18,11.21
10/25/18,11.2
10/26/18,11.22
10/27/18,11.22
10/28/18,11.22
10/29/18,11.22
10/30/18,11.21
10/31/18,11.19
11/1/18,11.19
11/2/18,11.13
11/3/18,11.13
11/4/18,11.13
11/5/18,11.15
11/6/18,11.15
11/7/18,11.16
11/8/18,11.13
11/9/18,11.16
11/10/18,11.16
11/11/18,11.16
11/12/18,11.18
11/13/18,11.17
11/14/18,11.19
11/15/18,11.2
11/16/18,11.22
11/17/18,11.22
11/18/18,11.22
11/19/18,11.22
11/20/18,11.21
11/21/18,11.21
11/22/18,11.21
11/23/18,11.21
11/24/18,11.21
11/25/18,11.21
11/26/18,11.2
11/27/18,11.22
11/28/18,11.23
11/29/18,11.24
11/30/18,11.25
12/1/18,11.25
12/2/18,11.25
12/3/18,11.25
12/4/18,11.25
12/5/18,11.26
12/6/18,11.26
12/7/18,11.3
12/8/18,11.3
12/9/18,11.3
12/10/18,11.3
12/11/18,11.3
12/12/18,11.28
12/13/18,11.28
12/14/18,11.28
12/15/18,11.28
12/16/18,11.28
12/17/18,11.29
12/18/18,11.33
12/19/18,11.35
12/20/18,11.34
12/21/18,11.35
12/22/18,11.35
12/23/18,11.35
12/24/18,11.36
12/25/18,11.36
12/26/18,11.33
12/27/18,11.34
12/28/18,11.37
12/29/18,11.37
12/30/18,11.37
12/31/18,11.38
1/1/19,11.38
1/2/19,11.4
1/3/19,11.43
1/4/19,11.42
1/5/19,11.42
1/6/19,11.42
1/7/19,11.42
1/8/19,11.43
1/9/19,11.42
1/10/19,11.42
1/11/19,11.43
1/12/19,11.43
1/13/19,11.43
1/14/19,11.44
1/15/19,11.44
1/16/19,11.44
1/17/19,11.43
1/18/19,11.42
1/19/19,11.42
1/20/19,11.42
1/21/19,11.43
1/22/19,11.43
1/23/19,11.43
1/24/19,11.44
1/25/19,11.43
1/26/19,11.43
1/27/19,11.43
1/28/19,11.43
1/29/19,11.45
1/30/19,11.47
1/31/19,11.5
2/1/19,11.47
2/2/19,11.47
2/3/19,11.47
2/4/19,11.47
2/5/19,11.48
2/6/19,11.48
2/7/19,11.49
2/8/19,11.49
2/9/19,11.49
2/10/19,11.49
2/11/19,11.49
2/12/19,11.49
2/13/19,11.48
2/14/19,11.49
2/15/19,11.49
2/16/19,11.49
2/17/19,11.49
2/18/19,11.5
2/19/19,11.51
2/20/19,11.51
2/21/19,11.49
2/22/19,11.51
2/23/19,11.51
2/24/19,11.51
2/25/19,11.5
2/26/19,11.51
2/27/19,11.5
2/28/19,11.5
3/1/19,11.49
3/2/19,11.49
3/3/19,11.49
3/4/19,11.5
3/5/19,11.5
3/6/19,11.51
3/7/19,11.52
3/8/19,11.53
3/9/19,11.53
3/10/19,11.53
3/11/19,11.53
3/12/19,11.54
3/13/19,11.54
3/14/19,11.53
3/15/19,11.54
3/16/19,11.54
3/17/19,11.54
3/18/19,11.54
3/19/19,11.55
3/20/19,11.57
3/21/19,11.57
3/22/19,11.6
3/23/19,11.6
3/24/19,11.6
3/25/19,11.6
3/26/19,11.61
3/27/19,11.62
3/28/19,11.62
3/29/19,11.61
3/30/19,11.61
3/31/19,11.61
4/1/19,11.59
4/2/19,11.6
4/3/19,11.59
4/4/19,11.59
4/5/19,11.6
4/6/19,11.6
4/7/19,11.6
4/8/19,11.59
4/9/19,11.58
4/10/19,11.58
4/11/19,11.59
4/12/19,11.57
4/13/19,11.57
4/14/19,11.57
4/15/19,11.57
4/16/19,11.56
4/17/19,11.57
4/18/19,11.57
4/19/19,11.57
4/20/19,11.57
4/21/19,11.57
4/22/19,11.56
4/23/19,11.56
4/24/19,11.58
4/25/19,11.58
4/26/19,11.6
4/27/19,11.6
4/28/19,11.6
4/29/19,11.59
4/30/19,11.59
5/1/19,11.61
5/2/19,11.61
5/3/19,11.62
5/4/19,11.62
5/5/19,11.62
5/6/19,11.63
5/7/19,11.64
5/8/19,11.63
5/9/19,11.63
5/10/19,11.64
5/11/19,11.64
5/12/19,11.64
5/13/19,11.65
5/14/19,11.66
5/15/19,11.67
5/16/19,11.65
5/17/19,11.65
5/18/19,11.65
5/19/19,11.65
5/20/19,11.65
5/21/19,11.65
5/22/19,11.66
5/23/19,11.67
5/24/19,11.68
5/25/19,11.68
5/26/19,11.68
5/27/19,11.68
5/28/19,11.68
5/29/19,11.68
5/30/19,11.69
5/31/19,11.72
6/1/19,11.72
6/2/19,11.72
6/3/19,11.74
6/4/19,11.74
6/5/19,11.73
6/6/19,11.74
6/7/19,11.77
6/8/19,11.77
6/9/19,11.77
6/10/19,11.74
6/11/19,11.74
6/12/19,11.74
6/13/19,11.75
6/14/19,11.75
6/15/19,11.75
6/16/19,11.75
6/17/19,11.75
6/18/19,11.76
6/19/19,11.77
6/20/19,11.77
6/21/19,11.75
6/22/19,11.75
6/23/19,11.75
6/24/19,11.76
6/25/19,11.76
6/26/19,11.76
6/27/19,11.78
6/28/19,11.78
6/29/19,11.78
6/30/19,11.78
7/1/19,11.79
7/2/19,11.77
7/3/19,11.78
7/4/19,11.77
7/5/19,11.76
7/6/19,11.76
7/7/19,11.76
7/8/19,11.76
7/9/19,11.76
7/10/19,11.79
7/11/19,11.78
7/12/19,11.79
7/13/19,11.79
7/14/19,11.79
7/15/19,11.79
7/16/19,11.77
7/17/19,11.79
7/18/19,11.8
7/19/19,11.79
7/20/19,11.79
7/21/19,11.79
7/22/19,11.81
7/23/19,11.81
7/24/19,11.82
7/25/19,11.82
7/26/19,11.82
7/27/19,11.82
7/28/19,11.82
7/29/19,11.83
7/30/19,11.83
7/31/19,11.84
8/1/19,11.87
8/2/19,11.87
8/3/19,11.87
8/4/19,11.87
8/5/19,11.92
8/6/19,11.9
8/7/19,11.91
8/8/19,11.9
8/9/19,11.89
8/10/19,11.89
8/11/19,11.89
8/12/19,11.91
8/13/19,11.89
8/14/19,11.9
8/15/19,11.91
8/16/19,11.92
8/17/19,11.92
8/18/19,11.92
8/19/19,11.92
8/20/19,11.92
8/21/19,11.92
8/22/19,11.92
8/23/19,11.93
8/24/19,11.93
8/25/19,11.93
8/26/19,11.93
8/27/19,11.94
8/28/19,11.96
8/29/19,11.97
8/30/19,11.97
8/31/19,11.97
9/1/19,11.97
9/2/19,11.98
9/3/19,12.0
9/4/19,12.0
9/5/19,11.98
9/6/19,11.98
9/7/19,11.98
9/8/19,11.98
9/9/19,11.96
9/10/19,11.95
9/11/19,11.94
9/12/19,11.92
9/13/19,11.89
9/14/19,11.89
9/15/19,11.89
9/16/19,11.9
9/17/19,11.9
9/18/19,11.92
9/19/19,11.93
9/20/19,11.95
9/21/19,11.95
9/22/19,11.95
9/23/19,11.95
9/24/19,11.95
9/25/19,11.93
9/26/19,11.94
9/27/19,11.96
9/28/19,11.96
9/29/19,11.96
9/30/19,11.96
10/1/19,11.98
10/2/19,11.99
10/3/19,11.99
10/4/19,12.0
10/5/19,12.0
10/6/19,12.0
10/7/19,12.0
10/8/19,12.0
10/9/19,11.99
10/10/19,11.97
10/11/19,11.97
10/12/19,11.97
10/13/19,11.97
10/14/19,11.98
10/15/19,11.96
10/16/19,11.97
10/17/19,11.95
10/18/19,11.95
10/19/19,11.95
10/20/19,11.95
10/21/19,11.94
10/22/19,11.94
10/23/19,11.95
10/24/19,11.94
10/25/19,11.94
10/26/19,11.94
10/27/19,11.94
10/28/19,11.94
10/29/19,11.95
10/30/19,11.96
10/31/19,11.97
11/1/19,11.98
11/2/19,11.98
11/3/19,11.98
11/4/19,11.98
11/5/19,11.95
11/6/19,11.95
11/7/19,11.93
11/8/19,11.92
11/9/19,11.92
11/10/19,11.92
11/11/19,11.92
11/12/19,11.93
11/13/19,11.94
11/14/19,11.94
11/15/19,11.95
11/16/19,11.95
11/17/19,11.95
11/18/19,11.95
11/19/19,11.95
11/20/19,11.94
11/21/19,11.94
11/22/19,11.94
11/23/19,11.94
11/24/19,11.94
11/25/19,11.95
11/26/19,11.96
11/27/19,11.94
11/28/19,11.94
11/29/19,11.95
11/30/19,11.95
12/1/19,11.95
12/2/19,11.95
12/3/19,11.97
12/4/19,11.96
12/5/19,11.95
12/6/19,11.95
12/7/19,11.95
12/8/19,11.95
12/9/19,11.94
12/10/19,11.93
12/11/19,11.91
12/12/19,11.88
12/13/19,11.9
12/14/19,11.9
12/15/19,11.9
12/16/19,11.87
12/17/19,11.88
12/18/19,11.87
12/19/19,11.87
12/20/19,11.88
12/21/19,11.88
12/22/19,11.88
12/23/19,11.86
12/24/19,11.86
12/25/19,11.86
12/26/19,11.87
12/27/19,11.88
12/28/19,11.88
12/29/19,11.88
12/30/19,11.88
12/31/19,11.89
1/1/20,11.89
1/2/20,11.9
1/3/20,11.89
1/4/20,11.89
1/5/20,11.89
1/6/20,11.88
1/7/20,11.89
1/8/20,11.87
1/9/20,11.86
1/10/20,11.87
1/11/20,11.87
1/12/20,11.87
1/13/20,11.88
1/14/20,11.89
1/15/20,11.89
1/16/20,11.89
1/17/20,11.88
1/18/20,11.88
1/19/20,11.88
1/20/20,11.89
1/21/20,11.89
1/22/20,11.89
1/23/20,11.89
1/24/20,11.91
1/25/20,11.91
1/26/20,11.91
1/27/20,11.92
1/28/20,11.91
1/29/20,11.91
1/30/20,11.89
1/31/20,11.9
2/1/20,11.9
2/2/20,11.9
2/3/20,11.9
2/4/20,11.9
2/5/20,11.89
2/6/20,11.9
2/7/20,11.91
2/8/20,11.91
2/9/20,11.91
2/10/20,11.91
2/11/20,11.91
2/12/20,11.92
2/13/20,11.91
2/14/20,11.91
2/15/20,11.91
2/16/20,11.91
2/17/20,11.91
2/18/20,11.91
2/19/20,11.92
2/20/20,11.93
2/21/20,11.95
2/22/20,11.95
2/23/20,11.95
2/24/20,11.97
2/25/20,11.97
2/26/20,11.97
2/27/20,11.99
2/28/20,12.02
2/29/20,12.02
3/1/20,12.02
3/2/20,12.01
3/3/20,12.01
3/4/20,12.01
3/5/20,12.02
3/6/20,12.05
3/7/20,12.05
3/8/20,12.05
3/9/20,12.04
3/10/20,11.98
3/11/20,11.95
3/12/20,11.93
3/13/20,11.9
3/14/20,11.9
3/15/20,11.9
3/16/20,11.95
3/17/20,11.95
3/18/20,11.88
3/19/20,11.8
3/20/20,11.95
3/21/20,11.95
3/22/20,11.95
3/23/20,12.03
3/24/20,12.08
3/25/20,12.1
3/26/20,12.09
3/27/20,12.13
3/28/20,12.13
3/29/20,12.13
3/30/20,12.18
3/31/20,12.15
4/1/20,12.16
4/2/20,12.16
4/3/20,12.17
4/4/20,12.17
4/5/20,12.17
4/6/20,12.2
4/7/20,12.21
4/8/20,12.2
4/9/20,12.18
4/10/20,12.18
4/11/20,12.18
4/12/20,12.18
4/13/20,12.15
4/14/20,12.14
4/15/20,12.15
4/16/20,12.15
4/17/20,12.16
4/18/20,12.16
4/19/20,12.16
4/20/20,12.12
4/21/20,12.12
4/22/20,12.13
4/23/20,12.15
4/24/20,12.14
4/25/20,12.14
4/26/20,12.14
4/27/20,12.13
4/28/20,12.14
4/29/20,12.16
4/30/20,12.19
5/1/20,12.19
5/2/20,12.19
5/3/20,12.19
5/4/20,12.19
5/5/20,12.19
5/6/20,12.18
5/7/20,12.2
5/8/20,12.19
5/9/20,12.19
5/10/20,12.19
5/11/20,12.16
5/12/20,12.16
5/13/20,12.17
5/14/20,12.18
5/15/20,12.18
5/16/20,12.18
5/17/20,12.18
5/18/20,12.17
5/19/20,12.19
5/20/20,12.21
5/21/20,12.2
5/22/20,12.2
5/23/20,12.2
5/24/20,12.2
5/25/20,12.2
5/26/20,12.2
5/27/20,12.2
5/28/20,12.19
5/29/20,12.2
5/30/20,12.2
5/31/20,12.2
6/1/20,12.22
6/2/20,12.22
6/3/20,12.21
6/4/20,12.21
6/5/20,12.21
6/6/20,12.21
6/7/20,12.21
6/8/20,12.21
6/9/20,12.2
6/10/20,12.21
6/11/20,12.21
6/12/20,12.2
6/13/20,12.2
6/14/20,12.2
6/15/20,12.19
6/16/20,12.19
6/17/20,12.18
6/18/20,12.18
6/19/20,12.17
6/20/20,12.17
6/21/20,12.17
6/22/20,12.17
6/23/20,12.16
6/24/20,12.15
6/25/20,12.15
6/26/20,12.16
6/27/20,12.16
6/28/20,12.16
6/29/20,12.16
6/30/20,12.17
7/1/20,12.18
7/2/20,12.18
7/3/20,12.18
7/4/20,12.18
7/5/20,12.18
7/6/20,12.17
7/7/20,12.17
7/8/20,12.17
7/9/20,12.16
7/10/20,12.15
7/11/20,12.15
7/12/20,12.15
7/13/20,12.14
7/14/20,12.14
7/15/20,12.14
7/16/20,12.14
7/17/20,12.14
7/18/20,12.14
7/19/20,12.14
7/20/20,12.13
7/21/20,12.13
7/22/20,12.13
7/23/20,12.12
7/24/20,12.12
7/25/20,12.12
7/26/20,12.12
7/27/20,12.12
7/28/20,12.12
7/29/20,12.13
7/30/20,12.14
7/31/20,12.14
8/1/20,12.14
8/2/20,12.14
8/3/20,12.16
8/4/20,12.15
8/5/20,12.14
8/6/20,12.14
8/7/20,12.15
8/8/20,12.15
8/9/20,12.15
8/10/20,12.13
8/11/20,12.13
8/12/20,12.12
8/13/20,12.12
8/14/20,12.13
8/15/20,12.13
8/16/20,12.13
8/17/20,12.14
8/18/20,12.14
8/19/20,12.15
8/20/20,12.14
8/21/20,12.13
8/22/20,12.13
8/23/20,12.13
8/24/20,12.12
8/25/20,12.11
8/26/20,12.12
8/27/20,12.12
8/28/20,12.13
8/29/20,12.13
8/30/20,12.13
8/31/20,12.13
9/1/20,12.16
9/2/20,12.15
9/3/20,12.15
9/4/20,12.14
9/5/20,12.14
9/6/20,12.14
9/7/20,12.15
9/8/20,12.12
9/9/20,12.12
9/10/20,12.12
9/11/20,12.12
9/12/20,12.12
9/13/20,12.12
9/14/20,12.11
9/15/20,12.1
9/16/20,12.09
9/17/20,12.1
9/18/20,12.1
9/19/20,12.1
9/20/20,12.1
9/21/20,12.08
9/22/20,12.09
9/23/20,12.09
9/24/20,12.1
9/25/20,12.1
9/26/20,12.1
9/27/20,12.1
9/28/20,12.11
9/29/20,12.12
9/30/20,12.12
10/1/20,12.13
10/2/20,12.13
10/3/20,12.13
10/4/20,12.13
10/5/20,12.12
10/6/20,12.12
10/7/20,12.13
10/8/20,12.11
10/9/20,12.11
10/10/20,12.11
10/11/20,12.11
10/12/20,12.12
10/13/20,12.1
10/14/20,12.1
10/15/20,12.1
10/16/20,12.11
10/17/20,12.11
10/18/20,12.11
10/19/20,12.12
10/20/20,12.11
10/21/20,12.12
10/22/20,12.13
10/23/20,12.12
10/24/20,12.12
10/25/20,12.12
10/26/20,12.12
10/27/20,12.12
10/28/20,12.12
10/29/20,12.12
10/30/20,12.13
10/31/20,12.13
11/1/20,12.13
11/2/20,12.14
11/3/20,12.14
11/4/20,12.16
