Date,Franklin Technology A Acc HKD
2/26/13,10.0
2/27/13,10.11
2/28/13,10.11
3/1/13,10.14
3/2/13,10.14
3/3/13,10.14
3/4/13,10.18
3/5/13,10.3
3/6/13,10.32
3/7/13,10.35
3/8/13,10.37
3/9/13,10.37
3/10/13,10.37
3/11/13,10.37
3/12/13,10.33
3/13/13,10.35
3/14/13,10.4
3/15/13,10.31
3/16/13,10.31
3/17/13,10.31
3/18/13,10.21
3/19/13,10.17
3/20/13,10.28
3/21/13,10.19
3/22/13,10.21
3/23/13,10.21
3/24/13,10.21
3/25/13,10.15
3/26/13,10.2
3/27/13,10.23
3/28/13,10.28
3/29/13,10.28
3/30/13,10.28
3/31/13,10.28
4/1/13,10.15
4/2/13,10.15
4/3/13,10.01
4/4/13,10.03
4/5/13,9.9
4/6/13,9.9
4/7/13,9.9
4/8/13,9.93
4/9/13,9.98
4/10/13,10.15
4/11/13,10.16
4/12/13,10.13
4/13/13,10.13
4/14/13,10.13
4/15/13,9.93
4/16/13,10.08
4/17/13,9.87
4/18/13,9.74
4/19/13,9.73
4/20/13,9.73
4/21/13,9.73
4/22/13,9.77
4/23/13,9.9
4/24/13,9.92
4/25/13,10.0
4/26/13,9.92
4/27/13,9.92
4/28/13,9.92
4/29/13,9.99
4/30/13,10.02
5/1/13,9.92
5/2/13,10.05
5/3/13,10.16
5/4/13,10.16
5/5/13,10.16
5/6/13,10.19
5/7/13,10.21
5/8/13,10.31
5/9/13,10.3
5/10/13,10.38
5/11/13,10.38
5/12/13,10.38
5/13/13,10.32
5/14/13,10.42
5/15/13,10.48
5/16/13,10.5
5/17/13,10.61
5/18/13,10.61
5/19/13,10.61
5/20/13,10.59
5/21/13,10.6
5/22/13,10.42
5/23/13,10.39
5/24/13,10.36
5/25/13,10.36
5/26/13,10.36
5/27/13,10.36
5/28/13,10.43
5/29/13,10.39
5/30/13,10.53
5/31/13,10.43
6/1/13,10.43
6/2/13,10.43
6/3/13,10.39
6/4/13,10.3
6/5/13,10.22
6/6/13,10.29
6/7/13,10.39
6/8/13,10.39
6/9/13,10.39
6/10/13,10.4
6/11/13,10.25
6/12/13,10.14
6/13/13,10.26
6/14/13,10.23
6/15/13,10.23
6/16/13,10.23
6/17/13,10.33
6/18/13,10.43
6/19/13,10.32
6/20/13,10.09
6/21/13,10.08
6/22/13,10.08
6/23/13,10.08
6/24/13,9.94
6/25/13,10.05
6/26/13,10.13
6/27/13,10.23
6/28/13,10.2
6/29/13,10.2
6/30/13,10.2
7/1/13,10.27
7/2/13,10.25
7/3/13,10.3
7/4/13,10.3
7/5/13,10.42
7/6/13,10.42
7/7/13,10.42
7/8/13,10.37
7/9/13,10.44
7/10/13,10.54
7/11/13,10.73
7/12/13,10.82
7/13/13,10.82
7/14/13,10.82
7/15/13,10.82
7/16/13,10.8
7/17/13,10.84
7/18/13,10.84
7/19/13,10.82
7/20/13,10.82
7/21/13,10.82
7/22/13,10.8
7/23/13,10.77
7/24/13,10.74
7/25/13,10.82
7/26/13,10.76
7/27/13,10.76
7/28/13,10.76
7/29/13,10.69
7/30/13,10.75
7/31/13,10.75
8/1/13,10.97
8/2/13,10.99
8/3/13,10.99
8/4/13,10.99
8/5/13,11.0
8/6/13,10.92
8/7/13,10.85
8/8/13,10.92
8/9/13,10.91
8/10/13,10.91
8/11/13,10.91
8/12/13,10.97
8/13/13,11.01
8/14/13,10.94
8/15/13,10.74
8/16/13,10.74
8/17/13,10.74
8/18/13,10.74
8/19/13,10.7
8/20/13,10.76
8/21/13,10.73
8/22/13,10.85
8/23/13,10.89
8/24/13,10.89
8/25/13,10.89
8/26/13,10.88
8/27/13,10.65
8/28/13,10.72
8/29/13,10.81
8/30/13,10.75
8/31/13,10.75
9/1/13,10.75
9/2/13,10.75
9/3/13,10.84
9/4/13,10.97
9/5/13,11.02
9/6/13,11.03
9/7/13,11.03
9/8/13,11.03
9/9/13,11.17
9/10/13,11.29
9/11/13,11.31
9/12/13,11.26
9/13/13,11.24
9/14/13,11.24
9/15/13,11.24
9/16/13,11.25
9/17/13,11.33
9/18/13,11.44
9/19/13,11.46
9/20/13,11.44
9/21/13,11.44
9/22/13,11.44
9/23/13,11.35
9/24/13,11.38
9/25/13,11.38
9/26/13,11.44
9/27/13,11.38
9/28/13,11.38
9/29/13,11.38
9/30/13,11.34
10/1/13,11.47
10/2/13,11.46
10/3/13,11.35
10/4/13,11.47
10/5/13,11.47
10/6/13,11.47
10/7/13,11.36
10/8/13,11.09
10/9/13,11.04
10/10/13,11.31
10/11/13,11.39
10/12/13,11.39
10/13/13,11.39
10/14/13,11.44
10/15/13,11.3
10/16/13,11.41
10/17/13,11.45
10/18/13,11.61
10/19/13,11.61
10/20/13,11.61
10/21/13,11.66
10/22/13,11.61
10/23/13,11.43
10/24/13,11.51
10/25/13,11.53
10/26/13,11.53
10/27/13,11.53
10/28/13,11.51
10/29/13,11.57
10/30/13,11.46
10/31/13,11.46
11/1/13,11.48
11/2/13,11.48
11/3/13,11.48
11/4/13,11.51
11/5/13,11.48
11/6/13,11.49
11/7/13,11.31
11/8/13,11.42
11/9/13,11.42
11/10/13,11.42
11/11/13,11.45
11/12/13,11.49
11/13/13,11.62
11/14/13,11.59
11/15/13,11.69
11/16/13,11.69
11/17/13,11.69
11/18/13,11.55
11/19/13,11.41
11/20/13,11.37
11/21/13,11.52
11/22/13,11.55
11/23/13,11.55
11/24/13,11.55
11/25/13,11.48
11/26/13,11.58
11/27/13,11.63
11/28/13,11.63
11/29/13,11.61
11/30/13,11.61
12/1/13,11.61
12/2/13,11.56
12/3/13,11.54
12/4/13,11.6
12/5/13,11.63
12/6/13,11.73
12/7/13,11.73
12/8/13,11.73
12/9/13,11.74
12/10/13,11.73
12/11/13,11.58
12/12/13,11.52
12/13/13,11.6
12/14/13,11.6
12/15/13,11.6
12/16/13,11.7
12/17/13,11.78
12/18/13,11.91
12/19/13,11.85
12/20/13,12.01
12/21/13,12.01
12/22/13,12.01
12/23/13,12.13
12/24/13,12.15
12/25/13,12.15
12/26/13,12.17
12/27/13,12.14
12/28/13,12.14
12/29/13,12.14
12/30/13,12.16
12/31/13,12.24
1/1/14,12.24
1/2/14,12.08
1/3/14,12.1
1/4/14,12.1
1/5/14,12.1
1/6/14,12.04
1/7/14,12.2
1/8/14,12.25
1/9/14,12.18
1/10/14,12.24
1/11/14,12.24
1/12/14,12.24
1/13/14,12.07
1/14/14,12.28
1/15/14,12.4
1/16/14,12.43
1/17/14,12.43
1/18/14,12.43
1/19/14,12.43
1/20/14,12.43
1/21/14,12.48
1/22/14,12.56
1/23/14,12.46
1/24/14,12.16
1/25/14,12.16
1/26/14,12.16
1/27/14,12.04
1/28/14,12.16
1/29/14,12.03
1/30/14,12.35
1/31/14,12.24
2/1/14,12.24
2/2/14,12.24
2/3/14,11.93
2/4/14,12.05
2/5/14,12.02
2/6/14,12.23
2/7/14,12.44
2/8/14,12.44
2/9/14,12.44
2/10/14,12.47
2/11/14,12.61
2/12/14,12.68
2/13/14,12.86
2/14/14,12.9
2/15/14,12.9
2/16/14,12.9
2/17/14,12.9
2/18/14,12.99
2/19/14,12.94
2/20/14,13.05
2/21/14,13.05
2/22/14,13.05
2/23/14,13.05
2/24/14,13.16
2/25/14,13.15
2/26/14,13.19
2/27/14,13.26
2/28/14,13.16
3/1/14,13.16
3/2/14,13.16
3/3/14,13.05
3/4/14,13.32
3/5/14,13.34
3/6/14,13.33
3/7/14,13.27
3/8/14,13.27
3/9/14,13.27
3/10/14,13.18
3/11/14,13.09
3/12/14,13.17
3/13/14,12.92
3/14/14,12.9
3/15/14,12.9
3/16/14,12.9
3/17/14,13.05
3/18/14,13.22
3/19/14,13.11
3/20/14,13.19
3/21/14,13.0
3/22/14,13.0
3/23/14,13.0
3/24/14,12.83
3/25/14,12.82
3/26/14,12.61
3/27/14,12.59
3/28/14,12.6
3/29/14,12.6
3/30/14,12.6
3/31/14,12.72
4/1/14,12.94
4/2/14,12.93
4/3/14,12.75
4/4/14,12.39
4/5/14,12.39
4/6/14,12.39
4/7/14,12.21
4/8/14,12.35
4/9/14,12.58
4/10/14,12.15
4/11/14,11.95
4/12/14,11.95
4/13/14,11.95
4/14/14,12.05
4/15/14,12.16
4/16/14,12.31
4/17/14,12.39
4/18/14,12.39
4/19/14,12.39
4/20/14,12.39
4/21/14,12.43
4/22/14,12.53
4/23/14,12.41
4/24/14,12.41
4/25/14,12.09
4/26/14,12.09
4/27/14,12.09
4/28/14,11.95
4/29/14,12.05
4/30/14,12.13
5/1/14,12.17
5/2/14,12.17
5/3/14,12.17
5/4/14,12.17
5/5/14,12.21
5/6/14,12.02
5/7/14,11.95
5/8/14,11.94
5/9/14,11.97
5/10/14,11.97
5/11/14,11.97
5/12/14,12.23
5/13/14,12.16
5/14/14,12.06
5/15/14,11.98
5/16/14,12.08
5/17/14,12.08
5/18/14,12.08
5/19/14,12.19
5/20/14,12.09
5/21/14,12.2
5/22/14,12.3
5/23/14,12.41
5/24/14,12.41
5/25/14,12.41
5/26/14,12.41
5/27/14,12.58
5/28/14,12.55
5/29/14,12.61
5/30/14,12.55
5/31/14,12.55
6/1/14,12.55
6/2/14,12.5
6/3/14,12.5
6/4/14,12.54
6/5/14,12.68
6/6/14,12.77
6/7/14,12.77
6/8/14,12.77
6/9/14,12.81
6/10/14,12.84
6/11/14,12.87
6/12/14,12.77
6/13/14,12.85
6/14/14,12.85
6/15/14,12.85
6/16/14,12.89
6/17/14,12.97
6/18/14,13.03
6/19/14,13.03
6/20/14,13.02
6/21/14,13.02
6/22/14,13.02
6/23/14,13.06
6/24/14,12.93
6/25/14,13.01
6/26/14,12.99
6/27/14,13.04
6/28/14,13.04
6/29/14,13.04
6/30/14,13.11
7/1/14,13.23
7/2/14,13.21
7/3/14,13.29
7/4/14,13.29
7/5/14,13.29
7/6/14,13.29
7/7/14,13.15
7/8/14,12.87
7/9/14,12.96
7/10/14,12.88
7/11/14,12.93
7/12/14,12.93
7/13/14,12.93
7/14/14,13.02
7/15/14,12.94
7/16/14,12.97
7/17/14,12.76
7/18/14,12.98
7/19/14,12.98
7/20/14,12.98
7/21/14,12.99
7/22/14,13.1
7/23/14,12.98
7/24/14,13.05
7/25/14,12.89
7/26/14,12.89
7/27/14,12.89
7/28/14,12.88
7/29/14,12.84
7/30/14,13.02
7/31/14,12.74
8/1/14,12.74
8/2/14,12.74
8/3/14,12.74
8/4/14,12.85
8/5/14,12.78
8/6/14,12.77
8/7/14,12.75
8/8/14,12.86
8/9/14,12.86
8/10/14,12.86
8/11/14,12.96
8/12/14,12.9
8/13/14,13.03
8/14/14,13.08
8/15/14,13.1
8/16/14,13.1
8/17/14,13.1
8/18/14,13.23
8/19/14,13.28
8/20/14,13.31
8/21/14,13.35
8/22/14,13.4
8/23/14,13.4
8/24/14,13.4
8/25/14,13.38
8/26/14,13.43
8/27/14,13.39
8/28/14,13.35
8/29/14,13.45
8/30/14,13.45
8/31/14,13.45
9/1/14,13.45
9/2/14,13.52
9/3/14,13.47
9/4/14,13.44
9/5/14,13.52
9/6/14,13.52
9/7/14,13.52
9/8/14,13.57
9/9/14,13.44
9/10/14,13.55
9/11/14,13.6
9/12/14,13.5
9/13/14,13.5
9/14/14,13.5
9/15/14,13.3
9/16/14,13.44
9/17/14,13.45
9/18/14,13.57
9/19/14,13.48
9/20/14,13.48
9/21/14,13.48
9/22/14,13.31
9/23/14,13.26
9/24/14,13.38
9/25/14,13.12
9/26/14,13.26
9/27/14,13.26
9/28/14,13.26
9/29/14,13.27
9/30/14,13.21
10/1/14,13.0
10/2/14,13.03
10/3/14,13.18
10/4/14,13.18
10/5/14,13.18
10/6/14,13.09
10/7/14,12.85
10/8/14,13.09
10/9/14,12.84
10/10/14,12.37
10/11/14,12.37
10/12/14,12.37
10/13/14,12.18
10/14/14,12.27
10/15/14,12.33
10/16/14,12.4
10/17/14,12.53
10/18/14,12.53
10/19/14,12.53
10/20/14,12.63
10/21/14,12.92
10/22/14,12.75
10/23/14,12.97
10/24/14,13.03
10/25/14,13.03
10/26/14,13.03
10/27/14,13.01
10/28/14,13.23
10/29/14,13.15
10/30/14,13.27
10/31/14,13.5
11/1/14,13.5
11/2/14,13.5
11/3/14,13.5
11/4/14,13.47
11/5/14,13.49
11/6/14,13.55
11/7/14,13.57
11/8/14,13.57
11/9/14,13.57
11/10/14,13.65
11/11/14,13.65
11/12/14,13.68
11/13/14,13.65
11/14/14,13.74
11/15/14,13.74
11/16/14,13.74
11/17/14,13.65
11/18/14,13.73
11/19/14,13.63
11/20/14,13.68
11/21/14,13.76
11/22/14,13.76
11/23/14,13.76
11/24/14,13.84
11/25/14,13.86
11/26/14,13.98
11/27/14,13.98
11/28/14,13.98
11/29/14,13.98
11/30/14,13.98
12/1/14,13.8
12/2/14,13.82
12/3/14,13.93
12/4/14,13.94
12/5/14,13.99
12/6/14,13.99
12/7/14,13.99
12/8/14,13.8
12/9/14,13.87
12/10/14,13.63
12/11/14,13.67
12/12/14,13.54
12/13/14,13.54
12/14/14,13.54
12/15/14,13.47
12/16/14,13.33
12/17/14,13.63
12/18/14,13.93
12/19/14,14.0
12/20/14,14.0
12/21/14,14.0
12/22/14,14.13
12/23/14,14.12
12/24/14,14.15
12/25/14,14.15
12/26/14,14.19
12/27/14,14.19
12/28/14,14.19
12/29/14,14.11
12/30/14,14.02
12/31/14,13.92
1/1/15,13.92
1/2/15,13.91
1/3/15,13.91
1/4/15,13.91
1/5/15,13.67
1/6/15,13.47
1/7/15,13.58
1/8/15,13.87
1/9/15,13.81
1/10/15,13.81
1/11/15,13.81
1/12/15,13.66
1/13/15,13.61
1/14/15,13.53
1/15/15,13.32
1/16/15,13.52
1/17/15,13.52
1/18/15,13.52
1/19/15,13.52
1/20/15,13.59
1/21/15,13.69
1/22/15,13.86
1/23/15,13.94
1/24/15,13.94
1/25/15,13.94
1/26/15,13.95
1/27/15,13.76
1/28/15,13.66
1/29/15,13.76
1/30/15,13.62
1/31/15,13.62
2/1/15,13.62
2/2/15,13.72
2/3/15,13.86
2/4/15,13.9
2/5/15,14.04
2/6/15,13.99
2/7/15,13.99
2/8/15,13.99
2/9/15,13.91
2/10/15,14.1
2/11/15,14.18
2/12/15,14.38
2/13/15,14.49
2/14/15,14.49
2/15/15,14.49
2/16/15,14.49
2/17/15,14.45
2/18/15,14.49
2/19/15,14.59
2/20/15,14.72
2/21/15,14.72
2/22/15,14.72
2/23/15,14.61
2/24/15,14.63
2/25/15,14.69
2/26/15,14.78
2/27/15,14.72
2/28/15,14.72
3/1/15,14.72
3/2/15,14.93
3/3/15,14.79
3/4/15,14.72
3/5/15,14.79
3/6/15,14.61
3/7/15,14.61
3/8/15,14.61
3/9/15,14.63
3/10/15,14.36
3/11/15,14.37
3/12/15,14.52
3/13/15,14.48
3/14/15,14.48
3/15/15,14.48
3/16/15,14.64
3/17/15,14.61
3/18/15,14.75
3/19/15,14.79
3/20/15,14.89
3/21/15,14.89
3/22/15,14.89
3/23/15,14.82
3/24/15,14.75
3/25/15,14.36
3/26/15,14.32
3/27/15,14.45
3/28/15,14.45
3/29/15,14.45
3/30/15,14.59
3/31/15,14.45
4/1/15,14.37
4/2/15,14.4
4/3/15,14.4
4/4/15,14.4
4/5/15,14.4
4/6/15,14.5
4/7/15,14.52
4/8/15,14.64
4/9/15,14.69
4/10/15,14.73
4/11/15,14.73
4/12/15,14.73
4/13/15,14.65
4/14/15,14.63
4/15/15,14.74
4/16/15,14.77
4/17/15,14.49
4/18/15,14.49
4/19/15,14.49
4/20/15,14.66
4/21/15,14.78
4/22/15,14.9
4/23/15,14.84
4/24/15,14.8
4/25/15,14.8
4/26/15,14.8
4/27/15,14.78
4/28/15,14.72
4/29/15,14.68
4/30/15,14.5
5/1/15,14.59
5/2/15,14.59
5/3/15,14.59
5/4/15,14.61
5/5/15,14.44
5/6/15,14.41
5/7/15,14.54
5/8/15,14.72
5/9/15,14.72
5/10/15,14.72
5/11/15,14.69
5/12/15,14.61
5/13/15,14.64
5/14/15,14.84
5/15/15,14.82
5/16/15,14.82
5/17/15,14.82
5/18/15,14.89
5/19/15,14.85
5/20/15,14.84
5/21/15,14.93
5/22/15,14.94
5/23/15,14.94
5/24/15,14.94
5/25/15,14.94
5/26/15,14.81
5/27/15,15.02
5/28/15,15.0
5/29/15,14.91
5/30/15,14.91
5/31/15,14.91
6/1/15,14.96
6/2/15,14.93
6/3/15,15.01
6/4/15,14.88
6/5/15,14.95
6/6/15,14.95
6/7/15,14.95
6/8/15,14.76
6/9/15,14.76
6/10/15,14.98
6/11/15,14.98
6/12/15,14.91
6/13/15,14.91
6/14/15,14.91
6/15/15,14.82
6/16/15,14.91
6/17/15,14.92
6/18/15,15.09
6/19/15,15.05
6/20/15,15.05
6/21/15,15.05
6/22/15,15.14
6/23/15,15.16
6/24/15,15.03
6/25/15,15.03
6/26/15,14.87
6/27/15,14.87
6/28/15,14.87
6/29/15,14.5
6/30/15,14.55
7/1/15,14.61
7/2/15,14.62
7/3/15,14.62
7/4/15,14.62
7/5/15,14.62
7/6/15,14.52
7/7/15,14.55
7/8/15,14.31
7/9/15,14.37
7/10/15,14.55
7/11/15,14.55
7/12/15,14.55
7/13/15,14.71
7/14/15,14.82
7/15/15,14.75
7/16/15,14.9
7/17/15,15.0
7/18/15,15.0
7/19/15,15.0
7/20/15,15.04
7/21/15,15.05
7/22/15,14.93
7/23/15,14.97
7/24/15,14.94
7/25/15,14.94
7/26/15,14.94
7/27/15,14.73
7/28/15,14.86
7/29/15,14.91
7/30/15,15.05
7/31/15,14.96
8/1/15,14.96
8/2/15,14.96
8/3/15,14.86
8/4/15,14.81
8/5/15,15.0
8/6/15,14.8
8/7/15,14.8
8/8/15,14.8
8/9/15,14.8
8/10/15,15.01
8/11/15,14.86
8/12/15,14.83
8/13/15,14.8
8/14/15,14.85
8/15/15,14.85
8/16/15,14.85
8/17/15,14.99
8/18/15,14.86
8/19/15,14.73
8/20/15,14.22
8/21/15,13.83
8/22/15,13.83
8/23/15,13.83
8/24/15,13.32
8/25/15,13.27
8/26/15,13.83
8/27/15,14.17
8/28/15,14.21
8/29/15,14.21
8/30/15,14.21
8/31/15,14.03
9/1/15,13.62
9/2/15,13.88
9/3/15,13.96
9/4/15,13.76
9/5/15,13.76
9/6/15,13.76
9/7/15,13.76
9/8/15,14.17
9/9/15,14.0
9/10/15,14.09
9/11/15,14.16
9/12/15,14.16
9/13/15,14.16
9/14/15,14.1
9/15/15,14.28
9/16/15,14.36
9/17/15,14.36
9/18/15,14.2
9/19/15,14.2
9/20/15,14.2
9/21/15,14.27
9/22/15,14.02
9/23/15,14.0
9/24/15,13.92
9/25/15,13.89
9/26/15,13.89
9/27/15,13.89
9/28/15,13.46
9/29/15,13.46
9/30/15,13.77
10/1/15,13.78
10/2/15,14.0
10/3/15,14.0
10/4/15,14.0
10/5/15,14.24
10/6/15,14.18
10/7/15,14.28
10/8/15,14.32
10/9/15,14.38
10/10/15,14.38
10/11/15,14.38
10/12/15,14.43
10/13/15,14.33
10/14/15,14.36
10/15/15,14.61
10/16/15,14.69
10/17/15,14.69
10/18/15,14.69
10/19/15,14.71
10/20/15,14.64
10/21/15,14.49
10/22/15,14.85
10/23/15,15.02
10/24/15,15.02
10/25/15,15.02
10/26/15,14.98
10/27/15,14.92
10/28/15,15.14
10/29/15,14.98
10/30/15,15.03
10/31/15,15.03
11/1/15,15.03
11/2/15,15.15
11/3/15,15.15
11/4/15,15.24
11/5/15,15.2
11/6/15,15.27
11/7/15,15.27
11/8/15,15.27
11/9/15,15.11
11/10/15,15.05
11/11/15,15.08
11/12/15,14.95
11/13/15,14.7
11/14/15,14.7
11/15/15,14.7
11/16/15,14.87
11/17/15,14.9
11/18/15,15.08
11/19/15,15.12
11/20/15,15.2
11/21/15,15.2
11/22/15,15.2
11/23/15,15.11
11/24/15,15.16
11/25/15,15.2
11/26/15,15.2
11/27/15,15.25
11/28/15,15.25
11/29/15,15.25
11/30/15,15.29
12/1/15,15.44
12/2/15,15.34
12/3/15,15.17
12/4/15,15.4
12/5/15,15.4
12/6/15,15.4
12/7/15,15.25
12/8/15,15.25
12/9/15,15.03
12/10/15,15.07
12/11/15,14.71
12/12/15,14.71
12/13/15,14.71
12/14/15,14.76
12/15/15,14.9
12/16/15,15.1
12/17/15,14.91
12/18/15,14.71
12/19/15,14.71
12/20/15,14.71
12/21/15,14.83
12/22/15,14.91
12/23/15,15.02
12/24/15,15.04
12/25/15,15.04
12/26/15,15.04
12/27/15,15.04
12/28/15,15.04
12/29/15,15.22
12/30/15,15.09
12/31/15,14.92
1/1/16,14.92
1/2/16,14.92
1/3/16,14.92
1/4/16,14.63
1/5/16,14.57
1/6/16,14.37
1/7/16,13.99
1/8/16,13.84
1/9/16,13.84
1/10/16,13.84
1/11/16,13.86
1/12/16,14.01
1/13/16,13.55
1/14/16,13.81
1/15/16,13.4
1/16/16,13.4
1/17/16,13.4
1/18/16,13.41
1/19/16,13.41
1/20/16,13.37
1/21/16,13.43
1/22/16,13.74
1/23/16,13.74
1/24/16,13.74
1/25/16,13.54
1/26/16,13.66
1/27/16,13.36
1/28/16,13.36
1/29/16,13.7
1/30/16,13.7
1/31/16,13.7
2/1/16,13.74
2/2/16,13.34
2/3/16,13.27
2/4/16,13.38
2/5/16,12.6
2/6/16,12.6
2/7/16,12.6
2/8/16,12.13
2/9/16,12.11
2/10/16,12.21
2/11/16,12.16
2/12/16,12.38
2/13/16,12.38
2/14/16,12.38
2/15/16,12.37
2/16/16,12.71
2/17/16,13.05
2/18/16,12.92
2/19/16,13.05
2/20/16,13.05
2/21/16,13.05
2/22/16,13.26
2/23/16,13.04
2/24/16,13.16
2/25/16,13.35
2/26/16,13.46
2/27/16,13.46
2/28/16,13.46
2/29/16,13.39
3/1/16,13.8
3/2/16,13.84
3/3/16,13.88
3/4/16,13.91
3/5/16,13.91
3/6/16,13.91
3/7/16,13.87
3/8/16,13.65
3/9/16,13.78
3/10/16,13.76
3/11/16,14.04
3/12/16,14.04
3/13/16,14.04
3/14/16,14.02
3/15/16,13.97
3/16/16,14.11
3/17/16,14.15
3/18/16,14.25
3/19/16,14.25
3/20/16,14.25
3/21/16,14.28
3/22/16,14.31
3/23/16,14.16
3/24/16,14.19
3/25/16,14.19
3/26/16,14.19
3/27/16,14.19
3/28/16,14.17
3/29/16,14.41
3/30/16,14.52
3/31/16,14.53
4/1/16,14.63
4/2/16,14.63
4/3/16,14.63
4/4/16,14.56
4/5/16,14.36
4/6/16,14.55
4/7/16,14.32
4/8/16,14.35
4/9/16,14.35
4/10/16,14.35
4/11/16,14.27
4/12/16,14.28
4/13/16,14.59
4/14/16,14.54
4/15/16,14.51
4/16/16,14.51
4/17/16,14.51
4/18/16,14.59
4/19/16,14.49
4/20/16,14.58
4/21/16,14.56
4/22/16,14.48
4/23/16,14.48
4/24/16,14.48
4/25/16,14.45
4/26/16,14.5
4/27/16,14.53
4/28/16,14.35
4/29/16,14.27
4/30/16,14.27
5/1/16,14.27
5/2/16,14.37
5/3/16,14.19
5/4/16,14.1
5/5/16,14.07
5/6/16,14.14
5/7/16,14.14
5/8/16,14.14
5/9/16,14.16
5/10/16,14.35
5/11/16,14.29
5/12/16,14.19
5/13/16,14.14
5/14/16,14.14
5/15/16,14.14
5/16/16,14.31
5/17/16,14.18
5/18/16,14.28
5/19/16,14.22
5/20/16,14.43
5/21/16,14.43
5/22/16,14.43
5/23/16,14.45
5/24/16,14.76
5/25/16,14.8
5/26/16,14.83
5/27/16,14.89
5/28/16,14.89
5/29/16,14.89
5/30/16,14.89
5/31/16,14.94
6/1/16,15.04
6/2/16,15.12
6/3/16,15.06
6/4/16,15.06
6/5/16,15.06
6/6/16,15.12
6/7/16,15.15
6/8/16,15.16
6/9/16,15.1
6/10/16,14.88
6/11/16,14.88
6/12/16,14.88
6/13/16,14.84
6/14/16,14.85
6/15/16,14.84
6/16/16,14.83
6/17/16,14.73
6/18/16,14.73
6/19/16,14.73
6/20/16,14.87
6/21/16,14.93
6/22/16,14.84
6/23/16,15.1
6/24/16,14.44
6/25/16,14.44
6/26/16,14.44
6/27/16,13.94
6/28/16,14.24
6/29/16,14.54
6/30/16,14.7
7/1/16,14.69
7/2/16,14.69
7/3/16,14.69
7/4/16,14.69
7/5/16,14.55
7/6/16,14.58
7/7/16,14.63
7/8/16,14.94
7/9/16,14.94
7/10/16,14.94
7/11/16,15.07
7/12/16,15.21
7/13/16,15.18
7/14/16,15.23
7/15/16,15.19
7/16/16,15.19
7/17/16,15.19
7/18/16,15.37
7/19/16,15.37
7/20/16,15.56
7/21/16,15.42
7/22/16,15.54
7/23/16,15.54
7/24/16,15.54
7/25/16,15.54
7/26/16,15.69
7/27/16,15.74
7/28/16,15.79
7/29/16,15.7
7/30/16,15.7
7/31/16,15.7
8/1/16,15.75
8/2/16,15.56
8/3/16,15.6
8/4/16,15.7
8/5/16,15.89
8/6/16,15.89
8/7/16,15.89
8/8/16,15.86
8/9/16,15.9
8/10/16,15.83
8/11/16,15.93
8/12/16,15.96
8/13/16,15.96
8/14/16,15.96
8/15/16,16.05
8/16/16,15.93
8/17/16,15.9
8/18/16,15.95
8/19/16,16.01
8/20/16,16.01
8/21/16,16.01
8/22/16,16.02
8/23/16,16.13
8/24/16,16.01
8/25/16,16.08
8/26/16,16.12
8/27/16,16.12
8/28/16,16.12
8/29/16,16.14
8/30/16,16.14
8/31/16,16.08
9/1/16,16.18
9/2/16,16.28
9/3/16,16.28
9/4/16,16.28
9/5/16,16.28
9/6/16,16.38
9/7/16,16.37
9/8/16,16.28
9/9/16,15.84
9/10/16,15.84
9/11/16,15.84
9/12/16,16.06
9/13/16,15.89
9/14/16,15.95
9/15/16,16.18
9/16/16,16.13
9/17/16,16.13
9/18/16,16.13
9/19/16,16.13
9/20/16,16.09
9/21/16,16.31
9/22/16,16.44
9/23/16,16.3
9/24/16,16.3
9/25/16,16.3
9/26/16,16.19
9/27/16,16.39
9/28/16,16.47
9/29/16,16.46
9/30/16,16.56
10/1/16,16.56
10/2/16,16.56
10/3/16,16.53
10/4/16,16.5
10/5/16,16.54
10/6/16,16.57
10/7/16,16.5
10/8/16,16.5
10/9/16,16.5
10/10/16,16.6
10/11/16,16.29
10/12/16,16.24
10/13/16,16.13
10/14/16,16.21
10/15/16,16.21
10/16/16,16.21
10/17/16,16.13
10/18/16,16.29
10/19/16,16.36
10/20/16,16.35
10/21/16,16.45
10/22/16,16.45
10/23/16,16.45
10/24/16,16.64
10/25/16,16.53
10/26/16,16.44
10/27/16,16.34
10/28/16,16.36
10/29/16,16.36
10/30/16,16.36
10/31/16,16.39
11/1/16,16.29
11/2/16,16.03
11/3/16,15.94
11/4/16,15.9
11/5/16,15.9
11/6/16,15.9
11/7/16,16.26
11/8/16,16.32
11/9/16,16.24
11/10/16,15.95
11/11/16,16.04
11/12/16,16.04
11/13/16,16.04
11/14/16,15.88
11/15/16,16.08
11/16/16,16.2
11/17/16,16.39
11/18/16,16.37
11/19/16,16.37
11/20/16,16.37
11/21/16,16.5
11/22/16,16.51
11/23/16,16.47
11/24/16,16.47
11/25/16,16.53
11/26/16,16.53
11/27/16,16.53
11/28/16,16.43
11/29/16,16.43
11/30/16,16.23
12/1/16,15.71
12/2/16,15.72
12/3/16,15.72
12/4/16,15.72
12/5/16,15.95
12/6/16,16.0
12/7/16,16.23
12/8/16,16.28
12/9/16,16.3
12/10/16,16.3
12/11/16,16.3
12/12/16,16.19
12/13/16,16.33
12/14/16,16.26
12/15/16,16.32
12/16/16,16.21
12/17/16,16.21
12/18/16,16.21
12/19/16,16.26
12/20/16,16.33
12/21/16,16.24
12/22/16,16.1
12/23/16,16.16
12/24/16,16.16
12/25/16,16.16
12/26/16,16.16
12/27/16,16.25
12/28/16,16.1
12/29/16,16.11
12/30/16,15.98
12/31/16,15.98
1/1/17,15.98
1/2/17,15.98
1/3/17,16.16
1/4/17,16.32
1/5/17,16.37
1/6/17,16.55
1/7/17,16.55
1/8/17,16.55
1/9/17,16.58
1/10/17,16.6
1/11/17,16.76
1/12/17,16.72
1/13/17,16.85
1/14/17,16.85
1/15/17,16.85
1/16/17,16.84
1/17/17,16.73
1/18/17,16.85
1/19/17,16.83
1/20/17,16.9
1/21/17,16.9
1/22/17,16.9
1/23/17,16.94
1/24/17,17.11
1/25/17,17.32
1/26/17,17.27
1/27/17,17.35
1/28/17,17.35
1/29/17,17.35
1/30/17,17.25
1/31/17,17.17
2/1/17,17.23
2/2/17,17.25
2/3/17,17.37
2/4/17,17.37
2/5/17,17.37
2/6/17,17.35
2/7/17,17.39
2/8/17,17.44
2/9/17,17.55
2/10/17,17.55
2/11/17,17.55
2/12/17,17.55
2/13/17,17.62
2/14/17,17.62
2/15/17,17.75
2/16/17,17.69
2/17/17,17.79
2/18/17,17.79
2/19/17,17.79
2/20/17,17.79
2/21/17,17.9
2/22/17,17.92
2/23/17,17.87
2/24/17,17.88
2/25/17,17.88
2/26/17,17.88
2/27/17,17.88
2/28/17,17.75
3/1/17,17.93
3/2/17,17.78
3/3/17,17.82
3/4/17,17.82
3/5/17,17.82
3/6/17,17.76
3/7/17,17.77
3/8/17,17.8
3/9/17,17.82
3/10/17,17.92
3/11/17,17.92
3/12/17,17.92
3/13/17,18.08
3/14/17,18.02
3/15/17,18.12
3/16/17,18.16
3/17/17,18.18
3/18/17,18.18
3/19/17,18.18
3/20/17,18.21
3/21/17,17.88
3/22/17,17.98
3/23/17,17.95
3/24/17,18.0
3/25/17,18.0
3/26/17,18.0
3/27/17,18.01
3/28/17,18.09
3/29/17,18.17
3/30/17,18.17
3/31/17,18.18
4/1/17,18.18
4/2/17,18.18
4/3/17,18.12
4/4/17,18.07
4/5/17,18.02
4/6/17,18.08
4/7/17,18.1
4/8/17,18.1
4/9/17,18.1
4/10/17,18.11
4/11/17,18.06
4/12/17,17.99
4/13/17,17.93
4/14/17,17.93
4/15/17,17.93
4/16/17,17.93
4/17/17,18.1
4/18/17,18.13
4/19/17,18.21
4/20/17,18.39
4/21/17,18.36
4/22/17,18.36
4/23/17,18.36
4/24/17,18.6
4/25/17,18.72
4/26/17,18.66
4/27/17,18.84
4/28/17,18.78
4/29/17,18.78
4/30/17,18.78
5/1/17,18.94
5/2/17,18.95
5/3/17,18.85
5/4/17,18.92
5/5/17,18.99
5/6/17,18.99
5/7/17,18.99
5/8/17,18.96
5/9/17,19.0
5/10/17,19.11
5/11/17,19.11
5/12/17,19.18
5/13/17,19.18
5/14/17,19.18
5/15/17,19.35
5/16/17,19.49
5/17/17,18.96
5/18/17,19.09
5/19/17,19.27
5/20/17,19.27
5/21/17,19.27
5/22/17,19.51
5/23/17,19.52
5/24/17,19.66
5/25/17,19.85
5/26/17,19.88
5/27/17,19.88
5/28/17,19.88
5/29/17,19.88
5/30/17,19.89
5/31/17,19.86
6/1/17,19.99
6/2/17,20.15
6/3/17,20.15
6/4/17,20.15
6/5/17,20.18
6/6/17,20.17
6/7/17,20.23
6/8/17,20.41
6/9/17,19.81
6/10/17,19.81
6/11/17,19.81
6/12/17,19.69
6/13/17,19.86
6/14/17,19.78
6/15/17,19.69
6/16/17,19.7
6/17/17,19.7
6/18/17,19.7
6/19/17,20.0
6/20/17,19.83
6/21/17,20.01
6/22/17,20.06
6/23/17,20.23
6/24/17,20.23
6/25/17,20.23
6/26/17,20.1
6/27/17,19.78
6/28/17,20.04
6/29/17,19.7
6/30/17,19.67
7/1/17,19.67
7/2/17,19.67
7/3/17,19.47
7/4/17,19.44
7/5/17,19.69
7/6/17,19.55
7/7/17,19.82
7/8/17,19.82
7/9/17,19.82
7/10/17,19.96
7/11/17,20.1
7/12/17,20.4
7/13/17,20.37
7/14/17,20.5
7/15/17,20.5
7/16/17,20.5
7/17/17,20.46
7/18/17,20.59
7/19/17,20.74
7/20/17,20.77
7/21/17,20.7
7/22/17,20.7
7/23/17,20.7
7/24/17,20.77
7/25/17,20.78
7/26/17,20.96
7/27/17,20.74
7/28/17,20.69
7/29/17,20.69
7/30/17,20.69
7/31/17,20.57
8/1/17,20.65
8/2/17,20.46
8/3/17,20.44
8/4/17,20.45
8/5/17,20.45
8/6/17,20.45
8/7/17,20.58
8/8/17,20.53
8/9/17,20.48
8/10/17,20.03
8/11/17,20.18
8/12/17,20.18
8/13/17,20.18
8/14/17,20.56
8/15/17,20.58
8/16/17,20.73
8/17/17,20.41
8/18/17,20.45
8/19/17,20.45
8/20/17,20.45
8/21/17,20.48
8/22/17,20.78
8/23/17,20.75
8/24/17,20.74
8/25/17,20.69
8/26/17,20.69
8/27/17,20.69
8/28/17,20.71
8/29/17,20.76
8/30/17,21.03
8/31/17,21.2
9/1/17,21.2
9/2/17,21.2
9/3/17,21.2
9/4/17,21.18
9/5/17,21.06
9/6/17,21.02
9/7/17,21.15
9/8/17,21.03
9/9/17,21.03
9/10/17,21.03
9/11/17,21.36
9/12/17,21.36
9/13/17,21.36
9/14/17,21.33
9/15/17,21.34
9/16/17,21.34
9/17/17,21.34
9/18/17,21.47
9/19/17,21.46
9/20/17,21.29
9/21/17,21.22
9/22/17,21.29
9/23/17,21.29
9/24/17,21.29
9/25/17,20.9
9/26/17,20.84
9/27/17,21.15
9/28/17,21.2
9/29/17,21.38
9/30/17,21.38
10/1/17,21.38
10/2/17,21.43
10/3/17,21.5
10/4/17,21.55
10/5/17,21.7
10/6/17,21.79
10/7/17,21.79
10/8/17,21.79
10/9/17,21.79
10/10/17,21.81
10/11/17,21.93
10/12/17,21.97
10/13/17,22.0
10/14/17,22.0
10/15/17,22.0
10/16/17,22.01
10/17/17,21.99
10/18/17,22.04
10/19/17,22.02
10/20/17,22.19
10/21/17,22.19
10/22/17,22.19
10/23/17,22.07
10/24/17,22.15
10/25/17,22.06
10/26/17,22.11
10/27/17,22.49
10/28/17,22.49
10/29/17,22.49
10/30/17,22.51
10/31/17,22.67
11/1/17,22.62
11/2/17,22.67
11/3/17,22.74
11/4/17,22.74
11/5/17,22.74
11/6/17,22.89
11/7/17,22.85
11/8/17,22.92
11/9/17,22.67
11/10/17,22.76
11/11/17,22.76
11/12/17,22.76
11/13/17,22.75
11/14/17,22.75
11/15/17,22.6
11/16/17,22.92
11/17/17,22.89
11/18/17,22.89
11/19/17,22.89
11/20/17,23.03
11/21/17,23.24
11/22/17,23.16
11/23/17,23.15
11/24/17,23.29
11/25/17,23.29
11/26/17,23.29
11/27/17,23.14
11/28/17,23.22
11/29/17,22.5
11/30/17,22.63
12/1/17,22.48
12/2/17,22.48
12/3/17,22.48
12/4/17,21.92
12/5/17,21.94
12/6/17,22.1
12/7/17,22.35
12/8/17,22.43
12/9/17,22.43
12/10/17,22.43
12/11/17,22.56
12/12/17,22.41
12/13/17,22.47
12/14/17,22.5
12/15/17,22.75
12/16/17,22.75
12/17/17,22.75
12/18/17,22.91
12/19/17,22.79
12/20/17,22.75
12/21/17,22.67
12/22/17,22.65
12/23/17,22.65
12/24/17,22.65
12/25/17,22.65
12/26/17,22.55
12/27/17,22.61
12/28/17,22.68
12/29/17,22.55
12/30/17,22.55
12/31/17,22.55
1/1/18,22.55
1/2/18,22.88
1/3/18,23.14
1/4/18,23.3
1/5/18,23.54
1/6/18,23.54
1/7/18,23.54
1/8/18,23.68
1/9/18,23.65
1/10/18,23.55
1/11/18,23.68
1/12/18,23.83
1/13/18,23.83
1/14/18,23.83
1/15/18,23.82
1/16/18,23.71
1/17/18,24.0
1/18/18,24.06
1/19/18,24.18
1/20/18,24.18
1/21/18,24.18
1/22/18,24.36
1/23/18,24.6
1/24/18,24.43
1/25/18,24.41
1/26/18,24.83
1/27/18,24.83
1/28/18,24.83
1/29/18,24.6
1/30/18,24.4
1/31/18,24.61
2/1/18,24.47
2/2/18,23.97
2/3/18,23.97
2/4/18,23.97
2/5/18,23.16
2/6/18,23.62
2/7/18,23.38
2/8/18,22.42
2/9/18,22.79
2/10/18,22.79
2/11/18,22.79
2/12/18,23.19
2/13/18,23.32
2/14/18,23.81
2/15/18,24.2
2/16/18,24.22
2/17/18,24.22
2/18/18,24.22
2/19/18,24.2
2/20/18,24.33
2/21/18,24.25
2/22/18,24.22
2/23/18,24.65
2/24/18,24.65
2/25/18,24.65
2/26/18,24.9
2/27/18,24.72
2/28/18,24.56
3/1/18,24.31
3/2/18,24.61
3/3/18,24.61
3/4/18,24.61
3/5/18,24.87
3/6/18,25.08
3/7/18,25.34
3/8/18,25.44
3/9/18,25.83
3/10/18,25.83
3/11/18,25.83
3/12/18,25.96
3/13/18,25.71
3/14/18,25.81
3/15/18,25.81
3/16/18,25.78
3/17/18,25.78
3/18/18,25.78
3/19/18,25.37
3/20/18,25.58
3/21/18,25.53
3/22/18,24.83
3/23/18,24.25
3/24/18,24.25
3/25/18,24.25
3/26/18,25.11
3/27/18,24.28
3/28/18,23.91
3/29/18,24.38
3/30/18,24.38
3/31/18,24.38
4/1/18,24.38
4/2/18,23.74
4/3/18,23.92
4/4/18,24.18
4/5/18,24.25
4/6/18,23.71
4/7/18,23.71
4/8/18,23.71
4/9/18,23.87
4/10/18,24.36
4/11/18,24.33
4/12/18,24.58
4/13/18,24.41
4/14/18,24.41
4/15/18,24.41
4/16/18,24.59
4/17/18,25.13
4/18/18,25.18
4/19/18,24.93
4/20/18,24.64
4/21/18,24.64
4/22/18,24.64
4/23/18,24.45
4/24/18,24.03
4/25/18,23.9
4/26/18,24.42
4/27/18,24.41
4/28/18,24.41
4/29/18,24.41
4/30/18,24.37
5/1/18,24.58
5/2/18,24.55
5/3/18,24.64
5/4/18,25.03
5/5/18,25.03
5/6/18,25.03
5/7/18,25.28
5/8/18,25.38
5/9/18,25.71
5/10/18,25.99
5/11/18,25.88
5/12/18,25.88
5/13/18,25.88
5/14/18,25.76
5/15/18,25.58
5/16/18,25.68
5/17/18,25.56
5/18/18,25.52
5/19/18,25.52
5/20/18,25.52
5/21/18,25.64
5/22/18,25.52
5/23/18,25.71
5/24/18,25.7
5/25/18,25.74
5/26/18,25.74
5/27/18,25.74
5/28/18,25.74
5/29/18,25.65
5/30/18,25.86
5/31/18,25.83
6/1/18,26.27
6/2/18,26.27
6/3/18,26.27
6/4/18,26.49
6/5/18,26.62
6/6/18,26.76
6/7/18,26.34
6/8/18,26.4
6/9/18,26.4
6/10/18,26.4
6/11/18,26.42
6/12/18,26.67
6/13/18,26.63
6/14/18,26.82
6/15/18,26.76
6/16/18,26.76
6/17/18,26.76
6/18/18,26.83
6/19/18,26.61
6/20/18,26.73
6/21/18,26.48
6/22/18,26.25
6/23/18,26.25
6/24/18,26.25
6/25/18,25.58
6/26/18,25.73
6/27/18,25.26
6/28/18,25.57
6/29/18,25.61
6/30/18,25.61
7/1/18,25.61
7/2/18,25.89
7/3/18,25.59
7/4/18,25.57
7/5/18,25.93
7/6/18,26.24
7/7/18,26.24
7/8/18,26.24
7/9/18,26.41
7/10/18,26.45
7/11/18,26.33
7/12/18,26.75
7/13/18,26.68
7/14/18,26.68
7/15/18,26.68
7/16/18,26.61
7/17/18,26.8
7/18/18,26.84
7/19/18,26.68
7/20/18,26.68
7/21/18,26.68
7/22/18,26.68
7/23/18,26.71
7/24/18,26.58
7/25/18,26.99
7/26/18,26.79
7/27/18,26.29
7/28/18,26.29
7/29/18,26.29
7/30/18,25.7
7/31/18,25.85
8/1/18,26.0
8/2/18,26.29
8/3/18,26.27
8/4/18,26.27
8/5/18,26.27
8/6/18,26.5
8/7/18,26.63
8/8/18,26.69
8/9/18,26.75
8/10/18,26.5
8/11/18,26.5
8/12/18,26.5
8/13/18,26.43
8/14/18,26.53
8/15/18,26.21
8/16/18,26.31
8/17/18,26.28
8/18/18,26.28
8/19/18,26.28
8/20/18,26.33
8/21/18,26.47
8/22/18,26.66
8/23/18,26.71
8/24/18,27.1
8/25/18,27.1
8/26/18,27.1
8/27/18,27.33
8/28/18,27.38
8/29/18,27.63
8/30/18,27.45
8/31/18,27.55
9/1/18,27.55
9/2/18,27.55
9/3/18,27.54
9/4/18,27.59
9/5/18,26.98
9/6/18,26.81
9/7/18,26.83
9/8/18,26.83
9/9/18,26.83
9/10/18,26.91
9/11/18,27.1
9/12/18,27.04
9/13/18,27.27
9/14/18,27.32
9/15/18,27.32
9/16/18,27.32
9/17/18,26.73
9/18/18,26.82
9/19/18,26.72
9/20/18,26.96
9/21/18,26.76
9/22/18,26.76
9/23/18,26.76
9/24/18,26.84
9/25/18,26.97
9/26/18,26.88
9/27/18,26.99
9/28/18,27.04
9/29/18,27.04
9/30/18,27.04
10/1/18,26.96
10/2/18,26.76
10/3/18,26.89
10/4/18,26.28
10/5/18,25.97
10/6/18,25.97
10/7/18,25.97
10/8/18,25.45
10/9/18,25.38
10/10/18,24.19
10/11/18,23.94
10/12/18,24.69
10/13/18,24.69
10/14/18,24.69
10/15/18,24.37
10/16/18,25.2
10/17/18,25.17
10/18/18,24.58
10/19/18,24.36
10/20/18,24.36
10/21/18,24.36
10/22/18,24.56
10/23/18,24.45
10/24/18,23.33
10/25/18,24.05
10/26/18,23.45
10/27/18,23.45
10/28/18,23.45
10/29/18,22.93
10/30/18,23.38
10/31/18,24.08
11/1/18,24.64
11/2/18,24.3
11/3/18,24.3
11/4/18,24.3
11/5/18,24.14
11/6/18,24.17
11/7/18,25.04
11/8/18,24.88
11/9/18,24.41
11/10/18,24.41
11/11/18,24.41
11/12/18,23.62
11/13/18,23.73
11/14/18,23.62
11/15/18,24.22
11/16/18,24.02
11/17/18,24.02
11/18/18,24.02
11/19/18,22.89
11/20/18,22.69
11/21/18,23.01
11/22/18,23.02
11/23/18,22.94
11/24/18,22.94
11/25/18,22.94
11/26/18,23.59
11/27/18,23.52
11/28/18,24.44
11/29/18,24.36
11/30/18,24.78
12/1/18,24.78
12/2/18,24.78
12/3/18,25.24
12/4/18,24.23
12/5/18,24.26
12/6/18,24.43
12/7/18,23.68
12/8/18,23.68
12/9/18,23.68
12/10/18,23.9
12/11/18,23.92
12/12/18,24.21
12/13/18,24.12
12/14/18,23.6
12/15/18,23.6
12/16/18,23.6
12/17/18,22.88
12/18/18,23.09
12/19/18,22.71
12/20/18,22.27
12/21/18,21.6
12/22/18,21.6
12/23/18,21.6
12/24/18,21.19
12/25/18,21.19
12/26/18,22.48
12/27/18,22.72
12/28/18,22.74
12/29/18,22.74
12/30/18,22.74
12/31/18,22.92
1/1/19,22.92
1/2/19,22.87
1/3/19,21.97
1/4/19,23.02
1/5/19,23.02
1/6/19,23.02
1/7/19,23.48
1/8/19,23.73
1/9/19,24.05
1/10/19,24.2
1/11/19,24.2
1/12/19,24.2
1/13/19,24.2
1/14/19,23.93
1/15/19,24.29
1/16/19,24.33
1/17/19,24.53
1/18/19,24.94
1/19/19,24.94
1/20/19,24.94
1/21/19,24.96
1/22/19,24.46
1/23/19,24.43
1/24/19,24.86
1/25/19,25.35
1/26/19,25.35
1/27/19,25.35
1/28/19,25.02
1/29/19,24.71
1/30/19,25.36
1/31/19,25.8
2/1/19,25.93
2/2/19,25.93
2/3/19,25.93
2/4/19,26.2
2/5/19,26.42
2/6/19,26.46
2/7/19,26.18
2/8/19,26.44
2/9/19,26.44
2/10/19,26.44
2/11/19,26.54
2/12/19,26.93
2/13/19,26.89
2/14/19,26.93
2/15/19,27.02
2/16/19,27.02
2/17/19,27.02
2/18/19,27.02
2/19/19,27.07
2/20/19,27.07
2/21/19,26.98
2/22/19,27.32
2/23/19,27.32
2/24/19,27.32
2/25/19,27.47
2/26/19,27.44
2/27/19,27.53
2/28/19,27.47
3/1/19,27.72
3/2/19,27.72
3/3/19,27.72
3/4/19,27.43
3/5/19,27.4
3/6/19,27.18
3/7/19,26.96
3/8/19,26.93
3/9/19,26.93
3/10/19,26.93
3/11/19,27.53
3/12/19,27.66
3/13/19,27.79
3/14/19,27.85
3/15/19,28.1
3/16/19,28.1
3/17/19,28.1
3/18/19,28.14
3/19/19,28.31
3/20/19,28.32
3/21/19,28.94
3/22/19,28.18
3/23/19,28.18
3/24/19,28.18
3/25/19,28.11
3/26/19,28.3
3/27/19,27.95
3/28/19,28.07
3/29/19,28.37
3/30/19,28.37
3/31/19,28.37
4/1/19,28.73
4/2/19,28.82
4/3/19,29.05
4/4/19,28.73
4/5/19,28.9
4/6/19,28.9
4/7/19,28.9
4/8/19,28.97
4/9/19,28.88
4/10/19,29.17
4/11/19,29.25
4/12/19,29.44
4/13/19,29.44
4/14/19,29.44
4/15/19,29.29
4/16/19,29.39
4/17/19,29.32
4/18/19,29.27
4/19/19,29.27
4/20/19,29.27
4/21/19,29.27
4/22/19,29.45
4/23/19,29.78
4/24/19,29.75
4/25/19,29.84
4/26/19,30.02
4/27/19,30.02
4/28/19,30.02
4/29/19,30.1
4/30/19,30.19
5/1/19,29.93
5/2/19,29.87
5/3/19,30.19
5/4/19,30.19
5/5/19,30.19
5/6/19,29.98
5/7/19,29.38
5/8/19,29.26
5/9/19,29.18
5/10/19,29.33
5/11/19,29.33
5/12/19,29.33
5/13/19,28.13
5/14/19,28.72
5/15/19,29.1
5/16/19,29.37
5/17/19,28.96
5/18/19,28.96
5/19/19,28.96
5/20/19,28.3
5/21/19,28.63
5/22/19,28.55
5/23/19,27.99
5/24/19,28.06
5/25/19,28.06
5/26/19,28.06
5/27/19,28.05
5/28/19,28.01
5/29/19,27.72
5/30/19,27.86
5/31/19,27.49
6/1/19,27.49
6/2/19,27.49
6/3/19,26.79
6/4/19,27.56
6/5/19,27.9
6/6/19,28.15
6/7/19,28.59
6/8/19,28.59
6/9/19,28.59
6/10/19,28.94
6/11/19,28.74
6/12/19,28.58
6/13/19,28.7
6/14/19,28.45
6/15/19,28.45
6/16/19,28.45
6/17/19,28.58
6/18/19,29.05
6/19/19,29.31
6/20/19,29.62
6/21/19,29.41
6/22/19,29.41
6/23/19,29.41
6/24/19,29.19
6/25/19,28.6
6/26/19,28.78
6/27/19,29.13
6/28/19,29.17
6/29/19,29.17
6/30/19,29.17
7/1/19,29.62
7/2/19,29.64
7/3/19,29.77
7/4/19,29.73
7/5/19,29.71
7/6/19,29.71
7/7/19,29.71
7/8/19,29.53
7/9/19,29.79
7/10/19,30.03
7/11/19,30.17
7/12/19,30.36
7/13/19,30.36
7/14/19,30.36
7/15/19,30.48
7/16/19,30.15
7/17/19,30.18
7/18/19,30.3
7/19/19,30.1
7/20/19,30.1
7/21/19,30.1
7/22/19,30.41
7/23/19,30.51
7/24/19,30.98
7/25/19,30.6
7/26/19,30.84
7/27/19,30.84
7/28/19,30.84
7/29/19,30.55
7/30/19,30.43
7/31/19,29.84
8/1/19,29.56
8/2/19,28.9
8/3/19,28.9
8/4/19,28.9
8/5/19,27.87
8/6/19,28.16
8/7/19,28.36
8/8/19,29.05
8/9/19,28.74
8/10/19,28.74
8/11/19,28.74
8/12/19,28.42
8/13/19,28.99
8/14/19,28.12
8/15/19,28.17
8/16/19,28.65
8/17/19,28.65
8/18/19,28.65
8/19/19,28.93
8/20/19,28.83
8/21/19,29.14
8/22/19,29.06
8/23/19,28.33
8/24/19,28.33
8/25/19,28.33
8/26/19,28.65
8/27/19,28.56
8/28/19,28.49
8/29/19,29.0
8/30/19,28.92
8/31/19,28.92
9/1/19,28.92
9/2/19,28.94
9/3/19,28.61
9/4/19,28.99
9/5/19,29.45
9/6/19,29.41
9/7/19,29.41
9/8/19,29.41
9/9/19,29.08
9/10/19,28.94
9/11/19,29.22
9/12/19,29.35
9/13/19,29.23
9/14/19,29.23
9/15/19,29.23
9/16/19,29.26
9/17/19,29.45
9/18/19,29.5
9/19/19,29.5
9/20/19,29.38
9/21/19,29.38
9/22/19,29.38
9/23/19,29.37
9/24/19,28.86
9/25/19,29.17
9/26/19,29.14
9/27/19,28.51
9/28/19,28.51
9/29/19,28.51
9/30/19,28.76
10/1/19,28.54
10/2/19,28.15
10/3/19,28.59
10/4/19,28.95
10/5/19,28.95
10/6/19,28.95
10/7/19,28.92
10/8/19,28.24
10/9/19,28.62
10/10/19,28.7
10/11/19,29.2
10/12/19,29.2
10/13/19,29.2
10/14/19,29.2
10/15/19,29.56
10/16/19,29.08
10/17/19,29.08
10/18/19,28.6
10/19/19,28.6
10/20/19,28.6
10/21/19,28.86
10/22/19,28.38
10/23/19,28.28
10/24/19,28.95
10/25/19,29.16
10/26/19,29.16
10/27/19,29.16
10/28/19,29.51
10/29/19,29.25
10/30/19,29.56
10/31/19,29.31
11/1/19,29.66
11/2/19,29.66
11/3/19,29.66
11/4/19,29.77
11/5/19,29.62
11/6/19,29.51
11/7/19,29.51
11/8/19,29.66
11/9/19,29.66
11/10/19,29.66
11/11/19,29.7
11/12/19,29.8
11/13/19,29.83
11/14/19,29.82
11/15/19,30.12
11/16/19,30.12
11/17/19,30.12
11/18/19,30.21
11/19/19,30.33
11/20/19,30.28
11/21/19,30.09
11/22/19,30.15
11/23/19,30.15
11/24/19,30.15
11/25/19,30.57
11/26/19,30.76
11/27/19,30.96
11/28/19,30.96
11/29/19,30.85
11/30/19,30.85
12/1/19,30.85
12/2/19,30.3
12/3/19,30.21
12/4/19,30.23
12/5/19,30.25
12/6/19,30.56
12/7/19,30.56
12/8/19,30.56
12/9/19,30.43
12/10/19,30.33
12/11/19,30.43
12/12/19,30.61
12/13/19,30.81
12/14/19,30.81
12/15/19,30.81
12/16/19,31.07
12/17/19,31.04
12/18/19,31.1
12/19/19,31.3
12/20/19,31.52
12/21/19,31.52
12/22/19,31.52
12/23/19,31.46
12/24/19,31.46
12/25/19,31.46
12/26/19,31.69
12/27/19,31.66
12/28/19,31.66
12/29/19,31.66
12/30/19,31.39
12/31/19,31.47
1/1/20,31.47
1/2/20,32.11
1/3/20,31.82
1/4/20,31.82
1/5/20,31.82
1/6/20,31.91
1/7/20,32.1
1/8/20,32.38
1/9/20,32.66
1/10/20,32.65
1/11/20,32.65
1/12/20,32.65
1/13/20,33.1
1/14/20,32.95
1/15/20,32.92
1/16/20,33.25
1/17/20,33.33
1/18/20,33.33
1/19/20,33.33
1/20/20,33.33
1/21/20,33.31
1/22/20,33.37
1/23/20,33.48
1/24/20,33.29
1/25/20,33.29
1/26/20,33.29
1/27/20,32.59
1/28/20,33.13
1/29/20,33.1
1/30/20,33.29
1/31/20,32.66
2/1/20,32.66
2/2/20,32.66
2/3/20,33.16
2/4/20,34.04
2/5/20,33.83
2/6/20,33.94
2/7/20,33.84
2/8/20,33.84
2/9/20,33.84
2/10/20,34.26
2/11/20,34.38
2/12/20,34.85
2/13/20,34.88
2/14/20,35.06
2/15/20,35.06
2/16/20,35.06
2/17/20,35.06
2/18/20,34.96
2/19/20,35.36
2/20/20,35.04
2/21/20,34.31
2/22/20,34.31
2/23/20,34.31
2/24/20,33.11
2/25/20,32.33
2/26/20,32.44
2/27/20,31.2
2/28/20,31.47
2/29/20,31.47
3/1/20,31.47
3/2/20,32.51
3/3/20,31.51
3/4/20,32.65
3/5/20,31.87
3/6/20,31.08
3/7/20,31.08
3/8/20,31.08
3/9/20,28.86
3/10/20,30.31
3/11/20,28.92
3/12/20,26.51
3/13/20,28.62
3/14/20,28.62
3/15/20,28.62
3/16/20,25.18
3/17/20,26.67
3/18/20,25.42
3/19/20,26.17
3/20/20,25.54
3/21/20,25.54
3/22/20,25.54
3/23/20,25.54
3/24/20,27.59
3/25/20,27.51
3/26/20,28.89
3/27/20,27.67
3/28/20,27.67
3/29/20,27.67
3/30/20,28.59
3/31/20,28.18
4/1/20,26.98
4/2/20,27.05
4/3/20,26.63
4/4/20,26.63
4/5/20,26.63
4/6/20,28.7
4/7/20,28.5
4/8/20,29.47
4/9/20,29.55
4/10/20,29.55
4/11/20,29.55
4/12/20,29.55
4/13/20,29.74
4/14/20,30.89
4/15/20,30.56
4/16/20,30.95
4/17/20,31.45
4/18/20,31.45
4/19/20,31.45
4/20/20,31.22
4/21/20,30.0
4/22/20,31.05
4/23/20,30.91
4/24/20,31.47
4/25/20,31.47
4/26/20,31.47
4/27/20,31.81
4/28/20,31.29
4/29/20,32.58
4/30/20,32.46
5/1/20,31.38
5/2/20,31.38
5/3/20,31.38
5/4/20,31.86
5/5/20,32.48
5/6/20,32.81
5/7/20,33.78
5/8/20,34.22
5/9/20,34.22
5/10/20,34.22
5/11/20,34.59
5/12/20,34.01
5/13/20,33.49
5/14/20,33.89
5/15/20,34.07
5/16/20,34.07
5/17/20,34.07
5/18/20,34.63
5/19/20,34.8
5/20/20,35.49
5/21/20,35.08
5/22/20,35.32
5/23/20,35.32
5/24/20,35.32
5/25/20,35.31
5/26/20,35.17
5/27/20,35.17
5/28/20,35.29
5/29/20,35.97
5/30/20,35.97
5/31/20,35.97
6/1/20,36.26
6/2/20,36.53
6/3/20,36.83
6/4/20,36.26
6/5/20,36.82
6/6/20,36.82
6/7/20,36.82
6/8/20,37.12
6/9/20,37.19
6/10/20,37.77
6/11/20,35.86
6/12/20,36.38
6/13/20,36.38
6/14/20,36.38
6/15/20,36.95
6/16/20,37.62
6/17/20,37.89
6/18/20,38.29
6/19/20,38.14
6/20/20,38.14
6/21/20,38.14
6/22/20,38.77
6/23/20,38.96
6/24/20,38.15
6/25/20,38.69
6/26/20,38.09
6/27/20,38.09
6/28/20,38.09
6/29/20,38.15
6/30/20,38.9
7/1/20,39.41
7/2/20,39.65
7/3/20,39.59
7/4/20,39.59
7/5/20,39.59
7/6/20,40.41
7/7/20,40.13
7/8/20,41.04
7/9/20,41.47
7/10/20,41.3
7/11/20,41.3
7/12/20,41.3
7/13/20,39.78
7/14/20,40.11
7/15/20,40.21
7/16/20,39.77
7/17/20,40.14
7/18/20,40.14
7/19/20,40.14
7/20/20,41.46
7/21/20,41.06
7/22/20,41.09
7/23/20,40.28
7/24/20,39.9
7/25/20,39.9
7/26/20,39.9
7/27/20,40.59
7/28/20,40.16
7/29/20,41.13
7/30/20,41.24
7/31/20,41.56
8/1/20,41.56
8/2/20,41.56
8/3/20,42.18
8/4/20,42.33
8/5/20,42.58
8/6/20,42.7
8/7/20,41.73
8/8/20,41.73
8/9/20,41.73
8/10/20,41.31
8/11/20,40.7
8/12/20,41.39
8/13/20,41.61
8/14/20,41.48
8/15/20,41.48
8/16/20,41.48
8/17/20,42.06
8/18/20,42.4
8/19/20,42.21
8/20/20,42.74
8/21/20,42.81
8/22/20,42.81
8/23/20,42.81
8/24/20,42.96
8/25/20,43.53
8/26/20,45.05
8/27/20,44.87
8/28/20,45.35
8/29/20,45.35
8/30/20,45.35
8/31/20,45.35
9/1/20,46.43
9/2/20,46.7
9/3/20,44.31
9/4/20,43.31
9/5/20,43.31
9/6/20,43.31
9/7/20,43.35
9/8/20,41.73
9/9/20,42.74
9/10/20,42.07
9/11/20,41.72
9/12/20,41.72
9/13/20,41.72
9/14/20,42.42
9/15/20,43.01
9/16/20,42.48
9/17/20,42.08
9/18/20,41.85
9/19/20,41.85
9/20/20,41.85
9/21/20,42.24
9/22/20,42.88
9/23/20,41.86
9/24/20,41.94
9/25/20,42.88
9/26/20,42.88
9/27/20,42.88
9/28/20,43.63
9/29/20,43.72
9/30/20,43.99
10/1/20,44.7
10/2/20,43.99
10/3/20,43.99
10/4/20,43.99
10/5/20,44.78
10/6/20,44.6
10/7/20,45.45
10/8/20,45.61
10/9/20,46.43
10/10/20,46.43
10/11/20,46.43
10/12/20,47.4
10/13/20,47.55
10/14/20,47.04
10/15/20,46.83
10/16/20,46.8
10/17/20,46.8
10/18/20,46.8
10/19/20,46.26
10/20/20,46.23
10/21/20,46.03
10/22/20,45.77
10/23/20,46.12
10/24/20,46.12
10/25/20,46.12
10/26/20,45.26
10/27/20,45.76
10/28/20,44.33
10/29/20,44.97
10/30/20,43.73
10/31/20,43.73
11/1/20,43.73
11/2/20,43.74
11/3/20,44.26
11/4/20,46.34
