Date,Harvest China Equity A HKD Acc
5/8/13,100.0
5/9/13,99.75
5/10/13,100.27
5/11/13,100.27
5/12/13,100.27
5/13/13,99.28
5/14/13,98.69
5/15/13,99.2
5/16/13,99.18
5/17/13,99.18
5/18/13,99.18
5/19/13,99.18
5/20/13,100.67
5/21/13,99.46
5/22/13,98.86
5/23/13,96.84
5/24/13,97.45
5/25/13,97.45
5/26/13,97.45
5/27/13,98.5
5/28/13,100.11
5/29/13,99.55
5/30/13,99.45
5/31/13,99.11
6/1/13,99.11
6/2/13,99.11
6/3/13,97.78
6/4/13,98.04
6/5/13,97.65
6/6/13,96.4
6/7/13,95.87
6/8/13,95.87
6/9/13,95.87
6/10/13,95.97
6/11/13,94.5
6/12/13,94.5
6/13/13,92.26
6/14/13,92.22
6/15/13,92.22
6/16/13,92.22
6/17/13,93.15
6/18/13,93.71
6/19/13,92.57
6/20/13,90.01
6/21/13,88.75
6/22/13,88.75
6/23/13,88.75
6/24/13,85.05
6/25/13,83.56
6/26/13,86.68
6/27/13,86.75
6/28/13,88.5
6/29/13,88.5
6/30/13,88.5
7/1/13,88.5
7/2/13,88.28
7/3/13,85.59
7/4/13,86.42
7/5/13,87.8
7/6/13,87.8
7/7/13,87.8
7/8/13,87.01
7/9/13,86.9
7/10/13,87.71
7/11/13,90.33
7/12/13,90.41
7/13/13,90.41
7/14/13,90.41
7/15/13,91.35
7/16/13,91.99
7/17/13,91.96
7/18/13,92.0
7/19/13,91.13
7/20/13,91.13
7/21/13,91.13
7/22/13,90.91
7/23/13,93.2
7/24/13,93.67
7/25/13,93.94
7/26/13,94.15
7/27/13,94.15
7/28/13,94.15
7/29/13,93.11
7/30/13,93.55
7/31/13,93.53
8/1/13,94.81
8/2/13,94.78
8/3/13,94.78
8/4/13,94.78
8/5/13,95.64
8/6/13,95.1
8/7/13,93.83
8/8/13,94.04
8/9/13,94.94
8/10/13,94.94
8/11/13,94.94
8/12/13,96.87
8/13/13,98.24
8/14/13,98.24
8/15/13,97.59
8/16/13,97.44
8/17/13,97.44
8/18/13,97.44
8/19/13,97.83
8/20/13,95.78
8/21/13,95.81
8/22/13,96.5
8/23/13,96.41
8/24/13,96.41
8/25/13,96.41
8/26/13,97.41
8/27/13,97.11
8/28/13,95.36
8/29/13,96.1
8/30/13,96.26
8/31/13,96.26
9/1/13,96.26
9/2/13,97.4
9/3/13,98.47
9/4/13,97.98
9/5/13,98.66
9/6/13,98.83
9/7/13,98.83
9/8/13,98.83
9/9/13,99.68
9/10/13,101.06
9/11/13,100.82
9/12/13,99.88
9/13/13,99.95
9/14/13,99.95
9/15/13,99.95
9/16/13,101.5
9/17/13,101.31
9/18/13,100.9
9/19/13,100.9
9/20/13,100.9
9/21/13,100.9
9/22/13,100.9
9/23/13,102.04
9/24/13,101.15
9/25/13,101.38
9/26/13,101.03
9/27/13,101.5
9/28/13,101.5
9/29/13,101.5
9/30/13,100.7
10/1/13,100.7
10/2/13,101.77
10/3/13,103.51
10/4/13,103.92
10/5/13,103.92
10/6/13,103.92
10/7/13,103.67
10/8/13,104.98
10/9/13,104.4
10/10/13,104.05
10/11/13,105.29
10/12/13,105.29
10/13/13,105.29
10/14/13,105.29
10/15/13,105.86
10/16/13,104.96
10/17/13,104.78
10/18/13,105.29
10/19/13,105.29
10/20/13,105.29
10/21/13,106.45
10/22/13,106.47
10/23/13,104.77
10/24/13,104.03
10/25/13,103.8
10/26/13,103.8
10/27/13,103.8
10/28/13,104.24
10/29/13,103.65
10/30/13,105.53
10/31/13,105.83
11/1/13,106.28
11/2/13,106.28
11/3/13,106.28
11/4/13,105.93
11/5/13,105.8
11/6/13,105.61
11/7/13,104.67
11/8/13,103.33
11/9/13,103.33
11/10/13,103.33
11/11/13,105.11
11/12/13,105.1
11/13/13,103.26
11/14/13,105.19
11/15/13,107.11
11/16/13,107.11
11/17/13,107.11
11/18/13,111.01
11/19/13,110.35
11/20/13,110.98
11/21/13,110.5
11/22/13,110.97
11/23/13,110.97
11/24/13,110.97
11/25/13,111.05
11/26/13,110.27
11/27/13,110.81
11/28/13,111.09
11/29/13,111.94
11/30/13,111.94
12/1/13,111.94
12/2/13,112.57
12/3/13,111.92
12/4/13,111.57
12/5/13,112.19
12/6/13,112.39
12/7/13,112.39
12/8/13,112.39
12/9/13,112.54
12/10/13,112.37
12/11/13,111.13
12/12/13,109.95
12/13/13,111.18
12/14/13,111.18
12/15/13,111.18
12/16/13,110.54
12/17/13,109.81
12/18/13,110.32
12/19/13,109.05
12/20/13,108.04
12/21/13,108.04
12/22/13,108.04
12/23/13,108.83
12/24/13,110.38
12/25/13,110.38
12/26/13,110.38
12/27/13,111.28
12/28/13,111.28
12/29/13,111.28
12/30/13,111.46
12/31/13,112.46
1/1/14,112.46
1/2/14,113.23
1/3/14,112.43
1/4/14,112.43
1/5/14,112.43
1/6/14,111.39
1/7/14,110.63
1/8/14,112.51
1/9/14,112.09
1/10/14,111.26
1/11/14,111.26
1/12/14,111.26
1/13/14,111.87
1/14/14,111.15
1/15/14,112.4
1/16/14,112.53
1/17/14,113.11
1/18/14,113.11
1/19/14,113.11
1/20/14,112.24
1/21/14,112.82
1/22/14,113.99
1/23/14,113.5
1/24/14,110.49
1/25/14,110.49
1/26/14,110.49
1/27/14,107.66
1/28/14,108.46
1/29/14,110.8
1/30/14,110.06
1/31/14,110.06
2/1/14,110.06
2/2/14,110.06
2/3/14,110.06
2/4/14,106.75
2/5/14,105.89
2/6/14,106.6
2/7/14,108.74
2/8/14,108.74
2/9/14,108.74
2/10/14,109.54
2/11/14,110.41
2/12/14,111.05
2/13/14,110.99
2/14/14,111.9
2/15/14,111.9
2/16/14,111.9
2/17/14,113.28
2/18/14,113.21
2/19/14,113.84
2/20/14,113.19
2/21/14,113.5
2/22/14,113.5
2/23/14,113.5
2/24/14,112.26
2/25/14,111.3
2/26/14,112.55
2/27/14,114.34
2/28/14,114.74
3/1/14,114.74
3/2/14,114.74
3/3/14,113.88
3/4/14,114.53
3/5/14,115.1
3/6/14,115.79
3/7/14,116.14
3/8/14,116.14
3/9/14,116.14
3/10/14,114.28
3/11/14,113.97
3/12/14,112.07
3/13/14,110.99
3/14/14,108.59
3/15/14,108.59
3/16/14,108.59
3/17/14,108.38
3/18/14,110.53
3/19/14,111.0
3/20/14,110.11
3/21/14,110.2
3/22/14,110.2
3/23/14,110.2
3/24/14,111.48
3/25/14,109.24
3/26/14,109.72
3/27/14,107.13
3/28/14,108.24
3/29/14,108.24
3/30/14,108.24
3/31/14,109.7
4/1/14,111.8
4/2/14,112.3
4/3/14,111.8
4/4/14,110.54
4/5/14,110.54
4/6/14,110.54
4/7/14,108.5
4/8/14,108.59
4/9/14,110.16
4/10/14,112.06
4/11/14,108.98
4/12/14,108.98
4/13/14,108.98
4/14/14,108.03
4/15/14,106.55
4/16/14,106.7
4/17/14,108.01
4/18/14,108.01
4/19/14,108.01
4/20/14,108.01
4/21/14,108.01
4/22/14,108.25
4/23/14,108.46
4/24/14,108.38
4/25/14,106.95
4/26/14,106.95
4/27/14,106.95
4/28/14,104.47
4/29/14,104.3
4/30/14,103.08
5/1/14,103.08
5/2/14,104.07
5/3/14,104.07
5/4/14,104.07
5/5/14,103.65
5/6/14,103.65
5/7/14,101.59
5/8/14,100.31
5/9/14,99.36
5/10/14,99.36
5/11/14,99.36
5/12/14,101.35
5/13/14,103.02
5/14/14,103.9
5/15/14,104.81
5/16/14,103.88
5/17/14,103.88
5/18/14,103.88
5/19/14,103.6
5/20/14,104.27
5/21/14,104.53
5/22/14,106.26
5/23/14,107.05
5/24/14,107.05
5/25/14,107.05
5/26/14,107.48
5/27/14,106.93
5/28/14,107.27
5/29/14,106.45
5/30/14,107.26
5/31/14,107.26
6/1/14,107.26
6/2/14,107.26
6/3/14,108.0
6/4/14,107.19
6/5/14,107.74
6/6/14,108.05
6/7/14,108.05
6/8/14,108.05
6/9/14,108.74
6/10/14,109.99
6/11/14,110.59
6/12/14,110.63
6/13/14,111.26
6/14/14,111.26
6/15/14,111.26
6/16/14,111.21
6/17/14,110.43
6/18/14,110.36
6/19/14,109.68
6/20/14,109.5
6/21/14,109.5
6/22/14,109.5
6/23/14,107.96
6/24/14,108.64
6/25/14,108.75
6/26/14,110.17
6/27/14,110.27
6/28/14,110.27
6/29/14,110.27
6/30/14,110.86
7/1/14,110.86
7/2/14,112.69
7/3/14,113.93
7/4/14,114.62
7/5/14,114.62
7/6/14,114.62
7/7/14,114.71
7/8/14,114.05
7/9/14,112.35
7/10/14,113.05
7/11/14,112.7
7/12/14,112.7
7/13/14,112.7
7/14/14,113.33
7/15/14,113.95
7/16/14,113.99
7/17/14,113.81
7/18/14,113.43
7/19/14,113.43
7/20/14,113.43
7/21/14,113.13
7/22/14,114.87
7/23/14,115.88
7/24/14,116.7
7/25/14,116.93
7/26/14,116.93
7/27/14,116.93
7/28/14,118.0
7/29/14,118.35
7/30/14,117.64
7/31/14,118.23
8/1/14,116.93
8/2/14,116.93
8/3/14,116.93
8/4/14,117.91
8/5/14,118.31
8/6/14,117.91
8/7/14,116.58
8/8/14,116.5
8/9/14,116.5
8/10/14,116.5
8/11/14,118.28
8/12/14,119.29
8/13/14,120.26
8/14/14,119.56
8/15/14,119.71
8/16/14,119.71
8/17/14,119.71
8/18/14,119.58
8/19/14,120.5
8/20/14,120.57
8/21/14,119.73
8/22/14,120.5
8/23/14,120.5
8/24/14,120.5
8/25/14,121.34
8/26/14,121.16
8/27/14,120.4
8/28/14,118.69
8/29/14,118.93
8/30/14,118.93
8/31/14,118.93
9/1/14,119.2
9/2/14,119.33
9/3/14,122.01
9/4/14,122.53
9/5/14,122.38
9/6/14,122.38
9/7/14,122.38
9/8/14,122.65
9/9/14,122.65
9/10/14,120.14
9/11/14,119.88
9/12/14,119.72
9/13/14,119.72
9/14/14,119.72
9/15/14,118.4
9/16/14,116.88
9/17/14,118.24
9/18/14,117.55
9/19/14,118.28
9/20/14,118.28
9/21/14,118.28
9/22/14,116.41
9/23/14,115.88
9/24/14,116.84
9/25/14,116.89
9/26/14,116.01
9/27/14,116.01
9/28/14,116.01
9/29/14,114.19
9/30/14,113.59
10/1/14,113.59
10/2/14,113.59
10/3/14,114.07
10/4/14,114.07
10/5/14,114.07
10/6/14,115.97
10/7/14,116.2
10/8/14,115.65
10/9/14,116.76
10/10/14,114.85
10/11/14,114.85
10/12/14,114.85
10/13/14,113.73
10/14/14,113.27
10/15/14,113.98
10/16/14,113.52
10/17/14,113.87
10/18/14,113.87
10/19/14,113.87
10/20/14,114.84
10/21/14,115.14
10/22/14,116.48
10/23/14,115.86
10/24/14,115.79
10/25/14,115.79
10/26/14,115.79
10/27/14,114.69
10/28/14,116.17
10/29/14,117.87
10/30/14,117.44
10/31/14,119.34
11/1/14,119.34
11/2/14,119.34
11/3/14,119.5
11/4/14,119.64
11/5/14,118.84
11/6/14,118.51
11/7/14,118.62
11/8/14,118.62
11/9/14,118.62
11/10/14,119.83
11/11/14,119.94
11/12/14,120.62
11/13/14,120.9
11/14/14,120.98
11/15/14,120.98
11/16/14,120.98
11/17/14,119.41
11/18/14,117.79
11/19/14,117.45
11/20/14,117.3
11/21/14,117.75
11/22/14,117.75
11/23/14,117.75
11/24/14,121.02
11/25/14,120.33
11/26/14,121.39
11/27/14,120.85
11/28/14,120.57
11/29/14,120.57
11/30/14,120.57
12/1/14,117.35
12/2/14,118.58
12/3/14,118.03
12/4/14,120.09
12/5/14,120.14
12/6/14,120.14
12/7/14,120.14
12/8/14,120.42
12/9/14,116.44
12/10/14,118.62
12/11/14,117.73
12/12/14,118.19
12/13/14,118.19
12/14/14,118.19
12/15/14,117.62
12/16/14,116.15
12/17/14,115.44
12/18/14,116.63
12/19/14,117.08
12/20/14,117.08
12/21/14,117.08
12/22/14,117.86
12/23/14,116.88
12/24/14,116.49
12/25/14,116.49
12/26/14,116.49
12/27/14,116.49
12/28/14,116.49
12/29/14,119.07
12/30/14,118.95
12/31/14,120.61
1/1/15,120.61
1/2/15,123.63
1/3/15,123.63
1/4/15,123.63
1/5/15,124.18
1/6/15,123.04
1/7/15,123.55
1/8/15,124.51
1/9/15,125.01
1/10/15,125.01
1/11/15,125.01
1/12/15,123.51
1/13/15,123.58
1/14/15,123.19
1/15/15,124.38
1/16/15,122.92
1/17/15,122.92
1/18/15,122.92
1/19/15,118.51
1/20/15,120.56
1/21/15,123.06
1/22/15,123.16
1/23/15,124.26
1/24/15,124.26
1/25/15,124.26
1/26/15,124.27
1/27/15,122.91
1/28/15,122.68
1/29/15,121.04
1/30/15,120.63
1/31/15,120.63
2/1/15,120.63
2/2/15,119.14
2/3/15,120.19
2/4/15,119.73
2/5/15,118.91
2/6/15,117.66
2/7/15,117.66
2/8/15,117.66
2/9/15,116.78
2/10/15,116.92
2/11/15,116.3
2/12/15,117.2
2/13/15,118.64
2/14/15,118.64
2/15/15,118.64
2/16/15,119.12
2/17/15,119.32
2/18/15,119.57
2/19/15,119.57
2/20/15,119.57
2/21/15,119.57
2/22/15,119.57
2/23/15,119.64
2/24/15,119.8
2/25/15,120.22
2/26/15,121.52
2/27/15,121.38
2/28/15,121.38
3/1/15,121.38
3/2/15,121.88
3/3/15,120.08
3/4/15,119.04
3/5/15,118.26
3/6/15,118.63
3/7/15,118.63
3/8/15,118.63
3/9/15,118.82
3/10/15,117.07
3/11/15,116.44
3/12/15,117.13
3/13/15,117.57
3/14/15,117.57
3/15/15,117.57
3/16/15,118.07
3/17/15,118.27
3/18/15,119.49
3/19/15,120.64
3/20/15,120.58
3/21/15,120.58
3/22/15,120.58
3/23/15,121.5
3/24/15,120.96
3/25/15,121.17
3/26/15,120.63
3/27/15,121.18
3/28/15,121.18
3/29/15,121.18
3/30/15,124.89
3/31/15,125.18
4/1/15,126.69
4/2/15,128.05
4/3/15,128.05
4/4/15,128.05
4/5/15,128.05
4/6/15,128.05
4/7/15,128.05
4/8/15,136.48
4/9/15,140.31
4/10/15,142.97
4/11/15,142.97
4/12/15,142.97
4/13/15,149.43
4/14/15,144.45
4/15/15,144.97
4/16/15,147.62
4/17/15,146.43
4/18/15,146.43
4/19/15,146.43
4/20/15,141.58
4/21/15,145.57
4/22/15,148.39
4/23/15,147.02
4/24/15,146.64
4/25/15,146.64
4/26/15,146.64
4/27/15,149.8
4/28/15,149.59
4/29/15,148.78
4/30/15,148.17
5/1/15,148.17
5/2/15,148.17
5/3/15,148.17
5/4/15,148.65
5/5/15,144.78
5/6/15,142.83
5/7/15,140.05
5/8/15,142.95
5/9/15,142.95
5/10/15,142.95
5/11/15,144.89
5/12/15,143.18
5/13/15,142.24
5/14/15,142.27
5/15/15,144.01
5/16/15,144.01
5/17/15,144.01
5/18/15,144.04
5/19/15,146.32
5/20/15,146.63
5/21/15,145.64
5/22/15,147.81
5/23/15,147.81
5/24/15,147.81
5/25/15,147.81
5/26/15,151.65
5/27/15,150.88
5/28/15,146.54
5/29/15,146.54
5/30/15,146.54
5/31/15,146.54
6/1/15,148.6
6/2/15,147.6
6/3/15,145.76
6/4/15,145.41
6/5/15,143.29
6/6/15,143.29
6/7/15,143.29
6/8/15,143.18
6/9/15,139.62
6/10/15,138.96
6/11/15,140.05
6/12/15,143.35
6/13/15,143.35
6/14/15,143.35
6/15/15,140.98
6/16/15,138.73
6/17/15,140.52
6/18/15,140.24
6/19/15,138.86
6/20/15,138.86
6/21/15,138.86
6/22/15,139.9
6/23/15,142.44
6/24/15,143.92
6/25/15,142.52
6/26/15,139.05
6/27/15,139.05
6/28/15,139.05
6/29/15,133.83
6/30/15,136.86
7/1/15,136.86
7/2/15,135.02
7/3/15,131.33
7/4/15,131.33
7/5/15,131.33
7/6/15,124.02
7/7/15,118.1
7/8/15,109.32
7/9/15,118.04
7/10/15,122.26
7/11/15,122.26
7/12/15,122.26
7/13/15,124.52
7/14/15,123.89
7/15/15,121.91
7/16/15,123.02
7/17/15,124.9
7/18/15,124.9
7/19/15,124.9
7/20/15,124.95
7/21/15,125.78
7/22/15,124.57
7/23/15,125.08
7/24/15,123.44
7/25/15,123.44
7/26/15,123.44
7/27/15,117.61
7/28/15,117.36
7/29/15,118.55
7/30/15,117.9
7/31/15,118.09
8/1/15,118.09
8/2/15,118.09
8/3/15,116.43
8/4/15,116.66
8/5/15,117.42
8/6/15,117.05
8/7/15,118.37
8/8/15,118.37
8/9/15,118.37
8/10/15,119.88
8/11/15,119.24
8/12/15,116.54
8/13/15,117.59
8/14/15,117.87
8/15/15,117.87
8/16/15,117.87
8/17/15,117.18
8/18/15,114.94
8/19/15,113.6
8/20/15,110.88
8/21/15,107.88
8/22/15,107.88
8/23/15,107.88
8/24/15,100.39
8/25/15,100.98
8/26/15,100.29
8/27/15,105.04
8/28/15,104.67
8/29/15,104.67
8/30/15,104.67
8/31/15,103.98
9/1/15,101.49
9/2/15,100.48
9/3/15,100.48
9/4/15,99.97
9/5/15,99.97
9/6/15,99.97
9/7/15,99.52
9/8/15,103.15
9/9/15,107.0
9/10/15,104.86
9/11/15,104.87
9/12/15,104.87
9/13/15,104.87
9/14/15,104.75
9/15/15,104.24
9/16/15,106.89
9/17/15,106.9
9/18/15,107.79
9/19/15,107.79
9/20/15,107.79
9/21/15,106.96
9/22/15,106.79
9/23/15,104.29
9/24/15,104.0
9/25/15,104.06
9/26/15,104.06
9/27/15,104.06
9/28/15,104.06
9/29/15,101.28
9/30/15,102.87
10/1/15,102.87
10/2/15,106.4
10/3/15,106.4
10/4/15,106.4
10/5/15,108.02
10/6/15,107.88
10/7/15,111.46
10/8/15,110.26
10/9/15,110.92
10/10/15,110.92
10/11/15,110.92
10/12/15,112.58
10/13/15,111.9
10/14/15,111.01
10/15/15,113.07
10/16/15,113.2
10/17/15,113.2
10/18/15,113.2
10/19/15,113.81
10/20/15,113.75
10/21/15,113.75
10/22/15,112.72
10/23/15,113.93
10/24/15,113.93
10/25/15,113.93
10/26/15,113.88
10/27/15,113.45
10/28/15,112.0
10/29/15,111.23
10/30/15,110.6
10/31/15,110.6
11/1/15,110.6
11/2/15,110.07
11/3/15,110.82
11/4/15,113.55
11/5/15,113.76
11/6/15,113.66
11/7/15,113.66
11/8/15,113.66
11/9/15,113.05
11/10/15,111.28
11/11/15,111.07
11/12/15,113.15
11/13/15,110.9
11/14/15,110.9
11/15/15,110.9
11/16/15,109.2
11/17/15,110.21
11/18/15,109.92
11/19/15,111.2
11/20/15,112.32
11/21/15,112.32
11/22/15,112.32
11/23/15,111.91
11/24/15,111.29
11/25/15,110.62
11/26/15,110.21
11/27/15,108.1
11/28/15,108.1
11/29/15,108.1
11/30/15,107.89
12/1/15,109.57
12/2/15,110.44
12/3/15,110.23
12/4/15,108.62
12/5/15,108.62
12/6/15,108.62
12/7/15,108.21
12/8/15,106.03
12/9/15,104.63
12/10/15,103.91
12/11/15,102.56
12/12/15,102.56
12/13/15,102.56
12/14/15,102.04
12/15/15,102.36
12/16/15,104.04
12/17/15,105.06
12/18/15,104.63
12/19/15,104.63
12/20/15,104.63
12/21/15,104.83
12/22/15,104.92
12/23/15,106.23
12/24/15,106.71
12/25/15,106.71
12/26/15,106.71
12/27/15,106.71
12/28/15,105.87
12/29/15,105.96
12/30/15,105.59
12/31/15,105.96
1/1/16,105.96
1/2/16,105.96
1/3/16,105.96
1/4/16,102.61
1/5/16,101.72
1/6/16,101.38
1/7/16,97.69
1/8/16,98.08
1/9/16,98.08
1/10/16,98.08
1/11/16,94.9
1/12/16,93.72
1/13/16,94.99
1/14/16,94.25
1/15/16,92.81
1/16/16,92.81
1/17/16,92.81
1/18/16,91.58
1/19/16,94.19
1/20/16,91.01
1/21/16,89.25
1/22/16,91.94
1/23/16,91.94
1/24/16,91.94
1/25/16,92.97
1/26/16,90.49
1/27/16,90.86
1/28/16,91.07
1/29/16,93.15
1/30/16,93.15
1/31/16,93.15
2/1/16,92.98
2/2/16,92.6
2/3/16,90.59
2/4/16,91.26
2/5/16,91.96
2/6/16,91.96
2/7/16,91.96
2/8/16,91.96
2/9/16,91.96
2/10/16,91.96
2/11/16,87.96
2/12/16,86.35
2/13/16,86.35
2/14/16,86.35
2/15/16,89.47
2/16/16,90.79
2/17/16,90.49
2/18/16,92.84
2/19/16,92.55
2/20/16,92.55
2/21/16,92.55
2/22/16,93.46
2/23/16,93.29
2/24/16,92.18
2/25/16,90.6
2/26/16,92.35
2/27/16,92.35
2/28/16,92.35
2/29/16,90.54
3/1/16,92.08
3/2/16,95.19
3/3/16,94.98
3/4/16,96.31
3/5/16,96.31
3/6/16,96.31
3/7/16,97.13
3/8/16,96.42
3/9/16,95.61
3/10/16,95.66
3/11/16,96.87
3/12/16,96.87
3/13/16,96.87
3/14/16,98.36
3/15/16,97.4
3/16/16,96.75
3/17/16,98.66
3/18/16,99.78
3/19/16,99.78
3/20/16,99.78
3/21/16,100.31
3/22/16,100.01
3/23/16,99.99
3/24/16,98.62
3/25/16,98.62
3/26/16,98.62
3/27/16,98.62
3/28/16,98.62
3/29/16,98.63
3/30/16,100.73
3/31/16,101.04
4/1/16,99.83
4/2/16,99.83
4/3/16,99.83
4/4/16,99.83
4/5/16,98.7
4/6/16,98.6
4/7/16,98.95
4/8/16,98.83
4/9/16,98.83
4/10/16,98.83
4/11/16,99.84
4/12/16,100.23
4/13/16,103.37
4/14/16,104.26
4/15/16,103.98
4/16/16,103.98
4/17/16,103.98
4/18/16,103.12
4/19/16,104.02
4/20/16,102.73
4/21/16,103.99
4/22/16,102.78
4/23/16,102.78
4/24/16,102.78
4/25/16,101.54
4/26/16,101.56
4/27/16,101.38
4/28/16,101.45
4/29/16,100.35
4/30/16,100.35
5/1/16,100.35
5/2/16,100.35
5/3/16,98.96
5/4/16,98.49
5/5/16,97.75
5/6/16,96.67
5/7/16,96.67
5/8/16,96.67
5/9/16,96.2
5/10/16,96.19
5/11/16,96.18
5/12/16,95.69
5/13/16,94.52
5/14/16,94.52
5/15/16,94.52
5/16/16,95.0
5/17/16,96.29
5/18/16,95.27
5/19/16,94.38
5/20/16,94.99
5/21/16,94.99
5/22/16,94.99
5/23/16,95.21
5/24/16,94.93
5/25/16,97.21
5/26/16,96.84
5/27/16,97.94
5/28/16,97.94
5/29/16,97.94
5/30/16,98.65
5/31/16,99.5
6/1/16,99.72
6/2/16,99.59
6/3/16,99.94
6/4/16,99.94
6/5/16,99.94
6/6/16,100.02
6/7/16,101.8
6/8/16,101.47
6/9/16,101.47
6/10/16,99.8
6/11/16,99.8
6/12/16,99.8
6/13/16,97.37
6/14/16,96.97
6/15/16,97.68
6/16/16,96.37
6/17/16,96.71
6/18/16,96.71
6/19/16,96.71
6/20/16,97.58
6/21/16,98.67
6/22/16,99.7
6/23/16,99.93
6/24/16,97.99
6/25/16,97.99
6/26/16,97.99
6/27/16,97.95
6/28/16,97.23
6/29/16,98.64
6/30/16,100.57
7/1/16,100.57
7/2/16,100.57
7/3/16,100.57
7/4/16,101.66
7/5/16,100.41
7/6/16,99.54
7/7/16,100.2
7/8/16,100.04
7/9/16,100.04
7/10/16,100.04
7/11/16,101.21
7/12/16,102.96
7/13/16,103.55
7/14/16,104.05
7/15/16,104.34
7/16/16,104.34
7/17/16,104.34
7/18/16,104.58
7/19/16,104.04
7/20/16,104.46
7/21/16,105.43
7/22/16,105.13
7/23/16,105.13
7/24/16,105.13
7/25/16,105.26
7/26/16,105.5
7/27/16,105.87
7/28/16,105.59
7/29/16,104.25
7/30/16,104.25
7/31/16,104.25
8/1/16,105.39
8/2/16,105.39
8/3/16,104.22
8/4/16,104.5
8/5/16,105.92
8/6/16,105.92
8/7/16,105.92
8/8/16,107.65
8/9/16,108.0
8/10/16,107.72
8/11/16,108.7
8/12/16,110.13
8/13/16,110.13
8/14/16,110.13
8/15/16,112.28
8/16/16,112.35
8/17/16,111.7
8/18/16,113.07
8/19/16,113.0
8/20/16,113.0
8/21/16,113.0
8/22/16,112.91
8/23/16,112.61
8/24/16,111.62
8/25/16,111.19
8/26/16,111.63
8/27/16,111.63
8/28/16,111.63
8/29/16,111.85
8/30/16,112.86
8/31/16,112.28
9/1/16,112.94
9/2/16,113.58
9/3/16,113.58
9/4/16,113.58
9/5/16,115.8
9/6/16,117.04
9/7/16,117.54
9/8/16,117.61
9/9/16,118.31
9/10/16,118.31
9/11/16,118.31
9/12/16,114.08
9/13/16,114.04
9/14/16,113.83
9/15/16,114.47
9/16/16,114.47
9/17/16,114.47
9/18/16,114.47
9/19/16,115.7
9/20/16,115.62
9/21/16,116.39
9/22/16,117.5
9/23/16,117.61
9/24/16,117.61
9/25/16,117.61
9/26/16,115.62
9/27/16,116.05
9/28/16,116.35
9/29/16,116.78
9/30/16,114.53
10/1/16,114.53
10/2/16,114.53
10/3/16,115.66
10/4/16,116.42
10/5/16,117.07
10/6/16,118.33
10/7/16,117.79
10/8/16,117.79
10/9/16,117.79
10/10/16,117.79
10/11/16,117.04
10/12/16,115.63
10/13/16,113.83
10/14/16,114.23
10/15/16,114.23
10/16/16,114.23
10/17/16,113.59
10/18/16,115.21
10/19/16,114.96
10/20/16,115.19
10/21/16,115.19
10/22/16,115.19
10/23/16,115.19
10/24/16,116.39
10/25/16,116.33
10/26/16,115.28
10/27/16,114.22
10/28/16,113.13
10/29/16,113.13
10/30/16,113.13
10/31/16,113.01
11/1/16,113.71
11/2/16,111.93
11/3/16,111.09
11/4/16,110.84
11/5/16,110.84
11/6/16,110.84
11/7/16,111.87
11/8/16,112.73
11/9/16,110.79
11/10/16,112.15
11/11/16,110.52
11/12/16,110.52
11/13/16,110.52
11/14/16,109.28
11/15/16,108.86
11/16/16,109.51
11/17/16,109.61
11/18/16,109.88
11/19/16,109.88
11/20/16,109.88
11/21/16,109.99
11/22/16,111.35
11/23/16,110.9
11/24/16,110.83
11/25/16,111.5
11/26/16,111.5
11/27/16,111.5
11/28/16,112.38
11/29/16,112.03
11/30/16,112.33
12/1/16,112.75
12/2/16,110.98
12/3/16,110.98
12/4/16,110.98
12/5/16,110.12
12/6/16,110.66
12/7/16,111.05
12/8/16,111.74
12/9/16,111.57
12/10/16,111.57
12/11/16,111.57
12/12/16,110.19
12/13/16,110.46
12/14/16,110.3
12/15/16,108.5
12/16/16,108.04
12/17/16,108.04
12/18/16,108.04
12/19/16,107.29
12/20/16,106.61
12/21/16,107.32
12/22/16,106.45
12/23/16,105.97
12/24/16,105.97
12/25/16,105.97
12/26/16,105.97
12/27/16,105.97
12/28/16,107.13
12/29/16,107.46
12/30/16,108.65
12/31/16,108.65
1/1/17,108.65
1/2/17,108.65
1/3/17,108.54
1/4/17,108.61
1/5/17,110.15
1/6/17,110.98
1/7/17,110.98
1/8/17,110.98
1/9/17,110.71
1/10/17,111.48
1/11/17,112.41
1/12/17,112.15
1/13/17,112.15
1/14/17,112.15
1/15/17,112.15
1/16/17,111.03
1/17/17,111.54
1/18/17,112.66
1/19/17,112.54
1/20/17,112.17
1/21/17,112.17
1/22/17,112.17
1/23/17,112.2
1/24/17,113.13
1/25/17,113.61
1/26/17,114.78
1/27/17,114.16
1/28/17,114.16
1/29/17,114.16
1/30/17,114.16
1/31/17,114.16
2/1/17,114.03
2/2/17,113.63
2/3/17,113.39
2/4/17,113.39
2/5/17,113.39
2/6/17,114.16
2/7/17,114.34
2/8/17,114.97
2/9/17,116.0
2/10/17,116.09
2/11/17,116.09
2/12/17,116.09
2/13/17,117.27
2/14/17,117.14
2/15/17,117.58
2/16/17,118.33
2/17/17,117.91
2/18/17,117.91
2/19/17,117.91
2/20/17,118.86
2/21/17,118.3
2/22/17,120.06
2/23/17,120.28
2/24/17,118.96
2/25/17,118.96
2/26/17,118.96
2/27/17,118.31
2/28/17,118.0
3/1/17,118.16
3/2/17,118.2
3/3/17,117.26
3/4/17,117.26
3/5/17,117.26
3/6/17,117.7
3/7/17,118.02
3/8/17,118.75
3/9/17,117.28
3/10/17,117.29
3/11/17,117.29
3/12/17,117.29
3/13/17,119.36
3/14/17,119.83
3/15/17,119.66
3/16/17,121.67
3/17/17,121.93
3/18/17,121.93
3/19/17,121.93
3/20/17,122.86
3/21/17,123.7
3/22/17,121.78
3/23/17,122.37
3/24/17,122.9
3/25/17,122.9
3/26/17,122.9
3/27/17,121.46
3/28/17,122.21
3/29/17,122.44
3/30/17,122.09
3/31/17,121.52
4/1/17,121.52
4/2/17,121.52
4/3/17,122.43
4/4/17,122.43
4/5/17,122.8
4/6/17,122.24
4/7/17,122.65
4/8/17,122.65
4/9/17,122.65
4/10/17,122.16
4/11/17,121.76
4/12/17,122.1
4/13/17,122.23
4/14/17,122.23
4/15/17,122.23
4/16/17,122.23
4/17/17,122.23
4/18/17,120.87
4/19/17,120.87
4/20/17,122.04
4/21/17,122.37
4/22/17,122.37
4/23/17,122.37
4/24/17,122.54
4/25/17,124.27
4/26/17,125.29
4/27/17,125.03
4/28/17,125.27
4/29/17,125.27
4/30/17,125.27
5/1/17,125.27
5/2/17,125.39
5/3/17,125.39
5/4/17,124.34
5/5/17,122.76
5/6/17,122.76
5/7/17,122.76
5/8/17,123.51
5/9/17,125.27
5/10/17,126.62
5/11/17,126.87
5/12/17,126.95
5/13/17,126.95
5/14/17,126.95
5/15/17,127.77
5/16/17,128.08
5/17/17,128.44
5/18/17,126.7
5/19/17,127.23
5/20/17,127.23
5/21/17,127.23
5/22/17,128.96
5/23/17,128.83
5/24/17,128.62
5/25/17,129.34
5/26/17,129.52
5/27/17,129.52
5/28/17,129.52
5/29/17,130.11
5/30/17,130.11
5/31/17,129.92
6/1/17,130.2
6/2/17,130.76
6/3/17,130.76
6/4/17,130.76
6/5/17,130.89
6/6/17,131.49
6/7/17,131.77
6/8/17,133.28
6/9/17,134.37
6/10/17,134.37
6/11/17,134.37
6/12/17,131.82
6/13/17,132.61
6/14/17,132.6
6/15/17,131.23
6/16/17,131.2
6/17/17,131.2
6/18/17,131.2
6/19/17,132.4
6/20/17,133.05
6/21/17,132.53
6/22/17,133.68
6/23/17,133.82
6/24/17,133.82
6/25/17,133.82
6/26/17,135.03
6/27/17,134.93
6/28/17,133.31
6/29/17,134.89
6/30/17,133.96
7/1/17,133.96
7/2/17,133.96
7/3/17,134.46
7/4/17,132.28
7/5/17,133.47
7/6/17,134.64
7/7/17,133.68
7/8/17,133.68
7/9/17,133.68
7/10/17,134.04
7/11/17,136.48
7/12/17,137.18
7/13/17,139.19
7/14/17,139.48
7/15/17,139.48
7/16/17,139.48
7/17/17,140.77
7/18/17,140.67
7/19/17,143.41
7/20/17,143.92
7/21/17,143.18
7/22/17,143.18
7/23/17,143.18
7/24/17,144.28
7/25/17,143.8
7/26/17,143.55
7/27/17,145.34
7/28/17,143.83
7/29/17,143.83
7/30/17,143.83
7/31/17,146.31
8/1/17,146.44
8/2/17,146.66
8/3/17,145.1
8/4/17,146.23
8/5/17,146.23
8/6/17,146.23
8/7/17,147.38
8/8/17,149.62
8/9/17,149.12
8/10/17,147.49
8/11/17,142.44
8/12/17,142.44
8/13/17,142.44
8/14/17,144.65
8/15/17,144.74
8/16/17,146.23
8/17/17,146.57
8/18/17,145.21
8/19/17,145.21
8/20/17,145.21
8/21/17,146.29
8/22/17,148.4
8/23/17,148.4
8/24/17,149.87
8/25/17,150.66
8/26/17,150.66
8/27/17,150.66
8/28/17,149.28
8/29/17,148.22
8/30/17,150.08
8/31/17,151.23
9/1/17,151.71
9/2/17,151.71
9/3/17,151.71
9/4/17,151.26
9/5/17,152.09
9/6/17,151.41
9/7/17,151.28
9/8/17,151.94
9/9/17,151.94
9/10/17,151.94
9/11/17,152.51
9/12/17,154.48
9/13/17,156.07
9/14/17,156.31
9/15/17,156.69
9/16/17,156.69
9/17/17,156.69
9/18/17,158.25
9/19/17,159.04
9/20/17,160.37
9/21/17,159.95
9/22/17,158.39
9/23/17,158.39
9/24/17,158.39
9/25/17,154.35
9/26/17,152.28
9/27/17,154.45
9/28/17,153.35
9/29/17,154.37
9/30/17,154.37
10/1/17,154.37
10/2/17,154.37
10/3/17,159.56
10/4/17,161.09
10/5/17,161.09
10/6/17,161.9
10/7/17,161.9
10/8/17,161.9
10/9/17,161.52
10/10/17,162.4
10/11/17,161.88
10/12/17,162.73
10/13/17,162.58
10/14/17,162.58
10/15/17,162.58
10/16/17,163.7
10/17/17,164.27
10/18/17,163.83
10/19/17,161.1
10/20/17,163.61
10/21/17,163.61
10/22/17,163.61
10/23/17,163.94
10/24/17,162.22
10/25/17,163.59
10/26/17,161.88
10/27/17,160.62
10/28/17,160.62
10/29/17,160.62
10/30/17,159.97
10/31/17,160.86
11/1/17,162.46
11/2/17,162.42
11/3/17,162.55
11/4/17,162.55
11/5/17,162.55
11/6/17,164.4
11/7/17,167.22
11/8/17,166.85
11/9/17,168.36
11/10/17,169.28
11/11/17,169.28
11/12/17,169.28
11/13/17,170.46
11/14/17,170.19
11/15/17,167.74
11/16/17,169.99
11/17/17,171.3
11/18/17,171.3
11/19/17,171.3
11/20/17,171.5
11/21/17,175.37
11/22/17,175.17
11/23/17,171.69
11/24/17,172.88
11/25/17,172.88
11/26/17,172.88
11/27/17,169.63
11/28/17,170.37
11/29/17,169.19
11/30/17,164.37
12/1/17,163.6
12/2/17,163.6
12/3/17,163.6
12/4/17,165.24
12/5/17,162.36
12/6/17,157.14
12/7/17,158.11
12/8/17,162.24
12/9/17,162.24
12/10/17,162.24
12/11/17,165.89
12/12/17,164.16
12/13/17,164.28
12/14/17,164.83
12/15/17,161.86
12/16/17,161.86
12/17/17,161.86
12/18/17,162.33
12/19/17,164.32
12/20/17,163.46
12/21/17,165.69
12/22/17,167.49
12/23/17,167.49
12/24/17,167.49
12/25/17,167.49
12/26/17,167.49
12/27/17,166.12
12/28/17,168.33
12/29/17,168.74
12/30/17,168.74
12/31/17,168.74
1/1/18,168.74
1/2/18,173.11
1/3/18,175.97
1/4/18,177.82
1/5/18,177.69
1/6/18,177.69
1/7/18,177.69
1/8/18,179.46
1/9/18,180.74
1/10/18,181.61
1/11/18,180.63
1/12/18,183.16
1/13/18,183.16
1/14/18,183.16
1/15/18,180.7
1/16/18,183.28
1/17/18,181.34
1/18/18,181.4
1/19/18,183.59
1/20/18,183.59
1/21/18,183.59
1/22/18,185.34
1/23/18,187.34
1/24/18,187.06
1/25/18,184.96
1/26/18,187.78
1/27/18,187.78
1/28/18,187.78
1/29/18,187.62
1/30/18,185.14
1/31/18,185.84
2/1/18,185.01
2/2/18,184.89
2/3/18,184.89
2/4/18,184.89
2/5/18,181.74
2/6/18,171.3
2/7/18,168.87
2/8/18,168.68
2/9/18,162.28
2/10/18,162.28
2/11/18,162.28
2/12/18,164.09
2/13/18,167.32
2/14/18,170.79
2/15/18,175.51
2/16/18,175.51
2/17/18,175.51
2/18/18,175.51
2/19/18,175.51
2/20/18,175.11
2/21/18,178.26
2/22/18,177.05
2/23/18,179.15
2/24/18,179.15
2/25/18,179.15
2/26/18,181.18
2/27/18,177.85
2/28/18,174.81
3/1/18,175.75
3/2/18,172.22
3/3/18,172.22
3/4/18,172.22
3/5/18,170.09
3/6/18,173.97
3/7/18,173.5
3/8/18,176.34
3/9/18,177.58
3/10/18,177.58
3/11/18,177.58
3/12/18,180.87
3/13/18,180.72
3/14/18,179.66
3/15/18,182.15
3/16/18,182.69
3/17/18,182.69
3/18/18,182.69
3/19/18,182.8
3/20/18,183.57
3/21/18,182.24
3/22/18,179.8
3/23/18,173.33
3/24/18,173.33
3/25/18,173.33
3/26/18,174.44
3/27/18,177.89
3/28/18,171.97
3/29/18,171.72
3/30/18,171.72
3/31/18,171.72
4/1/18,171.72
4/2/18,171.72
4/3/18,172.24
4/4/18,170.25
4/5/18,170.25
4/6/18,172.05
4/7/18,172.05
4/8/18,172.05
4/9/18,172.47
4/10/18,176.14
4/11/18,177.08
4/12/18,176.39
4/13/18,175.16
4/14/18,175.16
4/15/18,175.16
4/16/18,171.83
4/17/18,169.0
4/18/18,170.06
4/19/18,173.72
4/20/18,171.54
4/21/18,171.54
4/22/18,171.54
4/23/18,169.68
4/24/18,171.91
4/25/18,170.85
4/26/18,168.03
4/27/18,169.6
4/28/18,169.6
4/29/18,169.6
4/30/18,172.4
5/1/18,172.4
5/2/18,172.54
5/3/18,170.6
5/4/18,169.91
5/5/18,169.91
5/6/18,169.91
5/7/18,171.96
5/8/18,175.13
5/9/18,176.54
5/10/18,177.42
5/11/18,178.82
5/12/18,178.82
5/13/18,178.82
5/14/18,180.67
5/15/18,180.37
5/16/18,179.83
5/17/18,179.78
5/18/18,179.82
5/19/18,179.82
5/20/18,179.82
5/21/18,179.07
5/22/18,179.07
5/23/18,176.61
5/24/18,177.42
5/25/18,177.08
5/26/18,177.08
5/27/18,177.08
5/28/18,179.17
5/29/18,177.14
5/30/18,175.16
5/31/18,177.97
6/1/18,178.23
6/2/18,178.23
6/3/18,178.23
6/4/18,181.79
6/5/18,183.22
6/6/18,184.48
6/7/18,185.5
6/8/18,182.53
6/9/18,182.53
6/10/18,182.53
6/11/18,183.66
6/12/18,185.0
6/13/18,183.22
6/14/18,181.32
6/15/18,180.89
6/16/18,180.89
6/17/18,180.89
6/18/18,180.89
6/19/18,176.42
6/20/18,176.68
6/21/18,175.21
6/22/18,174.76
6/23/18,174.76
6/24/18,174.76
6/25/18,172.63
6/26/18,170.3
6/27/18,166.13
6/28/18,164.23
6/29/18,168.99
6/30/18,168.99
7/1/18,168.99
7/2/18,168.99
7/3/18,166.75
7/4/18,163.39
7/5/18,163.17
7/6/18,164.13
7/7/18,164.13
7/8/18,164.13
7/9/18,168.69
7/10/18,168.62
7/11/18,166.61
7/12/18,168.05
7/13/18,169.6
7/14/18,169.6
7/15/18,169.6
7/16/18,169.22
7/17/18,166.79
7/18/18,167.6
7/19/18,166.66
7/20/18,166.97
7/21/18,166.97
7/22/18,166.97
7/23/18,166.04
7/24/18,167.6
7/25/18,168.78
7/26/18,169.54
7/27/18,168.84
7/28/18,168.84
7/29/18,168.84
7/30/18,166.55
7/31/18,164.34
8/1/18,163.41
8/2/18,159.59
8/3/18,158.23
8/4/18,158.23
8/5/18,158.23
8/6/18,157.18
8/7/18,159.93
8/8/18,160.8
8/9/18,162.23
8/10/18,161.52
8/11/18,161.52
8/12/18,161.52
8/13/18,159.04
8/14/18,156.23
8/15/18,152.21
8/16/18,150.59
8/17/18,151.06
8/18/18,151.06
8/19/18,151.06
8/20/18,153.4
8/21/18,155.8
8/22/18,156.94
8/23/18,156.9
8/24/18,155.81
8/25/18,155.81
8/26/18,155.81
8/27/18,159.21
8/28/18,160.39
8/29/18,160.33
8/30/18,158.92
8/31/18,156.29
9/1/18,156.29
9/2/18,156.29
9/3/18,155.23
9/4/18,156.07
9/5/18,152.0
9/6/18,150.19
9/7/18,150.54
9/8/18,150.54
9/9/18,150.54
9/10/18,149.25
9/11/18,146.91
9/12/18,145.56
9/13/18,148.7
9/14/18,150.44
9/15/18,150.44
9/16/18,150.44
9/17/18,148.81
9/18/18,148.98
9/19/18,151.45
9/20/18,152.78
9/21/18,155.86
9/22/18,155.86
9/23/18,155.86
9/24/18,152.98
9/25/18,152.98
9/26/18,154.86
9/27/18,154.74
9/28/18,155.47
9/29/18,155.47
9/30/18,155.47
10/1/18,155.47
10/2/18,152.42
10/3/18,151.56
10/4/18,149.13
10/5/18,147.64
10/6/18,147.64
10/7/18,147.64
10/8/18,144.41
10/9/18,143.86
10/10/18,142.99
10/11/18,137.88
10/12/18,141.03
10/13/18,141.03
10/14/18,141.03
10/15/18,140.05
10/16/18,139.95
10/17/18,139.95
10/18/18,139.66
10/19/18,139.74
10/20/18,139.74
10/21/18,139.74
10/22/18,143.01
10/23/18,140.92
10/24/18,139.82
10/25/18,137.73
10/26/18,137.18
10/27/18,137.18
10/28/18,137.18
10/29/18,136.18
10/30/18,134.15
10/31/18,137.19
11/1/18,140.32
11/2/18,146.19
11/3/18,146.19
11/4/18,146.19
11/5/18,144.01
11/6/18,144.82
11/7/18,145.19
11/8/18,146.17
11/9/18,142.49
11/10/18,142.49
11/11/18,142.49
11/12/18,141.75
11/13/18,142.32
11/14/18,141.84
11/15/18,144.22
11/16/18,144.89
11/17/18,144.89
11/18/18,144.89
11/19/18,145.08
11/20/18,142.34
11/21/18,142.1
11/22/18,142.28
11/23/18,141.55
11/24/18,141.55
11/25/18,141.55
11/26/18,142.8
11/27/18,143.21
11/28/18,144.73
11/29/18,144.56
11/30/18,144.46
12/1/18,144.46
12/2/18,144.46
12/3/18,147.82
12/4/18,148.84
12/5/18,146.41
12/6/18,143.05
12/7/18,142.17
12/8/18,142.17
12/9/18,142.17
12/10/18,140.68
12/11/18,140.67
12/12/18,142.83
12/13/18,144.56
12/14/18,142.6
12/15/18,142.6
12/16/18,142.6
12/17/18,142.2
12/18/18,140.04
12/19/18,139.3
12/20/18,137.85
12/21/18,138.02
12/22/18,138.02
12/23/18,138.02
12/24/18,137.25
12/25/18,137.25
12/26/18,137.25
12/27/18,136.89
12/28/18,137.24
12/29/18,137.24
12/30/18,137.24
12/31/18,138.63
1/1/19,138.63
1/2/19,135.13
1/3/19,134.52
1/4/19,135.77
1/5/19,135.77
1/6/19,135.77
1/7/19,137.85
1/8/19,138.96
1/9/19,141.25
1/10/19,142.46
1/11/19,143.24
1/12/19,143.24
1/13/19,143.24
1/14/19,141.74
1/15/19,144.03
1/16/19,144.78
1/17/19,144.44
1/18/19,145.6
1/19/19,145.6
1/20/19,145.6
1/21/19,145.77
1/22/19,144.85
1/23/19,144.72
1/24/19,145.11
1/25/19,146.64
1/26/19,146.64
1/27/19,146.64
1/28/19,147.1
1/29/19,147.15
1/30/19,147.51
1/31/19,149.82
2/1/19,150.72
2/2/19,150.72
2/3/19,150.72
2/4/19,151.07
2/5/19,151.07
2/6/19,151.07
2/7/19,151.07
2/8/19,150.67
2/9/19,150.67
2/10/19,150.67
2/11/19,151.54
2/12/19,151.61
2/13/19,153.64
2/14/19,153.81
2/15/19,150.8
2/16/19,150.8
2/17/19,150.8
2/18/19,152.32
2/19/19,151.7
2/20/19,153.32
2/21/19,154.43
2/22/19,156.02
2/23/19,156.02
2/24/19,156.02
2/25/19,158.26
2/26/19,157.83
2/27/19,157.03
2/28/19,156.31
3/1/19,158.45
3/2/19,158.45
3/3/19,158.45
3/4/19,160.18
3/5/19,161.18
3/6/19,161.79
3/7/19,159.93
3/8/19,155.37
3/9/19,155.37
3/10/19,155.37
3/11/19,156.86
3/12/19,159.68
3/13/19,159.18
3/14/19,159.42
3/15/19,160.43
3/16/19,160.43
3/17/19,160.43
3/18/19,163.59
3/19/19,163.18
3/20/19,162.89
3/21/19,161.24
3/22/19,161.06
3/23/19,161.06
3/24/19,161.06
3/25/19,157.18
3/26/19,157.62
3/27/19,159.18
3/28/19,159.04
3/29/19,161.76
3/30/19,161.76
3/31/19,161.76
4/1/19,164.29
4/2/19,164.51
4/3/19,166.15
4/4/19,165.95
4/5/19,165.95
4/6/19,165.95
4/7/19,165.95
4/8/19,167.44
4/9/19,168.36
4/10/19,168.85
4/11/19,166.38
4/12/19,166.57
4/13/19,166.57
4/14/19,166.57
4/15/19,166.89
4/16/19,167.44
4/17/19,167.19
4/18/19,166.82
4/19/19,166.82
4/20/19,166.82
4/21/19,166.82
4/22/19,166.82
4/23/19,165.75
4/24/19,165.57
4/25/19,163.01
4/26/19,162.82
4/27/19,162.82
4/28/19,162.82
4/29/19,164.16
4/30/19,163.71
5/1/19,163.71
5/2/19,165.21
5/3/19,165.76
5/4/19,165.76
5/5/19,165.76
5/6/19,161.08
5/7/19,161.03
5/8/19,158.06
5/9/19,154.35
5/10/19,156.72
5/11/19,156.72
5/12/19,156.72
5/13/19,156.72
5/14/19,152.27
5/15/19,154.45
5/16/19,154.94
5/17/19,152.65
5/18/19,152.65
5/19/19,152.65
5/20/19,149.77
5/21/19,148.76
5/22/19,149.57
5/23/19,146.88
5/24/19,146.97
5/25/19,146.97
5/26/19,146.97
5/27/19,147.04
5/28/19,148.24
5/29/19,147.8
5/30/19,147.45
5/31/19,146.95
6/1/19,146.95
6/2/19,146.95
6/3/19,147.13
6/4/19,145.95
6/5/19,147.36
6/6/19,146.83
6/7/19,146.83
6/8/19,146.83
6/9/19,146.83
6/10/19,149.79
6/11/19,152.32
6/12/19,151.11
6/13/19,151.05
6/14/19,150.3
6/15/19,150.3
6/16/19,150.3
6/17/19,149.69
6/18/19,151.02
6/19/19,155.2
6/20/19,157.82
6/21/19,157.75
6/22/19,157.75
6/23/19,157.75
6/24/19,158.13
6/25/19,156.3
6/26/19,156.31
6/27/19,158.57
6/28/19,158.74
6/29/19,158.74
6/30/19,158.74
7/1/19,158.74
7/2/19,162.65
7/3/19,161.69
7/4/19,161.52
7/5/19,161.84
7/6/19,161.84
7/7/19,161.84
7/8/19,159.36
7/9/19,157.71
7/10/19,158.64
7/11/19,159.22
7/12/19,159.37
7/13/19,159.37
7/14/19,159.37
7/15/19,160.27
7/16/19,160.85
7/17/19,160.79
7/18/19,160.17
7/19/19,161.27
7/20/19,161.27
7/21/19,161.27
7/22/19,160.03
7/23/19,160.61
7/24/19,161.99
7/25/19,163.1
7/26/19,162.75
7/27/19,162.75
7/28/19,162.75
7/29/19,162.18
7/30/19,162.62
7/31/19,160.51
8/1/19,159.68
8/2/19,154.89
8/3/19,154.89
8/4/19,154.89
8/5/19,150.52
8/6/19,149.07
8/7/19,149.37
8/8/19,150.48
8/9/19,150.19
8/10/19,150.19
8/11/19,150.19
8/12/19,150.18
8/13/19,148.49
8/14/19,149.59
8/15/19,149.44
8/16/19,151.1
8/17/19,151.1
8/18/19,151.1
8/19/19,154.67
8/20/19,155.53
8/21/19,156.54
8/22/19,155.46
8/23/19,156.17
8/24/19,156.17
8/25/19,156.17
8/26/19,152.95
8/27/19,153.19
8/28/19,152.91
8/29/19,153.49
8/30/19,154.53
8/31/19,154.53
9/1/19,154.53
9/2/19,155.98
9/3/19,155.49
9/4/19,158.29
9/5/19,159.61
9/6/19,160.6
9/7/19,160.6
9/8/19,160.6
9/9/19,160.15
9/10/19,159.22
9/11/19,159.62
9/12/19,160.56
9/13/19,161.97
9/14/19,161.97
9/15/19,161.97
9/16/19,161.2
9/17/19,159.16
9/18/19,159.9
9/19/19,159.34
9/20/19,159.34
9/21/19,159.34
9/22/19,159.34
9/23/19,158.13
9/24/19,157.68
9/25/19,155.55
9/26/19,156.23
9/27/19,155.62
9/28/19,155.62
9/29/19,155.62
9/30/19,154.95
10/1/19,154.95
10/2/19,154.66
10/3/19,155.66
10/4/19,155.59
10/5/19,155.59
10/6/19,155.59
10/7/19,155.59
10/8/19,155.98
10/9/19,154.88
10/10/19,156.74
10/11/19,159.2
10/12/19,159.2
10/13/19,159.2
10/14/19,160.54
10/15/19,160.42
10/16/19,161.3
10/17/19,162.24
10/18/19,161.44
10/19/19,161.44
10/20/19,161.44
10/21/19,160.26
10/22/19,160.76
10/23/19,158.63
10/24/19,159.14
10/25/19,160.32
10/26/19,160.32
10/27/19,160.32
10/28/19,162.02
10/29/19,162.48
10/30/19,161.55
10/31/19,163.2
11/1/19,164.44
11/2/19,164.44
11/3/19,164.44
11/4/19,166.83
11/5/19,167.45
11/6/19,166.93
11/7/19,168.02
11/8/19,167.51
11/9/19,167.51
11/10/19,167.51
11/11/19,164.4
11/12/19,165.28
11/13/19,164.22
11/14/19,162.78
11/15/19,162.7
11/16/19,162.7
11/17/19,162.7
11/18/19,164.57
11/19/19,167.07
11/20/19,166.28
11/21/19,163.4
11/22/19,163.75
11/23/19,163.75
11/24/19,163.75
11/25/19,164.48
11/26/19,165.06
11/27/19,166.03
11/28/19,166.45
11/29/19,162.84
11/30/19,162.84
12/1/19,162.84
12/2/19,163.65
12/3/19,163.4
12/4/19,161.99
12/5/19,163.22
12/6/19,165.45
12/7/19,165.45
12/8/19,165.45
12/9/19,165.35
12/10/19,164.36
12/11/19,165.66
12/12/19,167.74
12/13/19,170.76
12/14/19,170.76
12/15/19,170.76
12/16/19,170.37
12/17/19,172.77
12/18/19,173.27
12/19/19,172.77
12/20/19,172.54
12/21/19,172.54
12/22/19,172.54
12/23/19,172.94
12/24/19,172.93
12/25/19,172.93
12/26/19,172.93
12/27/19,175.36
12/28/19,175.36
12/29/19,175.36
12/30/19,175.82
12/31/19,174.8
1/1/20,174.8
1/2/20,176.82
1/3/20,176.9
1/4/20,176.9
1/5/20,176.9
1/6/20,175.23
1/7/20,176.69
1/8/20,175.54
1/9/20,179.08
1/10/20,179.9
1/11/20,179.9
1/12/20,179.9
1/13/20,181.84
1/14/20,181.99
1/15/20,181.14
1/16/20,182.14
1/17/20,183.02
1/18/20,183.02
1/19/20,183.02
1/20/20,181.42
1/21/20,176.95
1/22/20,179.19
1/23/20,174.68
1/24/20,175.01
1/25/20,175.01
1/26/20,175.01
1/27/20,175.01
1/28/20,175.01
1/29/20,170.62
1/30/20,166.13
1/31/20,165.28
2/1/20,165.28
2/2/20,165.28
2/3/20,165.39
2/4/20,170.6
2/5/20,171.95
2/6/20,174.53
2/7/20,173.94
2/8/20,173.94
2/9/20,173.94
2/10/20,173.14
2/11/20,175.27
2/12/20,177.25
2/13/20,177.34
2/14/20,177.45
2/15/20,177.45
2/16/20,177.45
2/17/20,179.15
2/18/20,176.68
2/19/20,177.47
2/20/20,178.1
2/21/20,176.36
2/22/20,176.36
2/23/20,176.36
2/24/20,173.38
2/25/20,174.03
2/26/20,172.09
2/27/20,173.11
2/28/20,167.91
2/29/20,167.91
3/1/20,167.91
3/2/20,170.42
3/3/20,171.76
3/4/20,171.66
3/5/20,175.92
3/6/20,173.19
3/7/20,173.19
3/8/20,173.19
3/9/20,165.47
3/10/20,167.15
3/11/20,166.61
3/12/20,160.98
3/13/20,159.03
3/14/20,159.03
3/15/20,159.03
3/16/20,151.36
3/17/20,149.63
3/18/20,145.14
3/19/20,142.13
3/20/20,149.21
3/21/20,149.21
3/22/20,149.21
3/23/20,142.64
3/24/20,149.01
3/25/20,155.39
3/26/20,155.27
3/27/20,156.22
3/28/20,156.22
3/29/20,156.22
3/30/20,153.8
3/31/20,156.1
4/1/20,154.27
4/2/20,155.77
4/3/20,154.94
4/4/20,154.94
4/5/20,154.94
4/6/20,157.25
4/7/20,161.32
4/8/20,159.85
4/9/20,161.14
4/10/20,161.14
4/11/20,161.14
4/12/20,161.14
4/13/20,161.14
4/14/20,162.91
4/15/20,161.92
4/16/20,162.79
4/17/20,164.94
4/18/20,164.94
4/19/20,164.94
4/20/20,165.64
4/21/20,162.62
4/22/20,163.79
4/23/20,164.73
4/24/20,162.69
4/25/20,162.69
4/26/20,162.69
4/27/20,164.83
4/28/20,167.0
4/29/20,167.05
4/30/20,167.05
5/1/20,167.05
5/2/20,167.05
5/3/20,167.05
5/4/20,161.19
5/5/20,162.91
5/6/20,165.13
5/7/20,165.06
5/8/20,168.29
5/9/20,168.29
5/10/20,168.29
5/11/20,170.64
5/12/20,170.27
5/13/20,170.96
5/14/20,170.27
5/15/20,170.53
5/16/20,170.53
5/17/20,170.53
5/18/20,172.27
5/19/20,175.86
5/20/20,175.51
5/21/20,173.55
5/22/20,167.57
5/23/20,167.57
5/24/20,167.57
5/25/20,168.18
5/26/20,171.08
5/27/20,170.92
5/28/20,169.24
5/29/20,171.12
5/30/20,171.12
5/31/20,171.12
6/1/20,176.57
6/2/20,178.24
6/3/20,180.51
6/4/20,182.04
6/5/20,181.92
6/6/20,181.92
6/7/20,181.92
6/8/20,182.03
6/9/20,182.35
6/10/20,184.66
6/11/20,183.08
6/12/20,182.2
6/13/20,182.2
6/14/20,182.2
6/15/20,178.74
6/16/20,182.91
6/17/20,184.37
6/18/20,186.12
6/19/20,187.63
6/20/20,187.63
6/21/20,187.63
6/22/20,187.11
6/23/20,190.37
6/24/20,190.28
6/25/20,190.28
6/26/20,189.58
6/27/20,189.58
6/28/20,189.58
6/29/20,188.73
6/30/20,189.81
7/1/20,189.81
7/2/20,195.11
7/3/20,197.67
7/4/20,197.67
7/5/20,197.67
7/6/20,201.06
7/7/20,202.95
7/8/20,207.23
7/9/20,213.33
7/10/20,212.37
7/11/20,212.37
7/12/20,212.37
7/13/20,214.43
7/14/20,210.83
7/15/20,212.35
7/16/20,203.27
7/17/20,206.39
7/18/20,206.39
7/19/20,206.39
7/20/20,208.28
7/21/20,216.86
7/22/20,213.21
7/23/20,216.18
7/24/20,206.45
7/25/20,206.45
7/26/20,206.45
7/27/20,206.83
7/28/20,212.21
7/29/20,213.99
7/30/20,213.89
7/31/20,215.37
8/1/20,215.37
8/2/20,215.37
8/3/20,217.5
8/4/20,220.5
8/5/20,222.28
8/6/20,222.06
8/7/20,217.89
8/8/20,217.89
8/9/20,217.89
8/10/20,213.75
8/11/20,213.6
8/12/20,211.91
8/13/20,212.7
8/14/20,214.57
8/15/20,214.57
8/16/20,214.57
8/17/20,215.33
8/18/20,221.19
8/19/20,219.64
8/20/20,217.74
8/21/20,219.98
8/22/20,219.98
8/23/20,219.98
8/24/20,224.79
8/25/20,223.58
8/26/20,225.5
8/27/20,228.17
8/28/20,229.05
8/29/20,229.05
8/30/20,229.05
8/31/20,226.47
9/1/20,227.32
9/2/20,230.08
9/3/20,227.4
9/4/20,222.78
9/5/20,222.78
9/6/20,222.78
9/7/20,217.99
9/8/20,217.16
9/9/20,212.44
9/10/20,213.3
9/11/20,215.86
9/12/20,215.86
9/13/20,215.86
9/14/20,218.02
9/15/20,220.54
9/16/20,221.57
9/17/20,218.31
9/18/20,220.31
9/19/20,220.31
9/20/20,220.31
9/21/20,217.11
9/22/20,216.73
9/23/20,218.06
9/24/20,213.24
9/25/20,211.03
9/26/20,211.03
9/27/20,211.03
9/28/20,212.68
9/29/20,212.98
9/30/20,215.48
10/1/20,215.48
10/2/20,215.48
10/3/20,215.48
10/4/20,215.48
10/5/20,217.61
10/6/20,220.09
10/7/20,222.16
10/8/20,222.23
10/9/20,225.06
10/10/20,225.06
10/11/20,225.06
10/12/20,229.57
10/13/20,229.57
10/14/20,230.53
10/15/20,225.58
10/16/20,226.48
10/17/20,226.48
10/18/20,226.48
10/19/20,225.76
10/20/20,227.19
10/21/20,228.5
10/22/20,227.57
10/23/20,223.41
10/24/20,223.41
10/25/20,223.41
10/26/20,223.41
10/27/20,224.32
10/28/20,227.64
10/29/20,228.65
10/30/20,225.04
10/31/20,225.04
11/1/20,225.04
11/2/20,227.16
11/3/20,228.22
11/4/20,229.79
