Date,Janus Henderson Balanced A2 HKD
8/31/11,10.0
9/1/11,9.96
9/2/11,9.81
9/3/11,9.81
9/4/11,9.81
9/5/11,9.81
9/6/11,9.75
9/7/11,9.91
9/8/11,9.85
9/9/11,9.68
9/10/11,9.68
9/11/11,9.68
9/12/11,9.71
9/13/11,9.77
9/14/11,9.85
9/15/11,9.93
9/16/11,9.95
9/17/11,9.95
9/18/11,9.95
9/19/11,9.89
9/20/11,9.86
9/21/11,9.71
9/22/11,9.54
9/23/11,9.55
9/24/11,9.55
9/25/11,9.55
9/26/11,9.64
9/27/11,9.71
9/28/11,9.56
9/29/11,9.58
9/30/11,9.4
10/1/11,9.4
10/2/11,9.4
10/3/11,9.24
10/4/11,9.35
10/5/11,9.47
10/6/11,9.6
10/7/11,9.53
10/8/11,9.53
10/9/11,9.53
10/10/11,9.74
10/11/11,9.74
10/12/11,9.82
10/13/11,9.8
10/14/11,9.89
10/15/11,9.89
10/16/11,9.89
10/17/11,9.78
10/18/11,9.9
10/19/11,9.82
10/20/11,9.83
10/21/11,9.97
10/22/11,9.97
10/23/11,9.97
10/24/11,10.06
10/25/11,9.94
10/26/11,10.03
10/27/11,10.24
10/28/11,10.26
10/29/11,10.26
10/30/11,10.26
10/31/11,10.13
11/1/11,9.97
11/2/11,10.06
11/3/11,10.16
11/4/11,10.13
11/5/11,10.13
11/6/11,10.13
11/7/11,10.16
11/8/11,10.23
11/9/11,10.0
11/10/11,10.0
11/11/11,10.15
11/12/11,10.15
11/13/11,10.15
11/14/11,10.1
11/15/11,10.11
11/16/11,10.02
11/17/11,9.92
11/18/11,9.91
11/19/11,9.91
11/20/11,9.91
11/21/11,9.81
11/22/11,9.81
11/23/11,9.69
11/24/11,9.69
11/25/11,9.66
11/26/11,9.66
11/27/11,9.66
11/28/11,9.84
11/29/11,9.83
11/30/11,10.03
12/1/11,10.03
12/2/11,10.05
12/3/11,10.05
12/4/11,10.05
12/5/11,10.11
12/6/11,10.11
12/7/11,10.13
12/8/11,10.01
12/9/11,10.1
12/10/11,10.1
12/11/11,10.1
12/12/11,10.03
12/13/11,9.98
12/14/11,9.91
12/15/11,9.91
12/16/11,9.94
12/17/11,9.94
12/18/11,9.94
12/19/11,9.88
12/20/11,10.03
12/21/11,10.02
12/22/11,10.07
12/23/11,10.1
12/24/11,10.1
12/25/11,10.1
12/26/11,10.1
12/27/11,10.1
12/28/11,10.04
12/29/11,10.11
12/30/11,10.09
12/31/11,10.09
1/1/12,10.09
1/2/12,10.09
1/3/12,10.19
1/4/12,10.18
1/5/12,10.18
1/6/12,10.17
1/7/12,10.17
1/8/12,10.17
1/9/12,10.2
1/10/12,10.28
1/11/12,10.29
1/12/12,10.31
1/13/12,10.29
1/14/12,10.29
1/15/12,10.29
1/16/12,10.29
1/17/12,10.33
1/18/12,10.4
1/19/12,10.44
1/20/12,10.44
1/21/12,10.44
1/22/12,10.44
1/23/12,10.45
1/24/12,10.44
1/25/12,10.52
1/26/12,10.51
1/27/12,10.5
1/28/12,10.5
1/29/12,10.5
1/30/12,10.5
1/31/12,10.52
2/1/12,10.6
2/2/12,10.62
2/3/12,10.71
2/4/12,10.71
2/5/12,10.71
2/6/12,10.7
2/7/12,10.71
2/8/12,10.72
2/9/12,10.76
2/10/12,10.71
2/11/12,10.71
2/12/12,10.71
2/13/12,10.75
2/14/12,10.74
2/15/12,10.72
2/16/12,10.78
2/17/12,10.79
2/18/12,10.79
2/19/12,10.79
2/20/12,10.79
2/21/12,10.78
2/22/12,10.79
2/23/12,10.83
2/24/12,10.86
2/25/12,10.86
2/26/12,10.86
2/27/12,10.88
2/28/12,10.91
2/29/12,10.88
3/1/12,10.94
3/2/12,10.92
3/3/12,10.92
3/4/12,10.92
3/5/12,10.87
3/6/12,10.74
3/7/12,10.8
3/8/12,10.86
3/9/12,10.89
3/10/12,10.89
3/11/12,10.89
3/12/12,10.87
3/13/12,10.99
3/14/12,10.96
3/15/12,10.99
3/16/12,11.0
3/17/12,11.0
3/18/12,11.0
3/19/12,11.02
3/20/12,10.99
3/21/12,11.0
3/22/12,10.95
3/23/12,10.97
3/24/12,10.97
3/25/12,10.97
3/26/12,11.08
3/27/12,11.06
3/28/12,11.0
3/29/12,10.99
3/30/12,11.01
3/31/12,11.01
4/1/12,11.01
4/2/12,11.08
4/3/12,11.06
4/4/12,10.98
4/5/12,10.99
4/6/12,10.99
4/7/12,10.99
4/8/12,10.99
4/9/12,10.94
4/10/12,10.8
4/11/12,10.85
4/12/12,10.94
4/13/12,10.88
4/14/12,10.88
4/15/12,10.88
4/16/12,10.85
4/17/12,10.95
4/18/12,10.94
4/19/12,10.93
4/20/12,10.92
4/21/12,10.92
4/22/12,10.92
4/23/12,10.85
4/24/12,10.84
4/25/12,10.95
4/26/12,10.99
4/27/12,11.01
4/28/12,11.01
4/29/12,11.01
4/30/12,10.97
5/1/12,11.0
5/2/12,11.01
5/3/12,10.94
5/4/12,10.83
5/5/12,10.83
5/6/12,10.83
5/7/12,10.81
5/8/12,10.77
5/9/12,10.71
5/10/12,10.72
5/11/12,10.72
5/12/12,10.72
5/13/12,10.72
5/14/12,10.63
5/15/12,10.6
5/16/12,10.57
5/17/12,10.44
5/18/12,10.38
5/19/12,10.38
5/20/12,10.38
5/21/12,10.5
5/22/12,10.48
5/23/12,10.51
5/24/12,10.51
5/25/12,10.5
5/26/12,10.5
5/27/12,10.5
5/28/12,10.5
5/29/12,10.58
5/30/12,10.49
5/31/12,10.47
6/1/12,10.31
6/2/12,10.31
6/3/12,10.31
6/4/12,10.29
6/5/12,10.35
6/6/12,10.47
6/7/12,10.46
6/8/12,10.5
6/9/12,10.5
6/10/12,10.5
6/11/12,10.43
6/12/12,10.49
6/13/12,10.45
6/14/12,10.5
6/15/12,10.57
6/16/12,10.57
6/17/12,10.57
6/18/12,10.59
6/19/12,10.66
6/20/12,10.65
6/21/12,10.51
6/22/12,10.55
6/23/12,10.55
6/24/12,10.55
6/25/12,10.45
6/26/12,10.48
6/27/12,10.52
6/28/12,10.51
6/29/12,10.65
6/30/12,10.65
7/1/12,10.65
7/2/12,10.69
7/3/12,10.73
7/4/12,10.73
7/5/12,10.71
7/6/12,10.65
7/7/12,10.65
7/8/12,10.65
7/9/12,10.65
7/10/12,10.6
7/11/12,10.59
7/12/12,10.57
7/13/12,10.67
7/14/12,10.67
7/15/12,10.67
7/16/12,10.68
7/17/12,10.73
7/18/12,10.8
7/19/12,10.85
7/20/12,10.79
7/21/12,10.79
7/22/12,10.79
7/23/12,10.73
7/24/12,10.69
7/25/12,10.68
7/26/12,10.79
7/27/12,10.89
7/28/12,10.89
7/29/12,10.89
7/30/12,10.91
7/31/12,10.85
8/1/12,10.83
8/2/12,10.79
8/3/12,10.89
8/4/12,10.89
8/5/12,10.89
8/6/12,10.93
8/7/12,10.94
8/8/12,10.95
8/9/12,10.95
8/10/12,10.98
8/11/12,10.98
8/12/12,10.98
8/13/12,10.97
8/14/12,10.96
8/15/12,10.96
8/16/12,11.0
8/17/12,11.02
8/18/12,11.02
8/19/12,11.02
8/20/12,11.04
8/21/12,11.02
8/22/12,11.04
8/23/12,11.0
8/24/12,11.03
8/25/12,11.03
8/26/12,11.03
8/27/12,11.03
8/28/12,11.04
8/29/12,11.04
8/30/12,11.01
8/31/12,11.05
9/1/12,11.05
9/2/12,11.05
9/3/12,11.05
9/4/12,11.03
9/5/12,11.02
9/6/12,11.15
9/7/12,11.2
9/8/12,11.2
9/9/12,11.2
9/10/12,11.16
9/11/12,11.17
9/12/12,11.18
9/13/12,11.29
9/14/12,11.32
9/15/12,11.32
9/16/12,11.32
9/17/12,11.3
9/18/12,11.28
9/19/12,11.29
9/20/12,11.27
9/21/12,11.28
9/22/12,11.28
9/23/12,11.28
9/24/12,11.27
9/25/12,11.2
9/26/12,11.17
9/27/12,11.22
9/28/12,11.19
9/29/12,11.19
9/30/12,11.19
10/1/12,11.2
10/2/12,11.22
10/3/12,11.24
10/4/12,11.28
10/5/12,11.28
10/6/12,11.28
10/7/12,11.28
10/8/12,11.25
10/9/12,11.19
10/10/12,11.14
10/11/12,11.16
10/12/12,11.16
10/13/12,11.16
10/14/12,11.16
10/15/12,11.2
10/16/12,11.29
10/17/12,11.3
10/18/12,11.3
10/19/12,11.21
10/20/12,11.21
10/21/12,11.21
10/22/12,11.22
10/23/12,11.1
10/24/12,11.11
10/25/12,11.12
10/26/12,11.12
10/27/12,11.12
10/28/12,11.12
10/29/12,11.12
10/30/12,11.12
10/31/12,11.09
11/1/12,11.16
11/2/12,11.11
11/3/12,11.11
11/4/12,11.11
11/5/12,11.13
11/6/12,11.14
11/7/12,11.04
11/8/12,10.97
11/9/12,10.97
11/10/12,10.97
11/11/12,10.97
11/12/12,10.96
11/13/12,10.94
11/14/12,10.84
11/15/12,10.83
11/16/12,10.87
11/17/12,10.87
11/18/12,10.87
11/19/12,10.99
11/20/12,10.99
11/21/12,11.0
11/22/12,11.0
11/23/12,11.08
11/24/12,11.08
11/25/12,11.08
11/26/12,11.07
11/27/12,11.05
11/28/12,11.1
11/29/12,11.13
11/30/12,11.14
12/1/12,11.14
12/2/12,11.14
12/3/12,11.11
12/4/12,11.11
12/5/12,11.1
12/6/12,11.12
12/7/12,11.14
12/8/12,11.14
12/9/12,11.14
12/10/12,11.14
12/11/12,11.16
12/12/12,11.16
12/13/12,11.12
12/14/12,11.11
12/15/12,11.11
12/16/12,11.11
12/17/12,11.16
12/18/12,11.21
12/19/12,11.19
12/20/12,11.27
12/21/12,11.24
12/22/12,11.24
12/23/12,11.24
12/24/12,11.22
12/25/12,11.22
12/26/12,11.18
12/27/12,11.2
12/28/12,11.13
12/29/12,11.13
12/30/12,11.13
12/31/12,11.23
1/1/13,11.23
1/2/13,11.37
1/3/13,11.35
1/4/13,11.38
1/5/13,11.38
1/6/13,11.38
1/7/13,11.37
1/8/13,11.35
1/9/13,11.39
1/10/13,11.44
1/11/13,11.45
1/12/13,11.45
1/13/13,11.45
1/14/13,11.45
1/15/13,11.46
1/16/13,11.46
1/17/13,11.52
1/18/13,11.54
1/19/13,11.54
1/20/13,11.54
1/21/13,11.54
1/22/13,11.57
1/23/13,11.57
1/24/13,11.56
1/25/13,11.57
1/26/13,11.57
1/27/13,11.57
1/28/13,11.55
1/29/13,11.6
1/30/13,11.56
1/31/13,11.55
2/1/13,11.6
2/2/13,11.6
2/3/13,11.6
2/4/13,11.54
2/5/13,11.58
2/6/13,11.59
2/7/13,11.6
2/8/13,11.64
2/9/13,11.64
2/10/13,11.64
2/11/13,11.63
2/12/13,11.64
2/13/13,11.64
2/14/13,11.62
2/15/13,11.63
2/16/13,11.63
2/17/13,11.63
2/18/13,11.63
2/19/13,11.66
2/20/13,11.59
2/21/13,11.55
2/22/13,11.61
2/23/13,11.61
2/24/13,11.61
2/25/13,11.51
2/26/13,11.54
2/27/13,11.62
2/28/13,11.63
3/1/13,11.66
3/2/13,11.66
3/3/13,11.66
3/4/13,11.68
3/5/13,11.74
3/6/13,11.73
3/7/13,11.74
3/8/13,11.77
3/9/13,11.77
3/10/13,11.77
3/11/13,11.79
3/12/13,11.78
3/13/13,11.8
3/14/13,11.85
3/15/13,11.85
3/16/13,11.85
3/17/13,11.85
3/18/13,11.82
3/19/13,11.81
3/20/13,11.86
3/21/13,11.81
3/22/13,11.87
3/23/13,11.87
3/24/13,11.87
3/25/13,11.85
3/26/13,11.9
3/27/13,11.9
3/28/13,11.93
3/29/13,11.93
3/30/13,11.93
3/31/13,11.93
4/1/13,11.89
4/2/13,11.91
4/3/13,11.85
4/4/13,11.89
4/5/13,11.86
4/6/13,11.86
4/7/13,11.86
4/8/13,11.91
4/9/13,11.92
4/10/13,12.0
4/11/13,12.02
4/12/13,12.01
4/13/13,12.01
4/14/13,12.01
4/15/13,11.84
4/16/13,11.93
4/17/13,11.85
4/18/13,11.81
4/19/13,11.88
4/20/13,11.88
4/21/13,11.88
4/22/13,11.92
4/23/13,11.99
4/24/13,12.0
4/25/13,12.03
4/26/13,12.04
4/27/13,12.04
4/28/13,12.04
4/29/13,12.08
4/30/13,12.11
5/1/13,12.05
5/2/13,12.1
5/3/13,12.16
5/4/13,12.16
5/5/13,12.16
5/6/13,12.17
5/7/13,12.2
5/8/13,12.22
5/9/13,12.19
5/10/13,12.21
5/11/13,12.21
5/12/13,12.21
5/13/13,12.22
5/14/13,12.29
5/15/13,12.32
5/16/13,12.3
5/17/13,12.38
5/18/13,12.38
5/19/13,12.38
5/20/13,12.37
5/21/13,12.38
5/22/13,12.32
5/23/13,12.31
5/24/13,12.31
5/25/13,12.31
5/26/13,12.31
5/27/13,12.31
5/28/13,12.34
5/29/13,12.27
5/30/13,12.31
5/31/13,12.2
6/1/13,12.2
6/2/13,12.2
6/3/13,12.23
6/4/13,12.18
6/5/13,12.08
6/6/13,12.14
6/7/13,12.2
6/8/13,12.2
6/9/13,12.2
6/10/13,12.19
6/11/13,12.12
6/12/13,12.06
6/13/13,12.15
6/14/13,12.14
6/15/13,12.14
6/16/13,12.14
6/17/13,12.18
6/18/13,12.23
6/19/13,12.13
6/20/13,11.94
6/21/13,11.95
6/22/13,11.95
6/23/13,11.95
6/24/13,11.83
6/25/13,11.9
6/26/13,11.99
6/27/13,12.07
6/28/13,12.05
6/29/13,12.05
6/30/13,12.05
7/1/13,12.09
7/2/13,12.07
7/3/13,12.08
7/4/13,12.08
7/5/13,12.11
7/6/13,12.11
7/7/13,12.11
7/8/13,12.17
7/9/13,12.22
7/10/13,12.22
7/11/13,12.32
7/12/13,12.34
7/13/13,12.34
7/14/13,12.34
7/15/13,12.36
7/16/13,12.32
7/17/13,12.33
7/18/13,12.38
7/19/13,12.37
7/20/13,12.37
7/21/13,12.37
7/22/13,12.39
7/23/13,12.38
7/24/13,12.35
7/25/13,12.37
7/26/13,12.37
7/27/13,12.37
7/28/13,12.37
7/29/13,12.34
7/30/13,12.34
7/31/13,12.34
8/1/13,12.43
8/2/13,12.47
8/3/13,12.47
8/4/13,12.47
8/5/13,12.46
8/6/13,12.44
8/7/13,12.41
8/8/13,12.44
8/9/13,12.42
8/10/13,12.42
8/11/13,12.42
8/12/13,12.41
8/13/13,12.43
8/14/13,12.38
8/15/13,12.27
8/16/13,12.25
8/17/13,12.25
8/18/13,12.25
8/19/13,12.21
8/20/13,12.24
8/21/13,12.19
8/22/13,12.25
8/23/13,12.3
8/24/13,12.3
8/25/13,12.3
8/26/13,12.27
8/27/13,12.16
8/28/13,12.16
8/29/13,12.2
8/30/13,12.16
8/31/13,12.16
9/1/13,12.16
9/2/13,12.16
9/3/13,12.19
9/4/13,12.23
9/5/13,12.23
9/6/13,12.24
9/7/13,12.24
9/8/13,12.24
9/9/13,12.3
9/10/13,12.36
9/11/13,12.39
9/12/13,12.38
9/13/13,12.41
9/14/13,12.41
9/15/13,12.41
9/16/13,12.47
9/17/13,12.51
9/18/13,12.61
9/19/13,12.62
9/20/13,12.57
9/21/13,12.57
9/22/13,12.57
9/23/13,12.54
9/24/13,12.54
9/25/13,12.52
9/26/13,12.55
9/27/13,12.53
9/28/13,12.53
9/29/13,12.53
9/30/13,12.5
10/1/13,12.54
10/2/13,12.54
10/3/13,12.5
10/4/13,12.54
10/5/13,12.54
10/6/13,12.54
10/7/13,12.5
10/8/13,12.41
10/9/13,12.4
10/10/13,12.54
10/11/13,12.58
10/12/13,12.58
10/13/13,12.58
10/14/13,12.62
10/15/13,12.57
10/16/13,12.66
10/17/13,12.73
10/18/13,12.77
10/19/13,12.77
10/20/13,12.77
10/21/13,12.78
10/22/13,12.84
10/23/13,12.83
10/24/13,12.84
10/25/13,12.87
10/26/13,12.87
10/27/13,12.87
10/28/13,12.87
10/29/13,12.89
10/30/13,12.85
10/31/13,12.84
11/1/13,12.84
11/2/13,12.84
11/3/13,12.84
11/4/13,12.87
11/5/13,12.84
11/6/13,12.88
11/7/13,12.79
11/8/13,12.82
11/9/13,12.82
11/10/13,12.82
11/11/13,12.83
11/12/13,12.8
11/13/13,12.85
11/14/13,12.9
11/15/13,12.92
11/16/13,12.92
11/17/13,12.92
11/18/13,12.91
11/19/13,12.88
11/20/13,12.84
11/21/13,12.88
11/22/13,12.92
11/23/13,12.92
11/24/13,12.92
11/25/13,12.91
11/26/13,12.92
11/27/13,12.93
11/28/13,12.93
11/29/13,12.94
11/30/13,12.94
12/1/13,12.94
12/2/13,12.92
12/3/13,12.91
12/4/13,12.88
12/5/13,12.85
12/6/13,12.92
12/7/13,12.92
12/8/13,12.92
12/9/13,12.94
12/10/13,12.94
12/11/13,12.88
12/12/13,12.85
12/13/13,12.85
12/14/13,12.85
12/15/13,12.85
12/16/13,12.88
12/17/13,12.88
12/18/13,12.96
12/19/13,12.95
12/20/13,12.97
12/21/13,12.97
12/22/13,12.97
12/23/13,13.0
12/24/13,13.01
12/25/13,13.01
12/26/13,13.01
12/27/13,13.01
12/28/13,13.01
12/29/13,13.01
12/30/13,13.06
12/31/13,13.08
1/1/14,13.08
1/2/14,13.03
1/3/14,13.03
1/4/14,13.03
1/5/14,13.03
1/6/14,13.01
1/7/14,13.04
1/8/14,13.02
1/9/14,13.05
1/10/14,13.07
1/11/14,13.07
1/12/14,13.07
1/13/14,13.02
1/14/14,13.05
1/15/14,13.07
1/16/14,13.08
1/17/14,13.06
1/18/14,13.06
1/19/14,13.06
1/20/14,13.06
1/21/14,13.08
1/22/14,13.08
1/23/14,13.03
1/24/14,12.93
1/25/14,12.93
1/26/14,12.93
1/27/14,12.9
1/28/14,12.92
1/29/14,12.88
1/30/14,12.94
1/31/14,12.9
2/1/14,12.9
2/2/14,12.9
2/3/14,12.8
2/4/14,12.82
2/5/14,12.8
2/6/14,12.85
2/7/14,12.92
2/8/14,12.92
2/9/14,12.92
2/10/14,12.93
2/11/14,12.98
2/12/14,12.98
2/13/14,13.03
2/14/14,13.05
2/15/14,13.05
2/16/14,13.05
2/17/14,13.05
2/18/14,13.08
2/19/14,13.05
2/20/14,13.08
2/21/14,13.09
2/22/14,13.09
2/23/14,13.09
2/24/14,13.13
2/25/14,13.13
2/26/14,13.15
2/27/14,13.2
2/28/14,13.22
3/1/14,13.22
3/2/14,13.22
3/3/14,13.19
3/4/14,13.27
3/5/14,13.27
3/6/14,13.27
3/7/14,13.25
3/8/14,13.25
3/9/14,13.25
3/10/14,13.24
3/11/14,13.21
3/12/14,13.22
3/13/14,13.17
3/14/14,13.17
3/15/14,13.17
3/16/14,13.17
3/17/14,13.21
3/18/14,13.26
3/19/14,13.21
3/20/14,13.23
3/21/14,13.22
3/22/14,13.22
3/23/14,13.22
3/24/14,13.2
3/25/14,13.2
3/26/14,13.18
3/27/14,13.18
3/28/14,13.2
3/29/14,13.2
3/30/14,13.2
3/31/14,13.23
4/1/14,13.26
4/2/14,13.27
4/3/14,13.27
4/4/14,13.23
4/5/14,13.23
4/6/14,13.23
4/7/14,13.16
4/8/14,13.17
4/9/14,13.22
4/10/14,13.14
4/11/14,13.1
4/12/14,13.1
4/13/14,13.1
4/14/14,13.13
4/15/14,13.16
4/16/14,13.21
4/17/14,13.21
4/18/14,13.21
4/19/14,13.21
4/20/14,13.21
4/21/14,13.22
4/22/14,13.24
4/23/14,13.24
4/24/14,13.25
4/25/14,13.22
4/26/14,13.22
4/27/14,13.22
4/28/14,13.23
4/29/14,13.25
4/30/14,13.28
5/1/14,13.28
5/2/14,13.29
5/3/14,13.29
5/4/14,13.29
5/5/14,13.3
5/6/14,13.27
5/7/14,13.32
5/8/14,13.32
5/9/14,13.31
5/10/14,13.31
5/11/14,13.31
5/12/14,13.35
5/13/14,13.36
5/14/14,13.36
5/15/14,13.33
5/16/14,13.35
5/17/14,13.35
5/18/14,13.35
5/19/14,13.37
5/20/14,13.35
5/21/14,13.38
5/22/14,13.39
5/23/14,13.42
5/24/14,13.42
5/25/14,13.42
5/26/14,13.42
5/27/14,13.45
5/28/14,13.47
5/29/14,13.49
5/30/14,13.51
5/31/14,13.51
6/1/14,13.51
6/2/14,13.5
6/3/14,13.48
6/4/14,13.49
6/5/14,13.53
6/6/14,13.55
6/7/14,13.55
6/8/14,13.55
6/9/14,13.55
6/10/14,13.56
6/11/14,13.54
6/12/14,13.52
6/13/14,13.52
6/14/14,13.52
6/15/14,13.52
6/16/14,13.52
6/17/14,13.52
6/18/14,13.56
6/19/14,13.58
6/20/14,13.58
6/21/14,13.58
6/22/14,13.58
6/23/14,13.58
6/24/14,13.55
6/25/14,13.58
6/26/14,13.58
6/27/14,13.58
6/28/14,13.58
6/29/14,13.58
6/30/14,13.58
7/1/14,13.61
7/2/14,13.61
7/3/14,13.63
7/4/14,13.63
7/5/14,13.63
7/6/14,13.63
7/7/14,13.61
7/8/14,13.58
7/9/14,13.6
7/10/14,13.59
7/11/14,13.6
7/12/14,13.6
7/13/14,13.6
7/14/14,13.61
7/15/14,13.59
7/16/14,13.57
7/17/14,13.54
7/18/14,13.6
7/19/14,13.6
7/20/14,13.6
7/21/14,13.58
7/22/14,13.61
7/23/14,13.6
7/24/14,13.58
7/25/14,13.57
7/26/14,13.57
7/27/14,13.57
7/28/14,13.58
7/29/14,13.55
7/30/14,13.51
7/31/14,13.38
8/1/14,13.36
8/2/14,13.36
8/3/14,13.36
8/4/14,13.4
8/5/14,13.37
8/6/14,13.37
8/7/14,13.36
8/8/14,13.41
8/9/14,13.41
8/10/14,13.41
8/11/14,13.45
8/12/14,13.43
8/13/14,13.49
8/14/14,13.53
8/15/14,13.55
8/16/14,13.55
8/17/14,13.55
8/18/14,13.57
8/19/14,13.6
8/20/14,13.61
8/21/14,13.63
8/22/14,13.62
8/23/14,13.62
8/24/14,13.62
8/25/14,13.65
8/26/14,13.65
8/27/14,13.67
8/28/14,13.67
8/29/14,13.69
8/30/14,13.69
8/31/14,13.69
9/1/14,13.69
9/2/14,13.65
9/3/14,13.65
9/4/14,13.63
9/5/14,13.64
9/6/14,13.64
9/7/14,13.64
9/8/14,13.62
9/9/14,13.59
9/10/14,13.57
9/11/14,13.59
9/12/14,13.53
9/13/14,13.53
9/14/14,13.53
9/15/14,13.54
9/16/14,13.55
9/17/14,13.59
9/18/14,13.63
9/19/14,13.64
9/20/14,13.64
9/21/14,13.64
9/22/14,13.59
9/23/14,13.53
9/24/14,13.55
9/25/14,13.47
9/26/14,13.52
9/27/14,13.52
9/28/14,13.52
9/29/14,13.51
9/30/14,13.49
10/1/14,13.45
10/2/14,13.43
10/3/14,13.5
10/4/14,13.5
10/5/14,13.5
10/6/14,13.5
10/7/14,13.42
10/8/14,13.49
10/9/14,13.38
10/10/14,13.29
10/11/14,13.29
10/12/14,13.29
10/13/14,13.2
10/14/14,13.21
10/15/14,13.18
10/16/14,13.21
10/17/14,13.3
10/18/14,13.3
10/19/14,13.3
10/20/14,13.36
10/21/14,13.49
10/22/14,13.45
10/23/14,13.5
10/24/14,13.54
10/25/14,13.54
10/26/14,13.54
10/27/14,13.53
10/28/14,13.56
10/29/14,13.54
10/30/14,13.57
10/31/14,13.63
11/1/14,13.63
11/2/14,13.63
11/3/14,13.63
11/4/14,13.58
11/5/14,13.61
11/6/14,13.62
11/7/14,13.65
11/8/14,13.65
11/9/14,13.65
11/10/14,13.67
11/11/14,13.67
11/12/14,13.68
11/13/14,13.68
11/14/14,13.68
11/15/14,13.68
11/16/14,13.68
11/17/14,13.67
11/18/14,13.7
11/19/14,13.68
11/20/14,13.69
11/21/14,13.75
11/22/14,13.75
11/23/14,13.75
11/24/14,13.77
11/25/14,13.77
11/26/14,13.79
11/27/14,13.79
11/28/14,13.76
11/29/14,13.76
11/30/14,13.76
12/1/14,13.68
12/2/14,13.7
12/3/14,13.73
12/4/14,13.73
12/5/14,13.73
12/6/14,13.73
12/7/14,13.73
12/8/14,13.67
12/9/14,13.65
12/10/14,13.54
12/11/14,13.55
12/12/14,13.45
12/13/14,13.45
12/14/14,13.45
12/15/14,13.39
12/16/14,13.37
12/17/14,13.47
12/18/14,13.62
12/19/14,13.64
12/20/14,13.64
12/21/14,13.64
12/22/14,13.67
12/23/14,13.68
12/24/14,13.69
12/25/14,13.69
12/26/14,13.69
12/27/14,13.69
12/28/14,13.69
12/29/14,13.72
12/30/14,13.7
12/31/14,13.65
1/1/15,13.65
1/2/15,13.66
1/3/15,13.66
1/4/15,13.66
1/5/15,13.56
1/6/15,13.51
1/7/15,13.59
1/8/15,13.68
1/9/15,13.64
1/10/15,13.64
1/11/15,13.64
1/12/15,13.61
1/13/15,13.6
1/14/15,13.58
1/15/15,13.56
1/16/15,13.61
1/17/15,13.61
1/18/15,13.61
1/19/15,13.61
1/20/15,13.62
1/21/15,13.65
1/22/15,13.73
1/23/15,13.72
1/24/15,13.72
1/25/15,13.72
1/26/15,13.73
1/27/15,13.69
1/28/15,13.68
1/29/15,13.72
1/30/15,13.67
1/31/15,13.67
2/1/15,13.67
2/2/15,13.73
2/3/15,13.8
2/4/15,13.78
2/5/15,13.83
2/6/15,13.78
2/7/15,13.78
2/8/15,13.78
2/9/15,13.76
2/10/15,13.81
2/11/15,13.8
2/12/15,13.86
2/13/15,13.88
2/14/15,13.88
2/15/15,13.88
2/16/15,13.88
2/17/15,13.87
2/18/15,13.88
2/19/15,13.86
2/20/15,13.9
2/21/15,13.9
2/22/15,13.9
2/23/15,13.91
2/24/15,13.94
2/25/15,13.95
2/26/15,13.92
2/27/15,13.92
2/28/15,13.92
3/1/15,13.92
3/2/15,13.94
3/3/15,13.91
3/4/15,13.89
3/5/15,13.9
3/6/15,13.79
3/7/15,13.79
3/8/15,13.79
3/9/15,13.82
3/10/15,13.75
3/11/15,13.77
3/12/15,13.83
3/13/15,13.79
3/14/15,13.79
3/15/15,13.79
3/16/15,13.85
3/17/15,13.83
3/18/15,13.93
3/19/15,13.91
3/20/15,13.97
3/21/15,13.97
3/22/15,13.97
3/23/15,13.96
3/24/15,13.92
3/25/15,13.83
3/26/15,13.78
3/27/15,13.81
3/28/15,13.81
3/29/15,13.81
3/30/15,13.88
3/31/15,13.84
4/1/15,13.84
4/2/15,13.85
4/3/15,13.85
4/4/15,13.85
4/5/15,13.85
4/6/15,13.88
4/7/15,13.89
4/8/15,13.91
4/9/15,13.91
4/10/15,13.95
4/11/15,13.95
4/12/15,13.95
4/13/15,13.92
4/14/15,13.93
4/15/15,13.97
4/16/15,13.97
4/17/15,13.92
4/18/15,13.92
4/19/15,13.92
4/20/15,13.96
4/21/15,13.94
4/22/15,13.94
4/23/15,13.93
4/24/15,13.97
4/25/15,13.97
4/26/15,13.97
4/27/15,13.96
4/28/15,13.95
4/29/15,13.9
4/30/15,13.85
5/1/15,13.88
5/2/15,13.88
5/3/15,13.88
5/4/15,13.89
5/5/15,13.82
5/6/15,13.78
5/7/15,13.81
5/8/15,13.9
5/9/15,13.9
5/10/15,13.9
5/11/15,13.85
5/12/15,13.83
5/13/15,13.82
5/14/15,13.89
5/15/15,13.92
5/16/15,13.92
5/17/15,13.92
5/18/15,13.9
5/19/15,13.9
5/20/15,13.89
5/21/15,13.92
5/22/15,13.89
5/23/15,13.89
5/24/15,13.89
5/25/15,13.89
5/26/15,13.86
5/27/15,13.92
5/28/15,13.91
5/29/15,13.88
5/30/15,13.88
5/31/15,13.88
6/1/15,13.87
6/2/15,13.84
6/3/15,13.83
6/4/15,13.79
6/5/15,13.75
6/6/15,13.75
6/7/15,13.75
6/8/15,13.72
6/9/15,13.71
6/10/15,13.75
6/11/15,13.8
6/12/15,13.75
6/13/15,13.75
6/14/15,13.75
6/15/15,13.73
6/16/15,13.76
6/17/15,13.78
6/18/15,13.83
6/19/15,13.81
6/20/15,13.81
6/21/15,13.81
6/22/15,13.83
6/23/15,13.8
6/24/15,13.76
6/25/15,13.74
6/26/15,13.72
6/27/15,13.72
6/28/15,13.72
6/29/15,13.62
6/30/15,13.63
7/1/15,13.66
7/2/15,13.67
7/3/15,13.67
7/4/15,13.67
7/5/15,13.67
7/6/15,13.66
7/7/15,13.7
7/8/15,13.61
7/9/15,13.6
7/10/15,13.64
7/11/15,13.64
7/12/15,13.64
7/13/15,13.7
7/14/15,13.73
7/15/15,13.73
7/16/15,13.76
7/17/15,13.74
7/18/15,13.74
7/19/15,13.74
7/20/15,13.73
7/21/15,13.71
7/22/15,13.69
7/23/15,13.66
7/24/15,13.59
7/25/15,13.59
7/26/15,13.59
7/27/15,13.56
7/28/15,13.63
7/29/15,13.66
7/30/15,13.68
7/31/15,13.69
8/1/15,13.69
8/2/15,13.69
8/3/15,13.67
8/4/15,13.65
8/5/15,13.66
8/6/15,13.61
8/7/15,13.6
8/8/15,13.6
8/9/15,13.6
8/10/15,13.67
8/11/15,13.63
8/12/15,13.62
8/13/15,13.6
8/14/15,13.63
8/15/15,13.63
8/16/15,13.63
8/17/15,13.66
8/18/15,13.62
8/19/15,13.58
8/20/15,13.48
8/21/15,13.3
8/22/15,13.3
8/23/15,13.3
8/24/15,13.1
8/25/15,13.01
8/26/15,13.23
8/27/15,13.39
8/28/15,13.41
8/29/15,13.41
8/30/15,13.41
8/31/15,13.32
9/1/15,13.1
9/2/15,13.22
9/3/15,13.24
9/4/15,13.14
9/5/15,13.14
9/6/15,13.14
9/7/15,13.14
9/8/15,13.32
9/9/15,13.23
9/10/15,13.24
9/11/15,13.27
9/12/15,13.27
9/13/15,13.27
9/14/15,13.25
9/15/15,13.34
9/16/15,13.42
9/17/15,13.45
9/18/15,13.37
9/19/15,13.37
9/20/15,13.37
9/21/15,13.36
9/22/15,13.27
9/23/15,13.23
9/24/15,13.19
9/25/15,13.16
9/26/15,13.16
9/27/15,13.16
9/28/15,12.89
9/29/15,12.88
9/30/15,13.08
10/1/15,13.13
10/2/15,13.26
10/3/15,13.26
10/4/15,13.26
10/5/15,13.34
10/6/15,13.31
10/7/15,13.39
10/8/15,13.43
10/9/15,13.45
10/10/15,13.45
10/11/15,13.45
10/12/15,13.47
10/13/15,13.4
10/14/15,13.38
10/15/15,13.48
10/16/15,13.52
10/17/15,13.52
10/18/15,13.52
10/19/15,13.53
10/20/15,13.47
10/21/15,13.42
10/22/15,13.5
10/23/15,13.64
10/24/15,13.64
10/25/15,13.64
10/26/15,13.66
10/27/15,13.67
10/28/15,13.76
10/29/15,13.75
10/30/15,13.74
10/31/15,13.74
11/1/15,13.74
11/2/15,13.85
11/3/15,13.85
11/4/15,13.83
11/5/15,13.81
11/6/15,13.8
11/7/15,13.8
11/8/15,13.8
11/9/15,13.69
11/10/15,13.68
11/11/15,13.65
11/12/15,13.52
11/13/15,13.43
11/14/15,13.43
11/15/15,13.43
11/16/15,13.54
11/17/15,13.55
11/18/15,13.71
11/19/15,13.7
11/20/15,13.77
11/21/15,13.77
11/22/15,13.77
11/23/15,13.76
11/24/15,13.77
11/25/15,13.79
11/26/15,13.79
11/27/15,13.79
11/28/15,13.79
11/29/15,13.79
11/30/15,13.75
12/1/15,13.86
12/2/15,13.77
12/3/15,13.6
12/4/15,13.81
12/5/15,13.81
12/6/15,13.81
12/7/15,13.75
12/8/15,13.7
12/9/15,13.65
12/10/15,13.66
12/11/15,13.5
12/12/15,13.5
12/13/15,13.5
12/14/15,13.52
12/15/15,13.59
12/16/15,13.72
12/17/15,13.61
12/18/15,13.46
12/19/15,13.46
12/20/15,13.46
12/21/15,13.52
12/22/15,13.57
12/23/15,13.64
12/24/15,13.63
12/25/15,13.63
12/26/15,13.63
12/27/15,13.63
12/28/15,13.63
12/29/15,13.7
12/30/15,13.65
12/31/15,13.56
1/1/16,13.56
1/2/16,13.56
1/3/16,13.56
1/4/16,13.43
1/5/16,13.44
1/6/16,13.35
1/7/16,13.16
1/8/16,13.08
1/9/16,13.08
1/10/16,13.08
1/11/16,13.05
1/12/16,13.13
1/13/16,12.9
1/14/16,13.07
1/15/16,12.95
1/16/16,12.95
1/17/16,12.95
1/18/16,12.95
1/19/16,12.98
1/20/16,12.93
1/21/16,12.98
1/22/16,13.08
1/23/16,13.08
1/24/16,13.08
1/25/16,12.96
1/26/16,13.04
1/27/16,12.89
1/28/16,12.87
1/29/16,13.05
1/30/16,13.05
1/31/16,13.05
2/1/16,13.05
2/2/16,12.97
2/3/16,12.97
2/4/16,12.94
2/5/16,12.77
2/6/16,12.77
2/7/16,12.77
2/8/16,12.65
2/9/16,12.68
2/10/16,12.7
2/11/16,12.56
2/12/16,12.68
2/13/16,12.68
2/14/16,12.68
2/15/16,12.68
2/16/16,12.85
2/17/16,13.0
2/18/16,12.96
2/19/16,12.94
2/20/16,12.94
2/21/16,12.94
2/22/16,13.05
2/23/16,12.96
2/24/16,12.97
2/25/16,13.09
2/26/16,13.08
2/27/16,13.08
2/28/16,13.08
2/29/16,13.01
3/1/16,13.18
3/2/16,13.19
3/3/16,13.19
3/4/16,13.2
3/5/16,13.2
3/6/16,13.2
3/7/16,13.17
3/8/16,13.1
3/9/16,13.11
3/10/16,13.1
3/11/16,13.23
3/12/16,13.23
3/13/16,13.23
3/14/16,13.23
3/15/16,13.19
3/16/16,13.24
3/17/16,13.29
3/18/16,13.35
3/19/16,13.35
3/20/16,13.35
3/21/16,13.36
3/22/16,13.36
3/23/16,13.31
3/24/16,13.29
3/25/16,13.29
3/26/16,13.29
3/27/16,13.29
3/28/16,13.28
3/29/16,13.37
3/30/16,13.41
3/31/16,13.41
4/1/16,13.48
4/2/16,13.48
4/3/16,13.48
4/4/16,13.46
4/5/16,13.37
4/6/16,13.46
4/7/16,13.37
4/8/16,13.35
4/9/16,13.35
4/10/16,13.35
4/11/16,13.32
4/12/16,13.4
4/13/16,13.5
4/14/16,13.51
4/15/16,13.52
4/16/16,13.52
4/17/16,13.52
4/18/16,13.56
4/19/16,13.58
4/20/16,13.57
4/21/16,13.55
4/22/16,13.51
4/23/16,13.51
4/24/16,13.51
4/25/16,13.48
4/26/16,13.5
4/27/16,13.5
4/28/16,13.44
4/29/16,13.39
4/30/16,13.39
5/1/16,13.39
5/2/16,13.45
5/3/16,13.4
5/4/16,13.34
5/5/16,13.34
5/6/16,13.35
5/7/16,13.35
5/8/16,13.35
5/9/16,13.39
5/10/16,13.47
5/11/16,13.38
5/12/16,13.37
5/13/16,13.32
5/14/16,13.32
5/15/16,13.32
5/16/16,13.4
5/17/16,13.3
5/18/16,13.27
5/19/16,13.22
5/20/16,13.28
5/21/16,13.28
5/22/16,13.28
5/23/16,13.25
5/24/16,13.38
5/25/16,13.42
5/26/16,13.46
5/27/16,13.51
5/28/16,13.51
5/29/16,13.51
5/30/16,13.51
5/31/16,13.5
6/1/16,13.52
6/2/16,13.55
6/3/16,13.52
6/4/16,13.52
6/5/16,13.52
6/6/16,13.57
6/7/16,13.57
6/8/16,13.58
6/9/16,13.56
6/10/16,13.5
6/11/16,13.5
6/12/16,13.5
6/13/16,13.43
6/14/16,13.38
6/15/16,13.38
6/16/16,13.4
6/17/16,13.34
6/18/16,13.34
6/19/16,13.34
6/20/16,13.4
6/21/16,13.4
6/22/16,13.38
6/23/16,13.46
6/24/16,13.19
6/25/16,13.19
6/26/16,13.19
6/27/16,13.05
6/28/16,13.18
6/29/16,13.32
6/30/16,13.42
7/1/16,13.45
7/2/16,13.45
7/3/16,13.45
7/4/16,13.45
7/5/16,13.41
7/6/16,13.44
7/7/16,13.48
7/8/16,13.63
7/9/16,13.63
7/10/16,13.63
7/11/16,13.65
7/12/16,13.69
7/13/16,13.7
7/14/16,13.73
7/15/16,13.71
7/16/16,13.71
7/17/16,13.71
7/18/16,13.73
7/19/16,13.74
7/20/16,13.79
7/21/16,13.77
7/22/16,13.8
7/23/16,13.8
7/24/16,13.8
7/25/16,13.79
7/26/16,13.79
7/27/16,13.8
7/28/16,13.8
7/29/16,13.82
7/30/16,13.82
7/31/16,13.82
8/1/16,13.83
8/2/16,13.74
8/3/16,13.77
8/4/16,13.79
8/5/16,13.8
8/6/16,13.8
8/7/16,13.8
8/8/16,13.78
8/9/16,13.79
8/10/16,13.79
8/11/16,13.82
8/12/16,13.81
8/13/16,13.81
8/14/16,13.81
8/15/16,13.84
8/16/16,13.78
8/17/16,13.81
8/18/16,13.82
8/19/16,13.82
8/20/16,13.82
8/21/16,13.82
8/22/16,13.83
8/23/16,13.84
8/24/16,13.8
8/25/16,13.76
8/26/16,13.75
8/27/16,13.75
8/28/16,13.75
8/29/16,13.78
8/30/16,13.74
8/31/16,13.72
9/1/16,13.72
9/2/16,13.74
9/3/16,13.74
9/4/16,13.74
9/5/16,13.74
9/6/16,13.75
9/7/16,13.74
9/8/16,13.68
9/9/16,13.48
9/10/16,13.48
9/11/16,13.48
9/12/16,13.6
9/13/16,13.48
9/14/16,13.5
9/15/16,13.59
9/16/16,13.56
9/17/16,13.56
9/18/16,13.56
9/19/16,13.56
9/20/16,13.58
9/21/16,13.67
9/22/16,13.74
9/23/16,13.7
9/24/16,13.7
9/25/16,13.7
9/26/16,13.62
9/27/16,13.68
9/28/16,13.68
9/29/16,13.6
9/30/16,13.66
10/1/16,13.66
10/2/16,13.66
10/3/16,13.65
10/4/16,13.6
10/5/16,13.64
10/6/16,13.64
10/7/16,13.6
10/8/16,13.6
10/9/16,13.6
10/10/16,13.59
10/11/16,13.5
10/12/16,13.52
10/13/16,13.51
10/14/16,13.5
10/15/16,13.5
10/16/16,13.5
10/17/16,13.48
10/18/16,13.54
10/19/16,13.56
10/20/16,13.58
10/21/16,13.63
10/22/16,13.63
10/23/16,13.63
10/24/16,13.66
10/25/16,13.62
10/26/16,13.62
10/27/16,13.57
10/28/16,13.55
10/29/16,13.55
10/30/16,13.55
10/31/16,13.53
11/1/16,13.46
11/2/16,13.43
11/3/16,13.39
11/4/16,13.39
11/5/16,13.39
11/6/16,13.39
11/7/16,13.58
11/8/16,13.61
11/9/16,13.69
11/10/16,13.72
11/11/16,13.74
11/12/16,13.74
11/13/16,13.74
11/14/16,13.72
11/15/16,13.75
11/16/16,13.76
11/17/16,13.82
11/18/16,13.78
11/19/16,13.78
11/20/16,13.78
11/21/16,13.83
11/22/16,13.88
11/23/16,13.88
11/24/16,13.88
11/25/16,13.91
11/26/16,13.91
11/27/16,13.91
11/28/16,13.86
11/29/16,13.9
11/30/16,13.85
12/1/16,13.85
12/2/16,13.84
12/3/16,13.84
12/4/16,13.84
12/5/16,13.9
12/6/16,13.9
12/7/16,14.04
12/8/16,14.06
12/9/16,14.12
12/10/16,14.12
12/11/16,14.12
12/12/16,14.09
12/13/16,14.13
12/14/16,14.06
12/15/16,14.08
12/16/16,14.07
12/17/16,14.07
12/18/16,14.07
12/19/16,14.11
12/20/16,14.15
12/21/16,14.12
12/22/16,14.08
12/23/16,14.09
12/24/16,14.09
12/25/16,14.09
12/26/16,14.09
12/27/16,14.09
12/28/16,14.02
12/29/16,14.02
12/30/16,13.98
12/31/16,13.98
1/1/17,13.98
1/2/17,13.98
1/3/17,14.06
1/4/17,14.16
1/5/17,14.19
1/6/17,14.23
1/7/17,14.23
1/8/17,14.23
1/9/17,14.21
1/10/17,14.22
1/11/17,14.23
1/12/17,14.21
1/13/17,14.23
1/14/17,14.23
1/15/17,14.23
1/16/17,14.23
1/17/17,14.22
1/18/17,14.22
1/19/17,14.23
1/20/17,14.24
1/21/17,14.24
1/22/17,14.24
1/23/17,14.25
1/24/17,14.31
1/25/17,14.38
1/26/17,14.37
1/27/17,14.39
1/28/17,14.39
1/29/17,14.39
1/30/17,14.33
1/31/17,14.31
2/1/17,14.31
2/2/17,14.29
2/3/17,14.37
2/4/17,14.37
2/5/17,14.37
2/6/17,14.39
2/7/17,14.39
2/8/17,14.4
2/9/17,14.44
2/10/17,14.48
2/11/17,14.48
2/12/17,14.48
2/13/17,14.53
2/14/17,14.58
2/15/17,14.62
2/16/17,14.63
2/17/17,14.66
2/18/17,14.66
2/19/17,14.66
2/20/17,14.66
2/21/17,14.71
2/22/17,14.71
2/23/17,14.71
2/24/17,14.74
2/25/17,14.74
2/26/17,14.74
2/27/17,14.74
2/28/17,14.71
3/1/17,14.82
3/2/17,14.76
3/3/17,14.75
3/4/17,14.75
3/5/17,14.75
3/6/17,14.72
3/7/17,14.69
3/8/17,14.68
3/9/17,14.66
3/10/17,14.69
3/11/17,14.69
3/12/17,14.69
3/13/17,14.69
3/14/17,14.66
3/15/17,14.75
3/16/17,14.73
3/17/17,14.71
3/18/17,14.71
3/19/17,14.71
3/20/17,14.7
3/21/17,14.58
3/22/17,14.58
3/23/17,14.57
3/24/17,14.56
3/25/17,14.56
3/26/17,14.56
3/27/17,14.56
3/28/17,14.62
3/29/17,14.64
3/30/17,14.65
3/31/17,14.64
4/1/17,14.64
4/2/17,14.64
4/3/17,14.62
4/4/17,14.62
4/5/17,14.58
4/6/17,14.61
4/7/17,14.59
4/8/17,14.59
4/9/17,14.59
4/10/17,14.59
4/11/17,14.6
4/12/17,14.57
4/13/17,14.52
4/14/17,14.52
4/15/17,14.52
4/16/17,14.52
4/17/17,14.61
4/18/17,14.62
4/19/17,14.62
4/20/17,14.7
4/21/17,14.69
4/22/17,14.69
4/23/17,14.69
4/24/17,14.79
4/25/17,14.82
4/26/17,14.84
4/27/17,14.88
4/28/17,14.84
4/29/17,14.84
4/30/17,14.84
5/1/17,14.84
5/2/17,14.87
5/3/17,14.85
5/4/17,14.85
5/5/17,14.89
5/6/17,14.89
5/7/17,14.89
5/8/17,14.86
5/9/17,14.86
5/10/17,14.84
5/11/17,14.82
5/12/17,14.83
5/13/17,14.83
5/14/17,14.83
5/15/17,14.85
5/16/17,14.85
5/17/17,14.69
5/18/17,14.72
5/19/17,14.78
5/20/17,14.78
5/21/17,14.78
5/22/17,14.84
5/23/17,14.89
5/24/17,14.94
5/25/17,15.02
5/26/17,15.04
5/27/17,15.04
5/28/17,15.04
5/29/17,15.04
5/30/17,15.05
5/31/17,15.07
6/1/17,15.12
6/2/17,15.19
6/3/17,15.19
6/4/17,15.19
6/5/17,15.17
6/6/17,15.15
6/7/17,15.18
6/8/17,15.19
6/9/17,15.16
6/10/17,15.16
6/11/17,15.16
6/12/17,15.14
6/13/17,15.2
6/14/17,15.22
6/15/17,15.17
6/16/17,15.14
6/17/17,15.14
6/18/17,15.14
6/19/17,15.23
6/20/17,15.17
6/21/17,15.2
6/22/17,15.18
6/23/17,15.19
6/24/17,15.19
6/25/17,15.19
6/26/17,15.2
6/27/17,15.12
6/28/17,15.22
6/29/17,15.1
6/30/17,15.14
7/1/17,15.14
7/2/17,15.14
7/3/17,15.14
7/4/17,15.14
7/5/17,15.17
7/6/17,15.08
7/7/17,15.15
7/8/17,15.15
7/9/17,15.15
7/10/17,15.16
7/11/17,15.16
7/12/17,15.25
7/13/17,15.25
7/14/17,15.3
7/15/17,15.3
7/16/17,15.3
7/17/17,15.29
7/18/17,15.31
7/19/17,15.37
7/20/17,15.38
7/21/17,15.42
7/22/17,15.42
7/23/17,15.42
7/24/17,15.39
7/25/17,15.41
7/26/17,15.45
7/27/17,15.41
7/28/17,15.39
7/29/17,15.39
7/30/17,15.39
7/31/17,15.4
8/1/17,15.41
8/2/17,15.42
8/3/17,15.42
8/4/17,15.42
8/5/17,15.42
8/6/17,15.42
8/7/17,15.45
8/8/17,15.44
8/9/17,15.4
8/10/17,15.27
8/11/17,15.3
8/12/17,15.3
8/13/17,15.3
8/14/17,15.39
8/15/17,15.39
8/16/17,15.41
8/17/17,15.27
8/18/17,15.25
8/19/17,15.25
8/20/17,15.25
8/21/17,15.26
8/22/17,15.35
8/23/17,15.32
8/24/17,15.28
8/25/17,15.29
8/26/17,15.29
8/27/17,15.29
8/28/17,15.32
8/29/17,15.35
8/30/17,15.4
8/31/17,15.46
9/1/17,15.46
9/2/17,15.46
9/3/17,15.46
9/4/17,15.46
9/5/17,15.41
9/6/17,15.44
9/7/17,15.45
9/8/17,15.44
9/9/17,15.44
9/10/17,15.44
9/11/17,15.53
9/12/17,15.56
9/13/17,15.55
9/14/17,15.55
9/15/17,15.58
9/16/17,15.58
9/17/17,15.58
9/18/17,15.58
9/19/17,15.56
9/20/17,15.54
9/21/17,15.53
9/22/17,15.56
9/23/17,15.56
9/24/17,15.56
9/25/17,15.56
9/26/17,15.58
9/27/17,15.6
9/28/17,15.62
9/29/17,15.66
9/30/17,15.66
10/1/17,15.66
10/2/17,15.69
10/3/17,15.72
10/4/17,15.73
10/5/17,15.79
10/6/17,15.76
10/7/17,15.76
10/8/17,15.76
10/9/17,15.75
10/10/17,15.76
10/11/17,15.79
10/12/17,15.79
10/13/17,15.81
10/14/17,15.81
10/15/17,15.81
10/16/17,15.8
10/17/17,15.79
10/18/17,15.79
10/19/17,15.82
10/20/17,15.88
10/21/17,15.88
10/22/17,15.88
10/23/17,15.84
10/24/17,15.86
10/25/17,15.81
10/26/17,15.86
10/27/17,15.94
10/28/17,15.94
10/29/17,15.94
10/30/17,15.93
10/31/17,15.92
11/1/17,15.94
11/2/17,15.97
11/3/17,16.02
11/4/17,16.02
11/5/17,16.02
11/6/17,16.01
11/7/17,16.0
11/8/17,16.01
11/9/17,15.97
11/10/17,15.95
11/11/17,15.95
11/12/17,15.95
11/13/17,16.0
11/14/17,16.0
11/15/17,15.95
11/16/17,16.04
11/17/17,16.02
11/18/17,16.02
11/19/17,16.02
11/20/17,16.04
11/21/17,16.13
11/22/17,16.11
11/23/17,16.11
11/24/17,16.12
11/25/17,16.12
11/26/17,16.12
11/27/17,16.1
11/28/17,16.19
11/29/17,16.18
11/30/17,16.27
12/1/17,16.27
12/2/17,16.27
12/3/17,16.27
12/4/17,16.27
12/5/17,16.25
12/6/17,16.27
12/7/17,16.28
12/8/17,16.33
12/9/17,16.33
12/10/17,16.33
12/11/17,16.35
12/12/17,16.37
12/13/17,16.39
12/14/17,16.36
12/15/17,16.43
12/16/17,16.43
12/17/17,16.43
12/18/17,16.5
12/19/17,16.45
12/20/17,16.44
12/21/17,16.45
12/22/17,16.44
12/23/17,16.44
12/24/17,16.44
12/25/17,16.44
12/26/17,16.44
12/27/17,16.44
12/28/17,16.45
12/29/17,16.41
12/30/17,16.41
12/31/17,16.41
1/1/18,16.41
1/2/18,16.48
1/3/18,16.55
1/4/18,16.59
1/5/18,16.68
1/6/18,16.68
1/7/18,16.68
1/8/18,16.7
1/9/18,16.72
1/10/18,16.7
1/11/18,16.78
1/12/18,16.86
1/13/18,16.86
1/14/18,16.86
1/15/18,16.86
1/16/18,16.8
1/17/18,16.9
1/18/18,16.86
1/19/18,16.91
1/20/18,16.91
1/21/18,16.91
1/22/18,16.98
1/23/18,17.01
1/24/18,17.01
1/25/18,17.03
1/26/18,17.14
1/27/18,17.14
1/28/18,17.14
1/29/18,17.07
1/30/18,16.97
1/31/18,17.01
2/1/18,16.98
2/2/18,16.75
2/3/18,16.75
2/4/18,16.75
2/5/18,16.36
2/6/18,16.55
2/7/18,16.52
2/8/18,16.1
2/9/18,16.23
2/10/18,16.23
2/11/18,16.23
2/12/18,16.37
2/13/18,16.41
2/14/18,16.55
2/15/18,16.69
2/16/18,16.71
2/17/18,16.71
2/18/18,16.71
2/19/18,16.71
2/20/18,16.65
2/21/18,16.57
2/22/18,16.58
2/23/18,16.75
2/24/18,16.75
2/25/18,16.75
2/26/18,16.88
2/27/18,16.75
2/28/18,16.66
3/1/18,16.53
3/2/18,16.54
3/3/18,16.54
3/4/18,16.54
3/5/18,16.67
3/6/18,16.7
3/7/18,16.7
3/8/18,16.76
3/9/18,16.94
3/10/18,16.94
3/11/18,16.94
3/12/18,16.91
3/13/18,16.84
3/14/18,16.77
3/15/18,16.76
3/16/18,16.78
3/17/18,16.78
3/18/18,16.78
3/19/18,16.66
3/20/18,16.71
3/21/18,16.69
3/22/18,16.43
3/23/18,16.25
3/24/18,16.25
3/25/18,16.25
3/26/18,16.53
3/27/18,16.35
3/28/18,16.33
3/29/18,16.51
3/30/18,16.51
3/31/18,16.51
4/1/18,16.51
4/2/18,16.28
4/3/18,16.4
4/4/18,16.51
4/5/18,16.59
4/6/18,16.38
4/7/18,16.38
4/8/18,16.38
4/9/18,16.4
4/10/18,16.56
4/11/18,16.51
4/12/18,16.61
4/13/18,16.56
4/14/18,16.56
4/15/18,16.56
4/16/18,16.64
4/17/18,16.76
4/18/18,16.77
4/19/18,16.67
4/20/18,16.58
4/21/18,16.58
4/22/18,16.58
4/23/18,16.58
4/24/18,16.43
4/25/18,16.43
4/26/18,16.53
4/27/18,16.53
4/28/18,16.53
4/29/18,16.53
4/30/18,16.46
5/1/18,16.48
5/2/18,16.41
5/3/18,16.42
5/4/18,16.55
5/5/18,16.55
5/6/18,16.55
5/7/18,16.59
5/8/18,16.59
5/9/18,16.7
5/10/18,16.79
5/11/18,16.82
5/12/18,16.82
5/13/18,16.82
5/14/18,16.82
5/15/18,16.74
5/16/18,16.8
5/17/18,16.8
5/18/18,16.8
5/19/18,16.8
5/20/18,16.8
5/21/18,16.88
5/22/18,16.84
5/23/18,16.89
5/24/18,16.9
5/25/18,16.89
5/26/18,16.89
5/27/18,16.89
5/28/18,16.89
5/29/18,16.78
5/30/18,16.92
5/31/18,16.85
6/1/18,16.99
6/2/18,16.99
6/3/18,16.99
6/4/18,17.03
6/5/18,17.04
6/6/18,17.14
6/7/18,17.14
6/8/18,17.18
6/9/18,17.18
6/10/18,17.18
6/11/18,17.17
6/12/18,17.18
6/13/18,17.14
6/14/18,17.17
6/15/18,17.16
6/16/18,17.16
6/17/18,17.16
6/18/18,17.13
6/19/18,17.05
6/20/18,17.04
6/21/18,16.98
6/22/18,17.01
6/23/18,17.01
6/24/18,17.01
6/25/18,16.85
6/26/18,16.86
6/27/18,16.77
6/28/18,16.84
6/29/18,16.85
6/30/18,16.85
7/1/18,16.85
7/2/18,16.87
7/3/18,16.83
7/4/18,16.83
7/5/18,16.92
7/6/18,17.0
7/7/18,17.0
7/8/18,17.0
7/9/18,17.1
7/10/18,17.12
7/11/18,17.05
7/12/18,17.14
7/13/18,17.18
7/14/18,17.18
7/15/18,17.18
7/16/18,17.14
7/17/18,17.2
7/18/18,17.24
7/19/18,17.21
7/20/18,17.2
7/21/18,17.2
7/22/18,17.2
7/23/18,17.22
7/24/18,17.26
7/25/18,17.37
7/26/18,17.35
7/27/18,17.27
7/28/18,17.27
7/29/18,17.27
7/30/18,17.18
7/31/18,17.24
8/1/18,17.21
8/2/18,17.25
8/3/18,17.31
8/4/18,17.31
8/5/18,17.31
8/6/18,17.33
8/7/18,17.35
8/8/18,17.36
8/9/18,17.35
8/10/18,17.3
8/11/18,17.3
8/12/18,17.3
8/13/18,17.26
8/14/18,17.34
8/15/18,17.27
8/16/18,17.36
8/17/18,17.4
8/18/18,17.4
8/19/18,17.4
8/20/18,17.47
8/21/18,17.47
8/22/18,17.47
8/23/18,17.46
8/24/18,17.53
8/25/18,17.53
8/26/18,17.53
8/27/18,17.61
8/28/18,17.6
8/29/18,17.64
8/30/18,17.61
8/31/18,17.62
9/1/18,17.62
9/2/18,17.62
9/3/18,17.62
9/4/18,17.59
9/5/18,17.55
9/6/18,17.55
9/7/18,17.51
9/8/18,17.51
9/9/18,17.51
9/10/18,17.53
9/11/18,17.53
9/12/18,17.55
9/13/18,17.59
9/14/18,17.59
9/15/18,17.59
9/16/18,17.59
9/17/18,17.53
9/18/18,17.58
9/19/18,17.58
9/20/18,17.66
9/21/18,17.61
9/22/18,17.61
9/23/18,17.61
9/24/18,17.54
9/25/18,17.52
9/26/18,17.51
9/27/18,17.53
9/28/18,17.57
9/29/18,17.57
9/30/18,17.57
10/1/18,17.62
10/2/18,17.64
10/3/18,17.63
10/4/18,17.52
10/5/18,17.44
10/6/18,17.44
10/7/18,17.44
10/8/18,17.42
10/9/18,17.4
10/10/18,17.06
10/11/18,16.88
10/12/18,17.02
10/13/18,17.02
10/14/18,17.02
10/15/18,16.97
10/16/18,17.2
10/17/18,17.18
10/18/18,17.01
10/19/18,17.01
10/20/18,17.01
10/21/18,17.01
10/22/18,16.97
10/23/18,16.93
10/24/18,16.65
10/25/18,16.83
10/26/18,16.7
10/27/18,16.7
10/28/18,16.7
10/29/18,16.63
10/30/18,16.78
10/31/18,16.87
11/1/18,16.97
11/2/18,16.84
11/3/18,16.84
11/4/18,16.84
11/5/18,16.91
11/6/18,16.97
11/7/18,17.2
11/8/18,17.18
11/9/18,17.11
11/10/18,17.11
11/11/18,17.11
11/12/18,16.94
11/13/18,16.9
11/14/18,16.85
11/15/18,16.93
11/16/18,16.98
11/17/18,16.98
11/18/18,16.98
11/19/18,16.8
11/20/18,16.62
11/21/18,16.66
11/22/18,16.66
11/23/18,16.59
11/24/18,16.59
11/25/18,16.59
11/26/18,16.73
11/27/18,16.76
11/28/18,16.99
11/29/18,16.99
11/30/18,17.08
12/1/18,17.08
12/2/18,17.08
12/3/18,17.19
12/4/18,16.83
12/5/18,16.83
12/6/18,16.85
12/7/18,16.63
12/8/18,16.63
12/9/18,16.63
12/10/18,16.66
12/11/18,16.65
12/12/18,16.7
12/13/18,16.67
12/14/18,16.48
12/15/18,16.48
12/16/18,16.48
12/17/18,16.31
12/18/18,16.34
12/19/18,16.24
12/20/18,16.07
12/21/18,15.9
12/22/18,15.9
12/23/18,15.9
12/24/18,15.71
12/25/18,15.71
12/26/18,15.71
12/27/18,16.18
12/28/18,16.2
12/29/18,16.2
12/30/18,16.2
12/31/18,16.29
1/1/19,16.29
1/2/19,16.3
1/3/19,16.07
1/4/19,16.37
1/5/19,16.37
1/6/19,16.37
1/7/19,16.4
1/8/19,16.49
1/9/19,16.54
1/10/19,16.56
1/11/19,16.58
1/12/19,16.58
1/13/19,16.58
1/14/19,16.53
1/15/19,16.61
1/16/19,16.64
1/17/19,16.71
1/18/19,16.84
1/19/19,16.84
1/20/19,16.84
1/21/19,16.84
1/22/19,16.71
1/23/19,16.73
1/24/19,16.76
1/25/19,16.81
1/26/19,16.81
1/27/19,16.81
1/28/19,16.76
1/29/19,16.76
1/30/19,16.92
1/31/19,17.01
2/1/19,17.01
2/2/19,17.01
2/3/19,17.01
2/4/19,17.09
2/5/19,17.16
2/6/19,17.14
2/7/19,17.06
2/8/19,17.08
2/9/19,17.08
2/10/19,17.08
2/11/19,17.06
2/12/19,17.19
2/13/19,17.23
2/14/19,17.22
2/15/19,17.34
2/16/19,17.34
2/17/19,17.34
2/18/19,17.34
2/19/19,17.34
2/20/19,17.37
2/21/19,17.32
2/22/19,17.43
2/23/19,17.43
2/24/19,17.43
2/25/19,17.42
2/26/19,17.43
2/27/19,17.42
2/28/19,17.41
3/1/19,17.46
3/2/19,17.46
3/3/19,17.46
3/4/19,17.42
3/5/19,17.42
3/6/19,17.38
3/7/19,17.31
3/8/19,17.31
3/9/19,17.31
3/10/19,17.31
3/11/19,17.42
3/12/19,17.44
3/13/19,17.51
3/14/19,17.49
3/15/19,17.57
3/16/19,17.57
3/17/19,17.57
3/18/19,17.59
3/19/19,17.58
3/20/19,17.55
3/21/19,17.66
3/22/19,17.48
3/23/19,17.48
3/24/19,17.48
3/25/19,17.48
3/26/19,17.55
3/27/19,17.51
3/28/19,17.57
3/29/19,17.64
3/30/19,17.64
3/31/19,17.64
4/1/19,17.74
4/2/19,17.74
4/3/19,17.75
4/4/19,17.79
4/5/19,17.82
4/6/19,17.82
4/7/19,17.82
4/8/19,17.81
4/9/19,17.73
4/10/19,17.77
4/11/19,17.78
4/12/19,17.89
4/13/19,17.89
4/14/19,17.89
4/15/19,17.88
4/16/19,17.89
4/17/19,17.9
4/18/19,17.93
4/19/19,17.93
4/20/19,17.93
4/21/19,17.93
4/22/19,17.92
4/23/19,18.02
4/24/19,18.02
4/25/19,18.03
4/26/19,18.08
4/27/19,18.08
4/28/19,18.08
4/29/19,18.09
4/30/19,18.09
5/1/19,18.0
5/2/19,17.94
5/3/19,18.06
5/4/19,18.06
5/5/19,18.06
5/6/19,18.03
5/7/19,17.87
5/8/19,17.84
5/9/19,17.82
5/10/19,17.86
5/11/19,17.86
5/12/19,17.86
5/13/19,17.6
5/14/19,17.69
5/15/19,17.76
5/16/19,17.86
5/17/19,17.8
5/18/19,17.8
5/19/19,17.8
5/20/19,17.72
5/21/19,17.81
5/22/19,17.8
5/23/19,17.7
5/24/19,17.71
5/25/19,17.71
5/26/19,17.71
5/27/19,17.71
5/28/19,17.63
5/29/19,17.57
5/30/19,17.61
5/31/19,17.48
6/1/19,17.48
6/2/19,17.48
6/3/19,17.44
6/4/19,17.68
6/5/19,17.76
6/6/19,17.82
6/7/19,17.97
6/8/19,17.97
6/9/19,17.97
6/10/19,18.02
6/11/19,18.0
6/12/19,17.96
6/13/19,18.01
6/14/19,17.98
6/15/19,17.98
6/16/19,17.98
6/17/19,18.0
6/18/19,18.14
6/19/19,18.16
6/20/19,18.25
6/21/19,18.2
6/22/19,18.2
6/23/19,18.2
6/24/19,18.18
6/25/19,18.06
6/26/19,18.03
6/27/19,18.1
6/28/19,18.14
6/29/19,18.14
6/30/19,18.14
7/1/19,18.24
7/2/19,18.26
7/3/19,18.35
7/4/19,18.35
7/5/19,18.29
7/6/19,18.29
7/7/19,18.29
7/8/19,18.25
7/9/19,18.27
7/10/19,18.33
7/11/19,18.37
7/12/19,18.46
7/13/19,18.46
7/14/19,18.46
7/15/19,18.48
7/16/19,18.42
7/17/19,18.37
7/18/19,18.42
7/19/19,18.34
7/20/19,18.34
7/21/19,18.34
7/22/19,18.39
7/23/19,18.47
7/24/19,18.53
7/25/19,18.47
7/26/19,18.58
7/27/19,18.58
7/28/19,18.58
7/29/19,18.57
7/30/19,18.53
7/31/19,18.41
8/1/19,18.37
8/2/19,18.31
8/3/19,18.31
8/4/19,18.31
8/5/19,18.03
8/6/19,18.18
8/7/19,18.2
8/8/19,18.41
8/9/19,18.35
8/10/19,18.35
8/11/19,18.35
8/12/19,18.23
8/13/19,18.4
8/14/19,18.09
8/15/19,18.14
8/16/19,18.31
8/17/19,18.31
8/18/19,18.31
8/19/19,18.44
8/20/19,18.37
8/21/19,18.48
8/22/19,18.47
8/23/19,18.2
8/24/19,18.2
8/25/19,18.2
8/26/19,18.33
8/27/19,18.33
8/28/19,18.42
8/29/19,18.56
8/30/19,18.56
8/31/19,18.56
9/1/19,18.56
9/2/19,18.56
9/3/19,18.47
9/4/19,18.6
9/5/19,18.73
9/6/19,18.76
9/7/19,18.76
9/8/19,18.76
9/9/19,18.7
9/10/19,18.65
9/11/19,18.71
9/12/19,18.72
9/13/19,18.66
9/14/19,18.66
9/15/19,18.66
9/16/19,18.63
9/17/19,18.68
9/18/19,18.72
9/19/19,18.72
9/20/19,18.68
9/21/19,18.68
9/22/19,18.68
9/23/19,18.69
9/24/19,18.63
9/25/19,18.66
9/26/19,18.66
9/27/19,18.6
9/28/19,18.6
9/29/19,18.6
9/30/19,18.66
10/1/19,18.49
10/2/19,18.27
10/3/19,18.37
10/4/19,18.54
10/5/19,18.54
10/6/19,18.54
10/7/19,18.49
10/8/19,18.32
10/9/19,18.44
10/10/19,18.46
10/11/19,18.57
10/12/19,18.57
10/13/19,18.57
10/14/19,18.57
10/15/19,18.66
10/16/19,18.64
10/17/19,18.67
10/18/19,18.6
10/19/19,18.6
10/20/19,18.6
10/21/19,18.66
10/22/19,18.58
10/23/19,18.59
10/24/19,18.63
10/25/19,18.69
10/26/19,18.69
10/27/19,18.69
10/28/19,18.75
10/29/19,18.75
10/30/19,18.83
10/31/19,18.78
11/1/19,18.88
11/2/19,18.88
11/3/19,18.88
11/4/19,18.9
11/5/19,18.87
11/6/19,18.88
11/7/19,18.92
11/8/19,18.94
11/9/19,18.94
11/10/19,18.94
11/11/19,18.94
11/12/19,18.97
11/13/19,19.0
11/14/19,19.05
11/15/19,19.13
11/16/19,19.13
11/17/19,19.13
11/18/19,19.13
11/19/19,19.1
11/20/19,19.06
11/21/19,19.03
11/22/19,19.07
11/23/19,19.07
11/24/19,19.07
11/25/19,19.19
11/26/19,19.27
11/27/19,19.3
11/28/19,19.3
11/29/19,19.24
11/30/19,19.24
12/1/19,19.24
12/2/19,19.11
12/3/19,19.07
12/4/19,19.13
12/5/19,19.17
12/6/19,19.26
12/7/19,19.26
12/8/19,19.26
12/9/19,19.23
12/10/19,19.2
12/11/19,19.19
12/12/19,19.27
12/13/19,19.31
12/14/19,19.31
12/15/19,19.31
12/16/19,19.33
12/17/19,19.33
12/18/19,19.32
12/19/19,19.41
12/20/19,19.46
12/21/19,19.46
12/22/19,19.46
12/23/19,19.44
12/24/19,19.45
12/25/19,19.45
12/26/19,19.45
12/27/19,19.52
12/28/19,19.52
12/29/19,19.52
12/30/19,19.45
12/31/19,19.47
1/1/20,19.47
1/2/20,19.59
1/3/20,19.5
1/4/20,19.5
1/5/20,19.5
1/6/20,19.5
1/7/20,19.48
1/8/20,19.55
1/9/20,19.63
1/10/20,19.61
1/11/20,19.61
1/12/20,19.61
1/13/20,19.7
1/14/20,19.71
1/15/20,19.73
1/16/20,19.85
1/17/20,19.89
1/18/20,19.89
1/19/20,19.89
1/20/20,19.89
1/21/20,19.88
1/22/20,19.9
1/23/20,19.92
1/24/20,19.82
1/25/20,19.82
1/26/20,19.82
1/27/20,19.63
1/28/20,19.75
1/29/20,19.78
1/30/20,19.81
1/31/20,19.59
2/1/20,19.59
2/2/20,19.59
2/3/20,19.68
2/4/20,19.86
2/5/20,19.96
2/6/20,20.02
2/7/20,19.96
2/8/20,19.96
2/9/20,19.96
2/10/20,20.07
2/11/20,20.07
2/12/20,20.17
2/13/20,20.15
2/14/20,20.19
2/15/20,20.19
2/16/20,20.19
2/17/20,20.19
2/18/20,20.15
2/19/20,20.22
2/20/20,20.2
2/21/20,20.09
2/22/20,20.09
2/23/20,20.09
2/24/20,19.68
2/25/20,19.29
2/26/20,19.24
2/27/20,18.75
2/28/20,18.71
2/29/20,18.71
3/1/20,18.71
3/2/20,19.16
3/3/20,18.88
3/4/20,19.33
3/5/20,19.01
3/6/20,18.91
3/7/20,18.91
3/8/20,20.01
3/9/20,18.08
3/10/20,18.47
3/11/20,17.87
3/12/20,16.82
3/13/20,17.58
3/14/20,17.58
3/15/20,17.58
3/16/20,16.38
3/17/20,16.67
3/18/20,16.02
3/19/20,16.0
3/20/20,15.75
3/21/20,15.75
3/22/20,15.75
3/23/20,15.62
3/24/20,16.34
3/25/20,16.52
3/26/20,17.11
3/27/20,16.89
3/28/20,16.89
3/29/20,16.89
3/30/20,17.2
3/31/20,17.09
4/1/20,16.74
4/2/20,16.9
4/3/20,16.8
4/4/20,16.8
4/5/20,16.8
4/6/20,17.38
4/7/20,17.36
4/8/20,17.63
4/9/20,17.84
4/10/20,17.84
4/11/20,17.84
4/12/20,17.84
4/13/20,17.78
4/14/20,18.09
4/15/20,17.94
4/16/20,18.05
4/17/20,18.24
4/18/20,18.24
4/19/20,18.24
4/20/20,18.08
4/21/20,17.77
4/22/20,17.99
4/23/20,17.99
4/24/20,18.11
4/25/20,18.11
4/26/20,18.11
4/27/20,18.2
4/28/20,18.15
4/29/20,18.39
4/30/20,18.28
5/1/20,18.02
5/2/20,18.02
5/3/20,18.02
5/4/20,18.03
5/5/20,18.12
5/6/20,18.03
5/7/20,18.17
5/8/20,18.28
5/9/20,18.28
5/10/20,18.28
5/11/20,18.29
5/12/20,18.12
5/13/20,17.98
5/14/20,18.12
5/15/20,18.15
5/16/20,18.15
5/17/20,18.15
5/18/20,18.41
5/19/20,18.36
5/20/20,18.54
5/21/20,18.5
5/22/20,18.53
5/23/20,18.53
5/24/20,18.53
5/25/20,18.53
5/26/20,18.64
5/27/20,18.77
5/28/20,18.76
5/29/20,18.84
5/30/20,18.84
5/31/20,18.84
6/1/20,18.87
6/2/20,18.97
6/3/20,19.09
6/4/20,19.01
6/5/20,19.28
6/6/20,19.28
6/7/20,19.28
6/8/20,19.38
6/9/20,19.34
6/10/20,19.37
6/11/20,18.73
6/12/20,18.85
6/13/20,18.85
6/14/20,18.85
6/15/20,18.92
6/16/20,19.18
6/17/20,19.17
6/18/20,19.19
6/19/20,19.14
6/20/20,19.14
6/21/20,19.14
6/22/20,19.2
6/23/20,19.27
6/24/20,19.0
6/25/20,19.14
6/26/20,18.88
6/27/20,18.88
6/28/20,18.88
6/29/20,19.02
6/30/20,19.2
7/1/20,19.26
7/2/20,19.32
7/3/20,19.32
7/4/20,19.32
7/5/20,19.32
7/6/20,19.52
7/7/20,19.41
7/8/20,19.5
7/9/20,19.48
7/10/20,19.56
7/11/20,19.56
7/12/20,19.56
7/13/20,19.45
7/14/20,19.61
7/15/20,19.71
7/16/20,19.68
7/17/20,19.74
7/18/20,19.74
7/19/20,19.74
7/20/20,19.88
7/21/20,19.88
7/22/20,19.98
7/23/20,19.81
7/24/20,19.71
7/25/20,19.71
7/26/20,19.71
7/27/20,19.78
7/28/20,19.71
7/29/20,19.85
7/30/20,19.84
7/31/20,19.91
8/1/20,19.91
8/2/20,19.91
8/3/20,20.01
8/4/20,20.07
8/5/20,20.17
8/6/20,20.27
8/7/20,20.26
8/8/20,20.26
8/9/20,20.26
8/10/20,20.27
8/11/20,20.17
8/12/20,20.34
8/13/20,20.31
8/14/20,20.28
8/15/20,20.28
8/16/20,20.28
8/17/20,20.35
8/18/20,20.41
8/19/20,20.36
8/20/20,20.43
8/21/20,20.49
8/22/20,20.49
8/23/20,20.49
8/24/20,20.58
8/25/20,20.63
8/26/20,20.79
8/27/20,20.8
8/28/20,20.9
8/29/20,20.9
8/30/20,20.9
8/31/20,20.87
9/1/20,21.0
9/2/20,21.22
9/3/20,20.74
9/4/20,20.56
9/5/20,20.56
9/6/20,20.56
9/7/20,20.56
9/8/20,20.21
9/9/20,20.5
9/10/20,20.3
9/11/20,20.3
9/12/20,20.3
9/13/20,20.3
9/14/20,20.48
9/15/20,20.56
9/16/20,20.49
9/17/20,20.39
9/18/20,20.26
9/19/20,20.26
9/20/20,20.26
9/21/20,20.13
9/22/20,20.27
9/23/20,20.0
9/24/20,20.01
9/25/20,20.2
9/26/20,20.2
9/27/20,20.2
9/28/20,20.38
9/29/20,20.35
9/30/20,20.44
10/1/20,20.52
10/2/20,20.36
10/3/20,20.36
10/4/20,20.36
10/5/20,20.54
10/6/20,20.39
10/7/20,20.61
10/8/20,20.71
10/9/20,20.85
10/10/20,20.85
10/11/20,20.85
10/12/20,21.06
10/13/20,21.03
10/14/20,20.93
10/15/20,20.88
10/16/20,20.89
10/17/20,20.89
10/18/20,20.89
10/19/20,20.66
10/20/20,20.69
10/21/20,20.66
10/22/20,20.69
10/23/20,20.72
10/24/20,20.72
10/25/20,20.72
10/26/20,20.47
10/27/20,20.47
10/28/20,20.0
10/29/20,20.12
10/30/20,19.95
10/31/20,19.95
11/1/20,19.95
11/2/20,20.09
11/3/20,20.33
11/4/20,20.8
